[2026-05-08T14:44:29Z INFO  vmp] 已加载 Elf arch=aarch64 函数符号=3315 代码段=3
[2026-05-08T14:44:29Z INFO  vmp] ISA 指纹: e23c3c40b3131aef
[2026-05-08T14:44:29Z INFO  vmp] lift fn_000fae14 @ 0xfae14  in=22 out_ir=30 skipped=1 (4%) notes=1
[2026-05-08T14:44:29Z INFO  vmp] lift fn_000fae6c @ 0xfae6c  in=5 out_ir=6 skipped=1 (20%) notes=1
[2026-05-08T14:44:29Z INFO  vmp] lift fn_000fae80 @ 0xfae80  in=7 out_ir=8 skipped=1 (14%) notes=1
[2026-05-08T14:44:29Z INFO  vmp] lift fn_000fae9c @ 0xfae9c  in=21 out_ir=36 skipped=1 (4%) notes=1
[2026-05-08T14:44:29Z INFO  vmp] lift fn_000faef0 @ 0xfaef0  in=27 out_ir=46 skipped=0 (0%) notes=0
[2026-05-08T14:44:29Z INFO  vmp] lift fn_000faf5c @ 0xfaf5c  in=22 out_ir=39 skipped=0 (0%) notes=0
[2026-05-08T14:44:29Z INFO  vmp] lift fn_000fafb4 @ 0xfafb4  in=114 out_ir=140 skipped=7 (6%) notes=7
[2026-05-08T14:44:29Z INFO  vmp] lift fn_000fb17c @ 0xfb17c  in=141 out_ir=193 skipped=7 (4%) notes=7
[2026-05-08T14:44:29Z INFO  vmp] lift fn_000fb3b0 @ 0xfb3b0  in=1097 out_ir=1490 skipped=75 (6%) notes=75
[2026-05-08T14:44:29Z INFO  vmp] lift fn_000fc4d4 @ 0xfc4d4  in=119 out_ir=169 skipped=6 (5%) notes=6
[2026-05-08T14:44:29Z INFO  vmp] lift fn_000fc6b0 @ 0xfc6b0  in=297 out_ir=420 skipped=5 (1%) notes=5
[2026-05-08T14:44:29Z INFO  vmp] lift fn_000fcb54 @ 0xfcb54  in=729 out_ir=1035 skipped=7 (0%) notes=7
[2026-05-08T14:44:29Z INFO  vmp] lift fn_000fd6b8 @ 0xfd6b8  in=81 out_ir=110 skipped=3 (3%) notes=3
[2026-05-08T14:44:29Z INFO  vmp] lift fn_000fd7fc @ 0xfd7fc  in=979 out_ir=1334 skipped=23 (2%) notes=23
[2026-05-08T14:44:29Z INFO  vmp] lift fn_000fe748 @ 0xfe748  in=5 out_ir=10 skipped=0 (0%) notes=0
[2026-05-08T14:44:29Z INFO  vmp] lift fn_000fe75c @ 0xfe75c  in=20 out_ir=25 skipped=0 (0%) notes=0
[2026-05-08T14:44:29Z INFO  vmp] lift fn_000fe7ac @ 0xfe7ac  in=12 out_ir=21 skipped=0 (0%) notes=0
[2026-05-08T14:44:29Z INFO  vmp] lift fn_000fe7dc @ 0xfe7dc  in=13 out_ir=17 skipped=0 (0%) notes=0
[2026-05-08T14:44:29Z INFO  vmp] lift fn_000fe810 @ 0xfe810  in=4 out_ir=8 skipped=0 (0%) notes=0
[2026-05-08T14:44:29Z INFO  vmp] lift fn_000fe820 @ 0xfe820  in=80 out_ir=111 skipped=3 (3%) notes=3
[2026-05-08T14:44:29Z INFO  vmp] lift fn_000fe960 @ 0xfe960  in=55 out_ir=72 skipped=3 (5%) notes=3
[2026-05-08T14:44:29Z INFO  vmp] lift fn_000fea3c @ 0xfea3c  in=109 out_ir=153 skipped=3 (2%) notes=3
[2026-05-08T14:44:29Z INFO  vmp] lift fn_000febf0 @ 0xfebf0  in=52 out_ir=69 skipped=2 (3%) notes=2
[2026-05-08T14:44:29Z INFO  vmp] lift fn_000fecc0 @ 0xfecc0  in=195 out_ir=279 skipped=15 (7%) notes=15
[2026-05-08T14:44:29Z INFO  vmp] lift fn_000fefcc @ 0xfefcc  in=91 out_ir=142 skipped=5 (5%) notes=5
[2026-05-08T14:44:29Z INFO  vmp] lift fn_000ff138 @ 0xff138  in=22 out_ir=39 skipped=0 (0%) notes=0
[2026-05-08T14:44:29Z INFO  vmp] lift fn_000ff190 @ 0xff190  in=22 out_ir=39 skipped=0 (0%) notes=0
[2026-05-08T14:44:29Z INFO  vmp] lift fn_000ff1e8 @ 0xff1e8  in=22 out_ir=39 skipped=0 (0%) notes=0
[2026-05-08T14:44:29Z INFO  vmp] lift fn_000ff240 @ 0xff240  in=264 out_ir=378 skipped=16 (6%) notes=16
[2026-05-08T14:44:29Z INFO  vmp] lift fn_000ff660 @ 0xff660  in=411 out_ir=570 skipped=15 (3%) notes=15
[2026-05-08T14:44:29Z INFO  vmp] lift fn_000ffccc @ 0xffccc  in=192 out_ir=261 skipped=16 (8%) notes=16
[2026-05-08T14:44:29Z INFO  vmp] lift fn_000fffcc @ 0xfffcc  in=41 out_ir=65 skipped=5 (12%) notes=5
[2026-05-08T14:44:29Z INFO  vmp] lift fn_00100070 @ 0x100070  in=101 out_ir=143 skipped=0 (0%) notes=0
[2026-05-08T14:44:29Z INFO  vmp] lift fn_00100204 @ 0x100204  in=546 out_ir=782 skipped=19 (3%) notes=19
[2026-05-08T14:44:29Z INFO  vmp] lift fn_00100a8c @ 0x100a8c  in=21 out_ir=37 skipped=0 (0%) notes=0
[2026-05-08T14:44:29Z INFO  vmp] lift fn_00100ae0 @ 0x100ae0  in=20 out_ir=25 skipped=0 (0%) notes=0
[2026-05-08T14:44:29Z INFO  vmp] lift fn_00100b30 @ 0x100b30  in=12 out_ir=21 skipped=0 (0%) notes=0
[2026-05-08T14:44:29Z INFO  vmp] lift fn_00100b60 @ 0x100b60  in=130 out_ir=195 skipped=17 (13%) notes=17
[2026-05-08T14:44:29Z INFO  vmp] lift fn_00100d68 @ 0x100d68  in=71 out_ir=95 skipped=6 (8%) notes=6
[2026-05-08T14:44:29Z INFO  vmp] lift fn_00100e84 @ 0x100e84  in=37 out_ir=62 skipped=5 (13%) notes=5
[2026-05-08T14:44:29Z INFO  vmp] lift fn_00100f18 @ 0x100f18  in=5 out_ir=10 skipped=0 (0%) notes=0
[2026-05-08T14:44:29Z INFO  vmp] lift fn_00100f2c @ 0x100f2c  in=183 out_ir=253 skipped=15 (8%) notes=15
[2026-05-08T14:44:29Z INFO  vmp] lift fn_00101208 @ 0x101208  in=91 out_ir=142 skipped=5 (5%) notes=5
[2026-05-08T14:44:29Z INFO  vmp] lift fn_00101374 @ 0x101374  in=180 out_ir=250 skipped=15 (8%) notes=15
[2026-05-08T14:44:29Z INFO  vmp] lift fn_00101644 @ 0x101644  in=35 out_ir=52 skipped=0 (0%) notes=0
[2026-05-08T14:44:29Z INFO  vmp] lift fn_001016d0 @ 0x1016d0  in=131 out_ir=180 skipped=3 (2%) notes=3
[2026-05-08T14:44:29Z INFO  vmp] lift fn_001018dc @ 0x1018dc  in=5 out_ir=10 skipped=0 (0%) notes=0
[2026-05-08T14:44:29Z INFO  vmp] lift fn_001018f0 @ 0x1018f0  in=183 out_ir=253 skipped=15 (8%) notes=15
[2026-05-08T14:44:29Z INFO  vmp] lift fn_00101bcc @ 0x101bcc  in=91 out_ir=142 skipped=5 (5%) notes=5
[2026-05-08T14:44:29Z INFO  vmp] lift fn_00101d38 @ 0x101d38  in=178 out_ir=248 skipped=15 (8%) notes=15
[2026-05-08T14:44:29Z INFO  vmp] lift fn_00102000 @ 0x102000  in=91 out_ir=142 skipped=5 (5%) notes=5
[2026-05-08T14:44:29Z INFO  vmp] lift fn_0010216c @ 0x10216c  in=110 out_ir=153 skipped=3 (2%) notes=3
[2026-05-08T14:44:29Z INFO  vmp] lift fn_00102324 @ 0x102324  in=192 out_ir=276 skipped=15 (7%) notes=15
[2026-05-08T14:44:29Z INFO  vmp] lift fn_00102624 @ 0x102624  in=82 out_ir=120 skipped=6 (7%) notes=6
[2026-05-08T14:44:29Z INFO  vmp] lift fn_0010276c @ 0x10276c  in=78 out_ir=111 skipped=4 (5%) notes=4
[2026-05-08T14:44:29Z INFO  vmp] lift fn_001028a4 @ 0x1028a4  in=67 out_ir=97 skipped=0 (0%) notes=0
[2026-05-08T14:44:29Z INFO  vmp] lift fn_001029b0 @ 0x1029b0  in=33 out_ir=53 skipped=0 (0%) notes=0
[2026-05-08T14:44:29Z INFO  vmp] lift fn_00102a34 @ 0x102a34  in=8 out_ir=9 skipped=0 (0%) notes=0
[2026-05-08T14:44:29Z INFO  vmp] lift fn_00102a54 @ 0x102a54  in=83 out_ir=104 skipped=2 (2%) notes=2
[2026-05-08T14:44:29Z INFO  vmp] lift fn_00102ba0 @ 0x102ba0  in=9 out_ir=17 skipped=0 (0%) notes=0
[2026-05-08T14:44:29Z INFO  vmp] lift fn_00102bc4 @ 0x102bc4  in=62 out_ir=83 skipped=9 (14%) notes=9
[2026-05-08T14:44:29Z INFO  vmp] lift fn_00102cbc @ 0x102cbc  in=59 out_ir=74 skipped=4 (6%) notes=4
[2026-05-08T14:44:29Z INFO  vmp] lift fn_00102da8 @ 0x102da8  in=223 out_ir=298 skipped=11 (4%) notes=11
[2026-05-08T14:44:29Z INFO  vmp] lift fn_00103124 @ 0x103124  in=7 out_ir=9 skipped=0 (0%) notes=0
[2026-05-08T14:44:29Z INFO  vmp] lift fn_00103140 @ 0x103140  in=8 out_ir=9 skipped=0 (0%) notes=0
[2026-05-08T14:44:29Z INFO  vmp] lift fn_00103160 @ 0x103160  in=12 out_ir=15 skipped=0 (0%) notes=0
[2026-05-08T14:44:29Z INFO  vmp] lift fn_00103190 @ 0x103190  in=103 out_ir=171 skipped=0 (0%) notes=0
[2026-05-08T14:44:29Z INFO  vmp] lift fn_0010332c @ 0x10332c  in=686 out_ir=1166 skipped=14 (2%) notes=14
[2026-05-08T14:44:29Z INFO  vmp] lift fn_00103de4 @ 0x103de4  in=51 out_ir=76 skipped=0 (0%) notes=0
[2026-05-08T14:44:29Z INFO  vmp] lift fn_00103eb0 @ 0x103eb0  in=41 out_ir=69 skipped=2 (4%) notes=2
[2026-05-08T14:44:29Z INFO  vmp] lift fn_00103f54 @ 0x103f54  in=100 out_ir=175 skipped=8 (8%) notes=8
[2026-05-08T14:44:29Z INFO  vmp] lift fn_001040e4 @ 0x1040e4  in=218 out_ir=332 skipped=7 (3%) notes=7
[2026-05-08T14:44:29Z INFO  vmp] lift fn_0010444c @ 0x10444c  in=3 out_ir=3 skipped=0 (0%) notes=0
[2026-05-08T14:44:29Z INFO  vmp] lift fn_00104458 @ 0x104458  in=5 out_ir=10 skipped=0 (0%) notes=0
[2026-05-08T14:44:29Z INFO  vmp] lift fn_0010446c @ 0x10446c  in=30 out_ir=41 skipped=0 (0%) notes=0
[2026-05-08T14:44:29Z INFO  vmp] lift fn_001044e4 @ 0x1044e4  in=85 out_ir=111 skipped=2 (2%) notes=2
[2026-05-08T14:44:29Z INFO  vmp] lift fn_00104638 @ 0x104638  in=41 out_ir=68 skipped=2 (4%) notes=2
[2026-05-08T14:44:29Z INFO  vmp] lift fn_001046dc @ 0x1046dc  in=12 out_ir=14 skipped=0 (0%) notes=0
[2026-05-08T14:44:29Z INFO  vmp] lift fn_0010470c @ 0x10470c  in=1 out_ir=1 skipped=0 (0%) notes=0
[2026-05-08T14:44:29Z INFO  vmp] lift fn_00104710 @ 0x104710  in=22 out_ir=35 skipped=0 (0%) notes=0
[2026-05-08T14:44:29Z INFO  vmp] lift fn_00104768 @ 0x104768  in=83 out_ir=102 skipped=9 (10%) notes=9
[2026-05-08T14:44:29Z INFO  vmp] lift fn_001048b4 @ 0x1048b4  in=3 out_ir=3 skipped=0 (0%) notes=0
[2026-05-08T14:44:29Z INFO  vmp] lift fn_001048c0 @ 0x1048c0  in=1 out_ir=1 skipped=0 (0%) notes=0
[2026-05-08T14:44:29Z INFO  vmp] lift fn_001048c4 @ 0x1048c4  in=13 out_ir=23 skipped=0 (0%) notes=0
[2026-05-08T14:44:29Z INFO  vmp] lift fn_001048f8 @ 0x1048f8  in=1 out_ir=1 skipped=0 (0%) notes=0
[2026-05-08T14:44:29Z INFO  vmp] lift fn_001048fc @ 0x1048fc  in=21 out_ir=30 skipped=0 (0%) notes=0
[2026-05-08T14:44:29Z INFO  vmp] lift fn_00104950 @ 0x104950  in=75 out_ir=91 skipped=9 (12%) notes=9
[2026-05-08T14:44:29Z INFO  vmp] lift fn_00104a7c @ 0x104a7c  in=25 out_ir=33 skipped=1 (4%) notes=1
[2026-05-08T14:44:29Z INFO  vmp] lift fn_00104ae0 @ 0x104ae0  in=19 out_ir=28 skipped=0 (0%) notes=0
[2026-05-08T14:44:29Z INFO  vmp] lift fn_00104b2c @ 0x104b2c  in=89 out_ir=126 skipped=4 (4%) notes=4
[2026-05-08T14:44:29Z INFO  vmp] lift fn_00104c90 @ 0x104c90  in=1 out_ir=1 skipped=0 (0%) notes=0
[2026-05-08T14:44:29Z INFO  vmp] lift fn_00104c94 @ 0x104c94  in=8 out_ir=16 skipped=0 (0%) notes=0
[2026-05-08T14:44:29Z INFO  vmp] lift fn_00104cb4 @ 0x104cb4  in=348 out_ir=447 skipped=24 (6%) notes=24
[2026-05-08T14:44:29Z INFO  vmp] lift fn_00105224 @ 0x105224  in=8 out_ir=16 skipped=0 (0%) notes=0
[2026-05-08T14:44:29Z INFO  vmp] lift fn_00105244 @ 0x105244  in=8 out_ir=16 skipped=0 (0%) notes=0
[2026-05-08T14:44:29Z INFO  vmp] lift fn_00105264 @ 0x105264  in=49 out_ir=69 skipped=5 (10%) notes=5
[2026-05-08T14:44:29Z INFO  vmp] lift fn_00105328 @ 0x105328  in=57 out_ir=81 skipped=0 (0%) notes=0
[2026-05-08T14:44:29Z INFO  vmp] lift fn_0010540c @ 0x10540c  in=184 out_ir=241 skipped=4 (2%) notes=4
[2026-05-08T14:44:29Z INFO  vmp] lift fn_001056ec @ 0x1056ec  in=9 out_ir=17 skipped=0 (0%) notes=0
[2026-05-08T14:44:29Z INFO  vmp] lift fn_00105710 @ 0x105710  in=29 out_ir=40 skipped=0 (0%) notes=0
[2026-05-08T14:44:29Z INFO  vmp] lift fn_00105784 @ 0x105784  in=412 out_ir=508 skipped=24 (5%) notes=24
[2026-05-08T14:44:29Z INFO  vmp] lift fn_00105df4 @ 0x105df4  in=54 out_ir=63 skipped=0 (0%) notes=0
[2026-05-08T14:44:29Z INFO  vmp] lift fn_00105ecc @ 0x105ecc  in=35 out_ir=54 skipped=0 (0%) notes=0
[2026-05-08T14:44:29Z INFO  vmp] lift fn_00105f58 @ 0x105f58  in=35 out_ir=50 skipped=0 (0%) notes=0
[2026-05-08T14:44:29Z INFO  vmp] lift fn_00105fe4 @ 0x105fe4  in=4 out_ir=4 skipped=0 (0%) notes=0
[2026-05-08T14:44:29Z INFO  vmp] lift fn_00105ff4 @ 0x105ff4  in=948 out_ir=1112 skipped=0 (0%) notes=0
[2026-05-08T14:44:29Z INFO  vmp] lift fn_00106ec4 @ 0x106ec4  in=42 out_ir=56 skipped=0 (0%) notes=0
[2026-05-08T14:44:29Z INFO  vmp] lift fn_00106f6c @ 0x106f6c  in=12 out_ir=19 skipped=0 (0%) notes=0
[2026-05-08T14:44:29Z INFO  vmp] lift fn_00106f9c @ 0x106f9c  in=13 out_ir=20 skipped=0 (0%) notes=0
[2026-05-08T14:44:29Z INFO  vmp] lift fn_00106fd0 @ 0x106fd0  in=33 out_ir=43 skipped=1 (3%) notes=1
[2026-05-08T14:44:29Z INFO  vmp] lift fn_00107054 @ 0x107054  in=57 out_ir=90 skipped=0 (0%) notes=0
[2026-05-08T14:44:29Z INFO  vmp] lift fn_00107138 @ 0x107138  in=88 out_ir=116 skipped=3 (3%) notes=3
[2026-05-08T14:44:29Z INFO  vmp] lift fn_00107298 @ 0x107298  in=5 out_ir=10 skipped=0 (0%) notes=0
[2026-05-08T14:44:29Z INFO  vmp] lift fn_001072ac @ 0x1072ac  in=1 out_ir=1 skipped=0 (0%) notes=0
[2026-05-08T14:44:29Z INFO  vmp] lift fn_001072b0 @ 0x1072b0  in=2 out_ir=2 skipped=0 (0%) notes=0
[2026-05-08T14:44:29Z INFO  vmp] lift fn_001072b8 @ 0x1072b8  in=15 out_ir=23 skipped=2 (13%) notes=2
[2026-05-08T14:44:29Z INFO  vmp] lift fn_001072f4 @ 0x1072f4  in=7 out_ir=8 skipped=2 (28%) notes=2
[2026-05-08T14:44:29Z INFO  vmp] lift fn_00107310 @ 0x107310  in=1 out_ir=1 skipped=0 (0%) notes=0
[2026-05-08T14:44:29Z INFO  vmp] lift fn_00107314 @ 0x107314  in=2 out_ir=2 skipped=0 (0%) notes=0
[2026-05-08T14:44:29Z INFO  vmp] lift fn_0010731c @ 0x10731c  in=9 out_ir=11 skipped=0 (0%) notes=0
[2026-05-08T14:44:29Z INFO  vmp] lift fn_00107340 @ 0x107340  in=193 out_ir=262 skipped=16 (8%) notes=16
[2026-05-08T14:44:29Z INFO  vmp] lift fn_00107644 @ 0x107644  in=8 out_ir=16 skipped=0 (0%) notes=0
[2026-05-08T14:44:29Z INFO  vmp] lift fn_00107664 @ 0x107664  in=8 out_ir=16 skipped=0 (0%) notes=0
[2026-05-08T14:44:29Z INFO  vmp] lift fn_00107684 @ 0x107684  in=92 out_ir=131 skipped=4 (4%) notes=4
[2026-05-08T14:44:29Z INFO  vmp] lift fn_001077f4 @ 0x1077f4  in=8 out_ir=16 skipped=0 (0%) notes=0
[2026-05-08T14:44:29Z INFO  vmp] lift fn_00107814 @ 0x107814  in=14 out_ir=21 skipped=0 (0%) notes=0
[2026-05-08T14:44:29Z INFO  vmp] lift fn_0010784c @ 0x10784c  in=6 out_ir=13 skipped=0 (0%) notes=0
[2026-05-08T14:44:29Z INFO  vmp] lift fn_00107864 @ 0x107864  in=62 out_ir=84 skipped=8 (12%) notes=8
[2026-05-08T14:44:29Z INFO  vmp] lift fn_0010795c @ 0x10795c  in=103 out_ir=132 skipped=27 (26%) notes=27
[2026-05-08T14:44:29Z INFO  vmp] lift fn_00107af8 @ 0x107af8  in=122 out_ir=123 skipped=75 (61%) notes=75
[2026-05-08T14:44:29Z INFO  vmp] lift fn_00107ce0 @ 0x107ce0  in=68 out_ir=94 skipped=10 (14%) notes=10
[2026-05-08T14:44:29Z INFO  vmp] lift fn_00107df0 @ 0x107df0  in=86 out_ir=127 skipped=13 (15%) notes=13
[2026-05-08T14:44:29Z INFO  vmp] lift fn_00107f48 @ 0x107f48  in=16 out_ir=30 skipped=1 (6%) notes=1
[2026-05-08T14:44:29Z INFO  vmp] lift fn_00107f88 @ 0x107f88  in=12 out_ir=20 skipped=0 (0%) notes=0
[2026-05-08T14:44:29Z INFO  vmp] lift fn_00107fb8 @ 0x107fb8  in=37 out_ir=40 skipped=10 (27%) notes=10
[2026-05-08T14:44:29Z INFO  vmp] lift fn_0010804c @ 0x10804c  in=26 out_ir=31 skipped=6 (23%) notes=6
[2026-05-08T14:44:29Z INFO  vmp] lift fn_001080b4 @ 0x1080b4  in=98 out_ir=102 skipped=11 (11%) notes=11
[2026-05-08T14:44:29Z INFO  vmp] lift fn_0010823c @ 0x10823c  in=15 out_ir=25 skipped=0 (0%) notes=0
[2026-05-08T14:44:29Z INFO  vmp] lift fn_00108278 @ 0x108278  in=5 out_ir=5 skipped=0 (0%) notes=0
[2026-05-08T14:44:29Z INFO  vmp] lift fn_0010828c @ 0x10828c  in=16 out_ir=25 skipped=0 (0%) notes=0
[2026-05-08T14:44:29Z INFO  vmp] lift fn_001082cc @ 0x1082cc  in=5 out_ir=5 skipped=0 (0%) notes=0
[2026-05-08T14:44:29Z INFO  vmp] lift fn_001082e0 @ 0x1082e0  in=9 out_ir=11 skipped=1 (11%) notes=1
[2026-05-08T14:44:29Z INFO  vmp] lift fn_00108304 @ 0x108304  in=48 out_ir=74 skipped=1 (2%) notes=1
[2026-05-08T14:44:29Z INFO  vmp] lift fn_001083c4 @ 0x1083c4  in=8 out_ir=13 skipped=0 (0%) notes=0
[2026-05-08T14:44:29Z INFO  vmp] lift fn_001083e4 @ 0x1083e4  in=46 out_ir=79 skipped=3 (6%) notes=3
[2026-05-08T14:44:29Z INFO  vmp] lift fn_0010849c @ 0x10849c  in=37 out_ir=64 skipped=2 (5%) notes=2
[2026-05-08T14:44:29Z INFO  vmp] lift fn_00108530 @ 0x108530  in=120 out_ir=191 skipped=5 (4%) notes=5
[2026-05-08T14:44:29Z INFO  vmp] lift fn_00108710 @ 0x108710  in=15 out_ir=21 skipped=1 (6%) notes=1
[2026-05-08T14:44:29Z INFO  vmp] lift fn_0010874c @ 0x10874c  in=59 out_ir=93 skipped=1 (1%) notes=1
[2026-05-08T14:44:29Z INFO  vmp] lift fn_00108838 @ 0x108838  in=76 out_ir=105 skipped=0 (0%) notes=0
[2026-05-08T14:44:29Z INFO  vmp] lift fn_00108968 @ 0x108968  in=52 out_ir=76 skipped=6 (11%) notes=6
[2026-05-08T14:44:29Z INFO  vmp] lift fn_00108a38 @ 0x108a38  in=20 out_ir=26 skipped=1 (5%) notes=1
[2026-05-08T14:44:29Z INFO  vmp] lift fn_00108a88 @ 0x108a88  in=7 out_ir=10 skipped=1 (14%) notes=1
[2026-05-08T14:44:29Z INFO  vmp] lift fn_00108aa4 @ 0x108aa4  in=39 out_ir=50 skipped=2 (5%) notes=2
[2026-05-08T14:44:29Z INFO  vmp] lift fn_00108b40 @ 0x108b40  in=29 out_ir=44 skipped=0 (0%) notes=0
[2026-05-08T14:44:29Z INFO  vmp] lift fn_00108bb4 @ 0x108bb4  in=35 out_ir=39 skipped=19 (54%) notes=19
[2026-05-08T14:44:29Z INFO  vmp] lift fn_00108c40 @ 0x108c40  in=38 out_ir=41 skipped=21 (55%) notes=21
[2026-05-08T14:44:29Z INFO  vmp] lift fn_00108cd8 @ 0x108cd8  in=32 out_ir=40 skipped=11 (34%) notes=11
[2026-05-08T14:44:29Z INFO  vmp] lift fn_00108d58 @ 0x108d58  in=61 out_ir=76 skipped=8 (13%) notes=8
[2026-05-08T14:44:29Z INFO  vmp] lift fn_00108e4c @ 0x108e4c  in=13 out_ir=19 skipped=1 (7%) notes=1
[2026-05-08T14:44:29Z INFO  vmp] lift fn_00108e80 @ 0x108e80  in=9 out_ir=11 skipped=0 (0%) notes=0
[2026-05-08T14:44:29Z INFO  vmp] lift fn_00108ea4 @ 0x108ea4  in=6 out_ir=6 skipped=2 (33%) notes=2
[2026-05-08T14:44:29Z INFO  vmp] lift fn_00108ebc @ 0x108ebc  in=21 out_ir=28 skipped=1 (4%) notes=1
[2026-05-08T14:44:29Z INFO  vmp] lift fn_00108f10 @ 0x108f10  in=23 out_ir=33 skipped=2 (8%) notes=2
[2026-05-08T14:44:29Z INFO  vmp] lift fn_00108f6c @ 0x108f6c  in=86 out_ir=123 skipped=2 (2%) notes=2
[2026-05-08T14:44:29Z INFO  vmp] lift fn_001090c4 @ 0x1090c4  in=86 out_ir=123 skipped=2 (2%) notes=2
[2026-05-08T14:44:29Z INFO  vmp] lift fn_0010921c @ 0x10921c  in=85 out_ir=121 skipped=2 (2%) notes=2
[2026-05-08T14:44:29Z INFO  vmp] lift fn_00109370 @ 0x109370  in=2 out_ir=3 skipped=0 (0%) notes=0
[2026-05-08T14:44:29Z INFO  vmp] lift fn_00109378 @ 0x109378  in=85 out_ir=121 skipped=2 (2%) notes=2
[2026-05-08T14:44:29Z INFO  vmp] lift fn_001094cc @ 0x1094cc  in=20 out_ir=32 skipped=0 (0%) notes=0
[2026-05-08T14:44:29Z INFO  vmp] lift fn_0010951c @ 0x10951c  in=102 out_ir=139 skipped=2 (1%) notes=2
[2026-05-08T14:44:29Z INFO  vmp] lift fn_001096b4 @ 0x1096b4  in=12 out_ir=20 skipped=0 (0%) notes=0
[2026-05-08T14:44:29Z INFO  vmp] lift fn_001096e4 @ 0x1096e4  in=27 out_ir=40 skipped=0 (0%) notes=0
[2026-05-08T14:44:29Z INFO  vmp] lift fn_00109750 @ 0x109750  in=7 out_ir=8 skipped=0 (0%) notes=0
[2026-05-08T14:44:29Z INFO  vmp] lift fn_0010976c @ 0x10976c  in=132 out_ir=183 skipped=2 (1%) notes=2
[2026-05-08T14:44:29Z INFO  vmp] lift fn_0010997c @ 0x10997c  in=139 out_ir=207 skipped=11 (7%) notes=11
[2026-05-08T14:44:29Z INFO  vmp] lift fn_00109ba8 @ 0x109ba8  in=71 out_ir=111 skipped=4 (5%) notes=4
[2026-05-08T14:44:29Z INFO  vmp] lift fn_00109cc4 @ 0x109cc4  in=37 out_ir=65 skipped=2 (5%) notes=2
[2026-05-08T14:44:29Z INFO  vmp] lift fn_00109d58 @ 0x109d58  in=94 out_ir=136 skipped=6 (6%) notes=6
[2026-05-08T14:44:29Z INFO  vmp] lift fn_00109ed0 @ 0x109ed0  in=5 out_ir=6 skipped=1 (20%) notes=1
[2026-05-08T14:44:29Z INFO  vmp] lift fn_00109ee4 @ 0x109ee4  in=37 out_ir=57 skipped=1 (2%) notes=1
[2026-05-08T14:44:29Z INFO  vmp] lift fn_00109f78 @ 0x109f78  in=36 out_ir=56 skipped=1 (2%) notes=1
[2026-05-08T14:44:29Z INFO  vmp] lift fn_0010a008 @ 0x10a008  in=144 out_ir=205 skipped=10 (6%) notes=10
[2026-05-08T14:44:29Z INFO  vmp] lift fn_0010a248 @ 0x10a248  in=3 out_ir=3 skipped=0 (0%) notes=0
[2026-05-08T14:44:29Z INFO  vmp] lift fn_0010a254 @ 0x10a254  in=61 out_ir=82 skipped=4 (6%) notes=4
[2026-05-08T14:44:29Z INFO  vmp] lift fn_0010a348 @ 0x10a348  in=58 out_ir=94 skipped=2 (3%) notes=2
[2026-05-08T14:44:29Z INFO  vmp] lift fn_0010a430 @ 0x10a430  in=58 out_ir=94 skipped=2 (3%) notes=2
[2026-05-08T14:44:29Z INFO  vmp] lift fn_0010a518 @ 0x10a518  in=545 out_ir=750 skipped=37 (6%) notes=37
[2026-05-08T14:44:29Z INFO  vmp] lift fn_0010ad9c @ 0x10ad9c  in=15 out_ir=15 skipped=2 (13%) notes=2
[2026-05-08T14:44:29Z INFO  vmp] lift fn_0010add8 @ 0x10add8  in=4 out_ir=5 skipped=0 (0%) notes=0
[2026-05-08T14:44:29Z INFO  vmp] lift fn_0010ade8 @ 0x10ade8  in=46 out_ir=50 skipped=20 (43%) notes=20
[2026-05-08T14:44:29Z INFO  vmp] lift fn_0010aea0 @ 0x10aea0  in=43 out_ir=46 skipped=20 (46%) notes=20
[2026-05-08T14:44:29Z INFO  vmp] lift fn_0010af4c @ 0x10af4c  in=5 out_ir=8 skipped=0 (0%) notes=0
[2026-05-08T14:44:29Z INFO  vmp] lift fn_0010af60 @ 0x10af60  in=13 out_ir=16 skipped=2 (15%) notes=2
[2026-05-08T14:44:29Z INFO  vmp] lift fn_0010af94 @ 0x10af94  in=95 out_ir=140 skipped=20 (21%) notes=20
[2026-05-08T14:44:29Z INFO  vmp] lift fn_0010b110 @ 0x10b110  in=86 out_ir=126 skipped=11 (12%) notes=11
[2026-05-08T14:44:29Z INFO  vmp] lift fn_0010b268 @ 0x10b268  in=38 out_ir=61 skipped=3 (7%) notes=3
[2026-05-08T14:44:29Z INFO  vmp] lift fn_0010b300 @ 0x10b300  in=15 out_ir=23 skipped=0 (0%) notes=0
[2026-05-08T14:44:29Z INFO  vmp] lift fn_0010b33c @ 0x10b33c  in=87 out_ir=144 skipped=4 (4%) notes=4
[2026-05-08T14:44:29Z INFO  vmp] lift fn_0010b498 @ 0x10b498  in=87 out_ir=144 skipped=4 (4%) notes=4
[2026-05-08T14:44:29Z INFO  vmp] lift fn_0010b5f4 @ 0x10b5f4  in=84 out_ir=142 skipped=2 (2%) notes=2
[2026-05-08T14:44:29Z INFO  vmp] lift fn_0010b744 @ 0x10b744  in=88 out_ir=147 skipped=3 (3%) notes=3
[2026-05-08T14:44:29Z INFO  vmp] lift fn_0010b8a4 @ 0x10b8a4  in=54 out_ir=91 skipped=1 (1%) notes=1
[2026-05-08T14:44:29Z INFO  vmp] lift fn_0010b97c @ 0x10b97c  in=10 out_ir=17 skipped=0 (0%) notes=0
[2026-05-08T14:44:29Z INFO  vmp] lift fn_0010b9a4 @ 0x10b9a4  in=18 out_ir=26 skipped=1 (5%) notes=1
[2026-05-08T14:44:29Z INFO  vmp] lift fn_0010b9ec @ 0x10b9ec  in=113 out_ir=144 skipped=23 (20%) notes=23
[2026-05-08T14:44:29Z INFO  vmp] lift fn_0010bbb0 @ 0x10bbb0  in=129 out_ir=184 skipped=3 (2%) notes=3
[2026-05-08T14:44:29Z INFO  vmp] lift fn_0010bdb4 @ 0x10bdb4  in=94 out_ir=115 skipped=21 (22%) notes=21
[2026-05-08T14:44:29Z INFO  vmp] lift fn_0010bf2c @ 0x10bf2c  in=221 out_ir=254 skipped=58 (26%) notes=58
[2026-05-08T14:44:29Z INFO  vmp] lift fn_0010c2a0 @ 0x10c2a0  in=50 out_ir=73 skipped=5 (10%) notes=5
[2026-05-08T14:44:29Z INFO  vmp] lift fn_0010c368 @ 0x10c368  in=54 out_ir=82 skipped=1 (1%) notes=1
[2026-05-08T14:44:29Z INFO  vmp] lift fn_0010c440 @ 0x10c440  in=201 out_ir=250 skipped=36 (17%) notes=36
[2026-05-08T14:44:29Z INFO  vmp] lift fn_0010c764 @ 0x10c764  in=142 out_ir=173 skipped=40 (28%) notes=40
[2026-05-08T14:44:29Z INFO  vmp] lift fn_0010c99c @ 0x10c99c  in=132 out_ir=157 skipped=40 (30%) notes=40
[2026-05-08T14:44:29Z INFO  vmp] lift fn_0010cbac @ 0x10cbac  in=20 out_ir=21 skipped=1 (5%) notes=1
[2026-05-08T14:44:29Z INFO  vmp] lift fn_0010cbfc @ 0x10cbfc  in=184 out_ir=226 skipped=68 (36%) notes=68
[2026-05-08T14:44:29Z INFO  vmp] lift fn_0010cedc @ 0x10cedc  in=229 out_ir=311 skipped=21 (9%) notes=21
[2026-05-08T14:44:29Z INFO  vmp] lift fn_0010d270 @ 0x10d270  in=3 out_ir=3 skipped=0 (0%) notes=0
[2026-05-08T14:44:29Z INFO  vmp] lift fn_0010d27c @ 0x10d27c  in=25 out_ir=37 skipped=0 (0%) notes=0
[2026-05-08T14:44:29Z INFO  vmp] lift fn_0010d2e0 @ 0x10d2e0  in=292 out_ir=423 skipped=17 (5%) notes=17
[2026-05-08T14:44:29Z INFO  vmp] lift fn_0010d770 @ 0x10d770  in=29 out_ir=45 skipped=0 (0%) notes=0
[2026-05-08T14:44:29Z INFO  vmp] lift fn_0010d7e4 @ 0x10d7e4  in=706 out_ir=885 skipped=6 (0%) notes=6
[2026-05-08T14:44:29Z INFO  vmp] lift fn_0010e2ec @ 0x10e2ec  in=680 out_ir=767 skipped=149 (21%) notes=149
[2026-05-08T14:44:29Z INFO  vmp] lift fn_0010ed8c @ 0x10ed8c  in=12 out_ir=20 skipped=0 (0%) notes=0
[2026-05-08T14:44:29Z INFO  vmp] lift fn_0010edbc @ 0x10edbc  in=29 out_ir=41 skipped=0 (0%) notes=0
[2026-05-08T14:44:29Z INFO  vmp] lift fn_0010ee30 @ 0x10ee30  in=12 out_ir=20 skipped=0 (0%) notes=0
[2026-05-08T14:44:29Z INFO  vmp] lift fn_0010ee60 @ 0x10ee60  in=12 out_ir=20 skipped=0 (0%) notes=0
[2026-05-08T14:44:29Z INFO  vmp] lift fn_0010ee90 @ 0x10ee90  in=12 out_ir=20 skipped=0 (0%) notes=0
[2026-05-08T14:44:29Z INFO  vmp] lift fn_0010eec0 @ 0x10eec0  in=12 out_ir=20 skipped=0 (0%) notes=0
[2026-05-08T14:44:29Z INFO  vmp] lift fn_0010eef0 @ 0x10eef0  in=12 out_ir=20 skipped=0 (0%) notes=0
[2026-05-08T14:44:29Z INFO  vmp] lift fn_0010ef20 @ 0x10ef20  in=12 out_ir=20 skipped=0 (0%) notes=0
[2026-05-08T14:44:29Z INFO  vmp] lift fn_0010ef50 @ 0x10ef50  in=29 out_ir=41 skipped=0 (0%) notes=0
[2026-05-08T14:44:29Z INFO  vmp] lift fn_0010efc4 @ 0x10efc4  in=12 out_ir=20 skipped=0 (0%) notes=0
[2026-05-08T14:44:29Z INFO  vmp] lift fn_0010eff4 @ 0x10eff4  in=41 out_ir=54 skipped=0 (0%) notes=0
[2026-05-08T14:44:29Z INFO  vmp] lift fn_0010f098 @ 0x10f098  in=12 out_ir=20 skipped=0 (0%) notes=0
[2026-05-08T14:44:29Z INFO  vmp] lift fn_0010f0c8 @ 0x10f0c8  in=12 out_ir=20 skipped=0 (0%) notes=0
[2026-05-08T14:44:29Z INFO  vmp] lift fn_0010f0f8 @ 0x10f0f8  in=12 out_ir=20 skipped=0 (0%) notes=0
[2026-05-08T14:44:29Z INFO  vmp] lift fn_0010f128 @ 0x10f128  in=25 out_ir=36 skipped=0 (0%) notes=0
[2026-05-08T14:44:29Z INFO  vmp] lift fn_0010f18c @ 0x10f18c  in=12 out_ir=20 skipped=0 (0%) notes=0
[2026-05-08T14:44:29Z INFO  vmp] lift fn_0010f1bc @ 0x10f1bc  in=12 out_ir=20 skipped=0 (0%) notes=0
[2026-05-08T14:44:29Z INFO  vmp] lift fn_0010f1ec @ 0x10f1ec  in=62 out_ir=94 skipped=0 (0%) notes=0
[2026-05-08T14:44:29Z INFO  vmp] lift fn_0010f2e4 @ 0x10f2e4  in=12 out_ir=20 skipped=0 (0%) notes=0
[2026-05-08T14:44:29Z INFO  vmp] lift fn_0010f314 @ 0x10f314  in=12 out_ir=20 skipped=0 (0%) notes=0
[2026-05-08T14:44:29Z INFO  vmp] lift fn_0010f344 @ 0x10f344  in=12 out_ir=20 skipped=0 (0%) notes=0
[2026-05-08T14:44:29Z INFO  vmp] lift fn_0010f374 @ 0x10f374  in=12 out_ir=20 skipped=0 (0%) notes=0
[2026-05-08T14:44:29Z INFO  vmp] lift fn_0010f3a4 @ 0x10f3a4  in=12 out_ir=20 skipped=0 (0%) notes=0
[2026-05-08T14:44:29Z INFO  vmp] lift fn_0010f3d4 @ 0x10f3d4  in=12 out_ir=20 skipped=0 (0%) notes=0
[2026-05-08T14:44:29Z INFO  vmp] lift fn_0010f404 @ 0x10f404  in=12 out_ir=20 skipped=0 (0%) notes=0
[2026-05-08T14:44:29Z INFO  vmp] lift fn_0010f434 @ 0x10f434  in=12 out_ir=20 skipped=0 (0%) notes=0
[2026-05-08T14:44:29Z INFO  vmp] lift fn_0010f464 @ 0x10f464  in=12 out_ir=20 skipped=0 (0%) notes=0
[2026-05-08T14:44:29Z INFO  vmp] lift fn_0010f494 @ 0x10f494  in=12 out_ir=20 skipped=0 (0%) notes=0
[2026-05-08T14:44:29Z INFO  vmp] lift fn_0010f4c4 @ 0x10f4c4  in=12 out_ir=20 skipped=0 (0%) notes=0
[2026-05-08T14:44:29Z INFO  vmp] lift fn_0010f4f4 @ 0x10f4f4  in=12 out_ir=20 skipped=0 (0%) notes=0
[2026-05-08T14:44:29Z INFO  vmp] lift fn_0010f524 @ 0x10f524  in=23 out_ir=34 skipped=0 (0%) notes=0
[2026-05-08T14:44:29Z INFO  vmp] lift fn_0010f580 @ 0x10f580  in=12 out_ir=20 skipped=0 (0%) notes=0
[2026-05-08T14:44:29Z INFO  vmp] lift fn_0010f5b0 @ 0x10f5b0  in=12 out_ir=20 skipped=0 (0%) notes=0
[2026-05-08T14:44:29Z INFO  vmp] lift fn_0010f5e0 @ 0x10f5e0  in=12 out_ir=20 skipped=0 (0%) notes=0
[2026-05-08T14:44:29Z INFO  vmp] lift fn_0010f610 @ 0x10f610  in=12 out_ir=20 skipped=0 (0%) notes=0
[2026-05-08T14:44:29Z INFO  vmp] lift fn_0010f640 @ 0x10f640  in=12 out_ir=20 skipped=0 (0%) notes=0
[2026-05-08T14:44:29Z INFO  vmp] lift fn_0010f670 @ 0x10f670  in=12 out_ir=20 skipped=0 (0%) notes=0
[2026-05-08T14:44:29Z INFO  vmp] lift fn_0010f6a0 @ 0x10f6a0  in=12 out_ir=20 skipped=0 (0%) notes=0
[2026-05-08T14:44:29Z INFO  vmp] lift fn_0010f6d0 @ 0x10f6d0  in=345 out_ir=407 skipped=0 (0%) notes=0
[2026-05-08T14:44:29Z INFO  vmp] lift fn_0010fc34 @ 0x10fc34  in=46 out_ir=70 skipped=1 (2%) notes=1
[2026-05-08T14:44:29Z INFO  vmp] lift fn_0010fcec @ 0x10fcec  in=61 out_ir=88 skipped=1 (1%) notes=1
[2026-05-08T14:44:29Z INFO  vmp] lift fn_0010fde0 @ 0x10fde0  in=69 out_ir=98 skipped=6 (8%) notes=6
[2026-05-08T14:44:29Z INFO  vmp] lift fn_0010fef4 @ 0x10fef4  in=63 out_ir=84 skipped=4 (6%) notes=4
[2026-05-08T14:44:29Z INFO  vmp] lift fn_0010fff0 @ 0x10fff0  in=169 out_ir=233 skipped=3 (1%) notes=3
[2026-05-08T14:44:29Z INFO  vmp] lift fn_00110294 @ 0x110294  in=64 out_ir=101 skipped=6 (9%) notes=6
[2026-05-08T14:44:29Z INFO  vmp] lift fn_00110394 @ 0x110394  in=6 out_ir=7 skipped=0 (0%) notes=0
[2026-05-08T14:44:29Z INFO  vmp] lift fn_001103ac @ 0x1103ac  in=64 out_ir=90 skipped=2 (3%) notes=2
[2026-05-08T14:44:29Z INFO  vmp] lift fn_001104ac @ 0x1104ac  in=42 out_ir=58 skipped=4 (9%) notes=4
[2026-05-08T14:44:29Z INFO  vmp] lift fn_00110554 @ 0x110554  in=1 out_ir=1 skipped=0 (0%) notes=0
[2026-05-08T14:44:29Z INFO  vmp] lift fn_00110558 @ 0x110558  in=86 out_ir=129 skipped=3 (3%) notes=3
[2026-05-08T14:44:29Z INFO  vmp] lift fn_001106b0 @ 0x1106b0  in=62 out_ir=94 skipped=0 (0%) notes=0
[2026-05-08T14:44:29Z INFO  vmp] lift fn_001107a8 @ 0x1107a8  in=223 out_ir=311 skipped=19 (8%) notes=19
[2026-05-08T14:44:29Z INFO  vmp] lift fn_00110b24 @ 0x110b24  in=65 out_ir=102 skipped=2 (3%) notes=2
[2026-05-08T14:44:29Z INFO  vmp] lift fn_00110c28 @ 0x110c28  in=12 out_ir=20 skipped=0 (0%) notes=0
[2026-05-08T14:44:29Z INFO  vmp] lift fn_00110c58 @ 0x110c58  in=29 out_ir=41 skipped=0 (0%) notes=0
[2026-05-08T14:44:29Z INFO  vmp] lift fn_00110ccc @ 0x110ccc  in=97 out_ir=126 skipped=0 (0%) notes=0
[2026-05-08T14:44:29Z INFO  vmp] lift fn_00110e50 @ 0x110e50  in=76 out_ir=104 skipped=1 (1%) notes=1
[2026-05-08T14:44:29Z INFO  vmp] lift fn_00110f80 @ 0x110f80  in=50 out_ir=63 skipped=0 (0%) notes=0
[2026-05-08T14:44:29Z INFO  vmp] lift fn_00111048 @ 0x111048  in=66 out_ir=94 skipped=0 (0%) notes=0
[2026-05-08T14:44:29Z INFO  vmp] lift fn_00111150 @ 0x111150  in=77 out_ir=96 skipped=3 (3%) notes=3
[2026-05-08T14:44:29Z INFO  vmp] lift fn_00111284 @ 0x111284  in=3 out_ir=3 skipped=0 (0%) notes=0
[2026-05-08T14:44:29Z INFO  vmp] lift fn_00111290 @ 0x111290  in=12 out_ir=15 skipped=0 (0%) notes=0
[2026-05-08T14:44:29Z INFO  vmp] lift fn_001112c0 @ 0x1112c0  in=21 out_ir=28 skipped=0 (0%) notes=0
[2026-05-08T14:44:29Z INFO  vmp] lift fn_00111314 @ 0x111314  in=28 out_ir=39 skipped=1 (3%) notes=1
[2026-05-08T14:44:29Z INFO  vmp] lift fn_00111384 @ 0x111384  in=201 out_ir=335 skipped=5 (2%) notes=5
[2026-05-08T14:44:29Z INFO  vmp] lift fn_001116a8 @ 0x1116a8  in=8 out_ir=10 skipped=1 (12%) notes=1
[2026-05-08T14:44:29Z INFO  vmp] lift fn_001116c8 @ 0x1116c8  in=151 out_ir=204 skipped=6 (3%) notes=6
[2026-05-08T14:44:29Z INFO  vmp] lift fn_00111924 @ 0x111924  in=38 out_ir=42 skipped=6 (15%) notes=6
[2026-05-08T14:44:29Z INFO  vmp] lift fn_001119bc @ 0x1119bc  in=45 out_ir=72 skipped=2 (4%) notes=2
[2026-05-08T14:44:29Z INFO  vmp] lift fn_00111a70 @ 0x111a70  in=82 out_ir=131 skipped=1 (1%) notes=1
[2026-05-08T14:44:29Z INFO  vmp] lift fn_00111bb8 @ 0x111bb8  in=40 out_ir=45 skipped=0 (0%) notes=0
[2026-05-08T14:44:29Z INFO  vmp] lift fn_00111c58 @ 0x111c58  in=21 out_ir=22 skipped=2 (9%) notes=2
[2026-05-08T14:44:29Z INFO  vmp] lift fn_00111cac @ 0x111cac  in=7 out_ir=8 skipped=0 (0%) notes=0
[2026-05-08T14:44:29Z INFO  vmp] lift fn_00111cc8 @ 0x111cc8  in=8 out_ir=9 skipped=0 (0%) notes=0
[2026-05-08T14:44:29Z INFO  vmp] lift fn_00111ce8 @ 0x111ce8  in=3 out_ir=4 skipped=0 (0%) notes=0
[2026-05-08T14:44:29Z INFO  vmp] lift fn_00111cf4 @ 0x111cf4  in=4 out_ir=5 skipped=0 (0%) notes=0
[2026-05-08T14:44:29Z INFO  vmp] lift fn_00111d04 @ 0x111d04  in=4 out_ir=5 skipped=0 (0%) notes=0
[2026-05-08T14:44:29Z INFO  vmp] lift fn_00111d14 @ 0x111d14  in=8 out_ir=10 skipped=1 (12%) notes=1
[2026-05-08T14:44:29Z INFO  vmp] lift fn_00111d34 @ 0x111d34  in=4 out_ir=4 skipped=0 (0%) notes=0
[2026-05-08T14:44:29Z INFO  vmp] lift fn_00111d44 @ 0x111d44  in=4 out_ir=4 skipped=0 (0%) notes=0
[2026-05-08T14:44:29Z INFO  vmp] lift fn_00111d54 @ 0x111d54  in=64 out_ir=99 skipped=1 (1%) notes=1
[2026-05-08T14:44:29Z INFO  vmp] lift fn_00111e54 @ 0x111e54  in=8 out_ir=9 skipped=0 (0%) notes=0
[2026-05-08T14:44:29Z INFO  vmp] lift fn_00111e74 @ 0x111e74  in=8 out_ir=9 skipped=0 (0%) notes=0
[2026-05-08T14:44:29Z INFO  vmp] lift fn_00111e94 @ 0x111e94  in=43 out_ir=62 skipped=0 (0%) notes=0
[2026-05-08T14:44:29Z INFO  vmp] lift fn_00111f40 @ 0x111f40  in=196 out_ir=303 skipped=2 (1%) notes=2
[2026-05-08T14:44:29Z INFO  vmp] lift fn_00112250 @ 0x112250  in=12 out_ir=12 skipped=0 (0%) notes=0
[2026-05-08T14:44:29Z INFO  vmp] lift fn_00112280 @ 0x112280  in=77 out_ir=96 skipped=3 (3%) notes=3
[2026-05-08T14:44:29Z INFO  vmp] lift fn_001123b4 @ 0x1123b4  in=13 out_ir=15 skipped=0 (0%) notes=0
[2026-05-08T14:44:29Z INFO  vmp] lift fn_001123e8 @ 0x1123e8  in=12 out_ir=16 skipped=3 (25%) notes=3
[2026-05-08T14:44:29Z INFO  vmp] lift fn_00112418 @ 0x112418  in=44 out_ir=50 skipped=8 (18%) notes=8
[2026-05-08T14:44:29Z INFO  vmp] lift fn_001124c8 @ 0x1124c8  in=183 out_ir=263 skipped=1 (0%) notes=1
[2026-05-08T14:44:29Z INFO  vmp] lift fn_001127a4 @ 0x1127a4  in=39 out_ir=60 skipped=5 (12%) notes=5
[2026-05-08T14:44:29Z INFO  vmp] lift fn_00112840 @ 0x112840  in=25 out_ir=30 skipped=4 (16%) notes=4
[2026-05-08T14:44:29Z INFO  vmp] lift fn_001128a4 @ 0x1128a4  in=41 out_ir=53 skipped=0 (0%) notes=0
[2026-05-08T14:44:29Z INFO  vmp] lift fn_00112948 @ 0x112948  in=250 out_ir=400 skipped=16 (6%) notes=16
[2026-05-08T14:44:29Z INFO  vmp] lift fn_00112d30 @ 0x112d30  in=114 out_ir=149 skipped=8 (7%) notes=8
[2026-05-08T14:44:29Z INFO  vmp] lift fn_00112ef8 @ 0x112ef8  in=4494 out_ir=5986 skipped=317 (7%) notes=317
[2026-05-08T14:44:29Z INFO  vmp] lift fn_00117530 @ 0x117530  in=462 out_ir=692 skipped=25 (5%) notes=25
[2026-05-08T14:44:29Z INFO  vmp] lift fn_00117c68 @ 0x117c68  in=103 out_ir=174 skipped=4 (3%) notes=4
[2026-05-08T14:44:29Z INFO  vmp] lift fn_00117e04 @ 0x117e04  in=42 out_ir=63 skipped=0 (0%) notes=0
[2026-05-08T14:44:29Z INFO  vmp] lift fn_00117eac @ 0x117eac  in=11 out_ir=14 skipped=1 (9%) notes=1
[2026-05-08T14:44:29Z INFO  vmp] lift fn_00117ed8 @ 0x117ed8  in=4208 out_ir=5519 skipped=643 (15%) notes=643
[2026-05-08T14:44:29Z INFO  vmp] lift fn_0011c098 @ 0x11c098  in=23 out_ir=33 skipped=2 (8%) notes=2
[2026-05-08T14:44:29Z INFO  vmp] lift fn_0011c0f4 @ 0x11c0f4  in=20 out_ir=30 skipped=2 (10%) notes=2
[2026-05-08T14:44:29Z INFO  vmp] lift fn_0011c144 @ 0x11c144  in=721 out_ir=1011 skipped=25 (3%) notes=25
[2026-05-08T14:44:29Z INFO  vmp] lift fn_0011cc88 @ 0x11cc88  in=68 out_ir=96 skipped=0 (0%) notes=0
[2026-05-08T14:44:29Z INFO  vmp] lift fn_0011cd98 @ 0x11cd98  in=5 out_ir=5 skipped=0 (0%) notes=0
[2026-05-08T14:44:29Z INFO  vmp] lift fn_0011cdac @ 0x11cdac  in=221 out_ir=329 skipped=13 (5%) notes=13
[2026-05-08T14:44:29Z INFO  vmp] lift fn_0011d120 @ 0x11d120  in=42 out_ir=77 skipped=2 (4%) notes=2
[2026-05-08T14:44:29Z INFO  vmp] lift fn_0011d1c8 @ 0x11d1c8  in=78 out_ir=117 skipped=2 (2%) notes=2
[2026-05-08T14:44:29Z INFO  vmp] lift fn_0011d300 @ 0x11d300  in=576 out_ir=763 skipped=58 (10%) notes=58
[2026-05-08T14:44:29Z INFO  vmp] lift fn_0011dc00 @ 0x11dc00  in=10 out_ir=11 skipped=1 (10%) notes=1
[2026-05-08T14:44:29Z INFO  vmp] lift fn_0011dc28 @ 0x11dc28  in=14 out_ir=15 skipped=0 (0%) notes=0
[2026-05-08T14:44:29Z INFO  vmp] lift fn_0011dc60 @ 0x11dc60  in=18 out_ir=21 skipped=2 (11%) notes=2
[2026-05-08T14:44:29Z INFO  vmp] lift fn_0011dca8 @ 0x11dca8  in=24 out_ir=35 skipped=0 (0%) notes=0
[2026-05-08T14:44:29Z INFO  vmp] lift fn_0011dd08 @ 0x11dd08  in=46 out_ir=83 skipped=1 (2%) notes=1
[2026-05-08T14:44:29Z INFO  vmp] lift fn_0011ddc0 @ 0x11ddc0  in=3 out_ir=4 skipped=0 (0%) notes=0
[2026-05-08T14:44:29Z INFO  vmp] lift fn_0011ddcc @ 0x11ddcc  in=6 out_ir=8 skipped=1 (16%) notes=1
[2026-05-08T14:44:29Z INFO  vmp] lift fn_0011dde4 @ 0x11dde4  in=6 out_ir=8 skipped=1 (16%) notes=1
[2026-05-08T14:44:29Z INFO  vmp] lift fn_0011ddfc @ 0x11ddfc  in=10 out_ir=13 skipped=1 (10%) notes=1
[2026-05-08T14:44:29Z INFO  vmp] lift fn_0011de24 @ 0x11de24  in=6 out_ir=8 skipped=1 (16%) notes=1
[2026-05-08T14:44:29Z INFO  vmp] lift fn_0011de3c @ 0x11de3c  in=6 out_ir=9 skipped=0 (0%) notes=0
[2026-05-08T14:44:29Z INFO  vmp] lift fn_0011de54 @ 0x11de54  in=6 out_ir=8 skipped=1 (16%) notes=1
[2026-05-08T14:44:29Z INFO  vmp] lift fn_0011de6c @ 0x11de6c  in=6 out_ir=7 skipped=0 (0%) notes=0
[2026-05-08T14:44:29Z INFO  vmp] lift fn_0011de84 @ 0x11de84  in=7 out_ir=8 skipped=0 (0%) notes=0
[2026-05-08T14:44:29Z INFO  vmp] lift fn_0011dea0 @ 0x11dea0  in=5 out_ir=5 skipped=0 (0%) notes=0
[2026-05-08T14:44:29Z INFO  vmp] lift fn_0011deb4 @ 0x11deb4  in=5 out_ir=5 skipped=0 (0%) notes=0
[2026-05-08T14:44:29Z INFO  vmp] lift fn_0011dec8 @ 0x11dec8  in=9 out_ir=9 skipped=0 (0%) notes=0
[2026-05-08T14:44:29Z INFO  vmp] lift fn_0011deec @ 0x11deec  in=42 out_ir=59 skipped=1 (2%) notes=1
[2026-05-08T14:44:29Z INFO  vmp] lift fn_0011df94 @ 0x11df94  in=315 out_ir=450 skipped=28 (8%) notes=28
[2026-05-08T14:44:29Z INFO  vmp] lift fn_0011e480 @ 0x11e480  in=7 out_ir=7 skipped=0 (0%) notes=0
[2026-05-08T14:44:29Z INFO  vmp] lift fn_0011e49c @ 0x11e49c  in=17 out_ir=20 skipped=1 (5%) notes=1
[2026-05-08T14:44:29Z INFO  vmp] lift fn_0011e4e0 @ 0x11e4e0  in=33 out_ir=36 skipped=9 (27%) notes=9
[2026-05-08T14:44:29Z INFO  vmp] lift fn_0011e564 @ 0x11e564  in=56 out_ir=90 skipped=2 (3%) notes=2
[2026-05-08T14:44:29Z INFO  vmp] lift fn_0011e644 @ 0x11e644  in=134 out_ir=176 skipped=6 (4%) notes=6
[2026-05-08T14:44:29Z INFO  vmp] lift fn_0011e85c @ 0x11e85c  in=71 out_ir=77 skipped=14 (19%) notes=14
[2026-05-08T14:44:29Z INFO  vmp] lift fn_0011e978 @ 0x11e978  in=496 out_ir=624 skipped=36 (7%) notes=36
[2026-05-08T14:44:29Z INFO  vmp] lift fn_0011f138 @ 0x11f138  in=52 out_ir=74 skipped=1 (1%) notes=1
[2026-05-08T14:44:29Z INFO  vmp] lift fn_0011f208 @ 0x11f208  in=28 out_ir=40 skipped=2 (7%) notes=2
[2026-05-08T14:44:29Z INFO  vmp] lift fn_0011f278 @ 0x11f278  in=67 out_ir=78 skipped=2 (2%) notes=2
[2026-05-08T14:44:29Z INFO  vmp] lift fn_0011f384 @ 0x11f384  in=144 out_ir=189 skipped=19 (13%) notes=19
[2026-05-08T14:44:29Z INFO  vmp] lift fn_0011f5c4 @ 0x11f5c4  in=103 out_ir=133 skipped=15 (14%) notes=15
[2026-05-08T14:44:29Z INFO  vmp] lift fn_0011f760 @ 0x11f760  in=44 out_ir=62 skipped=0 (0%) notes=0
[2026-05-08T14:44:29Z INFO  vmp] lift fn_0011f810 @ 0x11f810  in=57 out_ir=85 skipped=2 (3%) notes=2
[2026-05-08T14:44:29Z INFO  vmp] lift fn_0011f8f4 @ 0x11f8f4  in=67 out_ir=83 skipped=8 (11%) notes=8
[2026-05-08T14:44:29Z INFO  vmp] lift fn_0011fa00 @ 0x11fa00  in=66 out_ir=104 skipped=2 (3%) notes=2
[2026-05-08T14:44:29Z INFO  vmp] lift fn_0011fb08 @ 0x11fb08  in=173 out_ir=247 skipped=32 (18%) notes=32
[2026-05-08T14:44:29Z INFO  vmp] lift fn_0011fdbc @ 0x11fdbc  in=94 out_ir=104 skipped=16 (17%) notes=16
[2026-05-08T14:44:29Z INFO  vmp] lift fn_0011ff34 @ 0x11ff34  in=2 out_ir=2 skipped=0 (0%) notes=0
[2026-05-08T14:44:29Z INFO  vmp] lift fn_0011ff3c @ 0x11ff3c  in=25 out_ir=31 skipped=1 (4%) notes=1
[2026-05-08T14:44:29Z INFO  vmp] lift fn_0011ffa0 @ 0x11ffa0  in=25 out_ir=41 skipped=0 (0%) notes=0
[2026-05-08T14:44:29Z INFO  vmp] lift fn_00120004 @ 0x120004  in=22 out_ir=28 skipped=1 (4%) notes=1
[2026-05-08T14:44:29Z INFO  vmp] lift fn_0012005c @ 0x12005c  in=58 out_ir=92 skipped=0 (0%) notes=0
[2026-05-08T14:44:29Z INFO  vmp] lift fn_00120144 @ 0x120144  in=21 out_ir=25 skipped=0 (0%) notes=0
[2026-05-08T14:44:29Z INFO  vmp] lift fn_00120198 @ 0x120198  in=447 out_ir=602 skipped=8 (1%) notes=8
[2026-05-08T14:44:29Z INFO  vmp] lift fn_00120894 @ 0x120894  in=57 out_ir=84 skipped=3 (5%) notes=3
[2026-05-08T14:44:29Z INFO  vmp] lift fn_00120978 @ 0x120978  in=18 out_ir=24 skipped=1 (5%) notes=1
[2026-05-08T14:44:29Z INFO  vmp] lift fn_001209c0 @ 0x1209c0  in=66 out_ir=106 skipped=2 (3%) notes=2
[2026-05-08T14:44:29Z INFO  vmp] lift fn_00120ac8 @ 0x120ac8  in=28 out_ir=44 skipped=1 (3%) notes=1
[2026-05-08T14:44:29Z INFO  vmp] lift fn_00120b38 @ 0x120b38  in=55 out_ir=81 skipped=2 (3%) notes=2
[2026-05-08T14:44:29Z INFO  vmp] lift fn_00120c14 @ 0x120c14  in=19 out_ir=26 skipped=0 (0%) notes=0
[2026-05-08T14:44:29Z INFO  vmp] lift fn_00120c60 @ 0x120c60  in=27 out_ir=33 skipped=2 (7%) notes=2
[2026-05-08T14:44:29Z INFO  vmp] lift fn_00120ccc @ 0x120ccc  in=104 out_ir=150 skipped=0 (0%) notes=0
[2026-05-08T14:44:29Z INFO  vmp] lift fn_00120e6c @ 0x120e6c  in=5 out_ir=5 skipped=0 (0%) notes=0
[2026-05-08T14:44:29Z INFO  vmp] lift fn_00120e80 @ 0x120e80  in=5 out_ir=6 skipped=0 (0%) notes=0
[2026-05-08T14:44:29Z INFO  vmp] lift fn_00120e94 @ 0x120e94  in=7 out_ir=7 skipped=0 (0%) notes=0
[2026-05-08T14:44:29Z INFO  vmp] lift fn_00120eb0 @ 0x120eb0  in=5 out_ir=6 skipped=0 (0%) notes=0
[2026-05-08T14:44:29Z INFO  vmp] lift fn_00120ec4 @ 0x120ec4  in=7 out_ir=7 skipped=0 (0%) notes=0
[2026-05-08T14:44:29Z INFO  vmp] lift fn_00120ee0 @ 0x120ee0  in=5 out_ir=5 skipped=0 (0%) notes=0
[2026-05-08T14:44:29Z INFO  vmp] lift fn_00120ef4 @ 0x120ef4  in=13 out_ir=16 skipped=1 (7%) notes=1
[2026-05-08T14:44:29Z INFO  vmp] lift fn_00120f28 @ 0x120f28  in=14 out_ir=19 skipped=0 (0%) notes=0
[2026-05-08T14:44:29Z INFO  vmp] lift fn_00120f60 @ 0x120f60  in=10 out_ir=11 skipped=2 (20%) notes=2
[2026-05-08T14:44:29Z INFO  vmp] lift fn_00120f88 @ 0x120f88  in=8 out_ir=9 skipped=0 (0%) notes=0
[2026-05-08T14:44:29Z INFO  vmp] lift fn_00120fa8 @ 0x120fa8  in=7 out_ir=8 skipped=0 (0%) notes=0
[2026-05-08T14:44:29Z INFO  vmp] lift fn_00120fc4 @ 0x120fc4  in=7 out_ir=7 skipped=0 (0%) notes=0
[2026-05-08T14:44:29Z INFO  vmp] lift fn_00120fe0 @ 0x120fe0  in=4 out_ir=4 skipped=0 (0%) notes=0
[2026-05-08T14:44:29Z INFO  vmp] lift fn_00120ff0 @ 0x120ff0  in=4 out_ir=4 skipped=0 (0%) notes=0
[2026-05-08T14:44:29Z INFO  vmp] lift fn_00121000 @ 0x121000  in=5 out_ir=5 skipped=0 (0%) notes=0
[2026-05-08T14:44:29Z INFO  vmp] lift fn_00121014 @ 0x121014  in=79 out_ir=112 skipped=7 (8%) notes=7
[2026-05-08T14:44:29Z INFO  vmp] lift fn_00121150 @ 0x121150  in=190 out_ir=264 skipped=2 (1%) notes=2
[2026-05-08T14:44:29Z INFO  vmp] lift fn_00121448 @ 0x121448  in=48 out_ir=56 skipped=7 (14%) notes=7
[2026-05-08T14:44:29Z INFO  vmp] lift fn_00121508 @ 0x121508  in=23 out_ir=26 skipped=2 (8%) notes=2
[2026-05-08T14:44:29Z INFO  vmp] lift fn_00121564 @ 0x121564  in=88 out_ir=104 skipped=12 (13%) notes=12
[2026-05-08T14:44:29Z INFO  vmp] lift fn_001216c4 @ 0x1216c4  in=59 out_ir=66 skipped=2 (3%) notes=2
[2026-05-08T14:44:29Z INFO  vmp] lift fn_001217b0 @ 0x1217b0  in=19 out_ir=22 skipped=2 (10%) notes=2
[2026-05-08T14:44:29Z INFO  vmp] lift fn_001217fc @ 0x1217fc  in=208 out_ir=262 skipped=40 (19%) notes=40
[2026-05-08T14:44:29Z INFO  vmp] lift fn_00121b3c @ 0x121b3c  in=5 out_ir=5 skipped=0 (0%) notes=0
[2026-05-08T14:44:29Z INFO  vmp] lift fn_00121b50 @ 0x121b50  in=24 out_ir=24 skipped=1 (4%) notes=1
[2026-05-08T14:44:29Z INFO  vmp] lift fn_00121bb0 @ 0x121bb0  in=22 out_ir=22 skipped=1 (4%) notes=1
[2026-05-08T14:44:29Z INFO  vmp] lift fn_00121c08 @ 0x121c08  in=29 out_ir=45 skipped=0 (0%) notes=0
[2026-05-08T14:44:29Z INFO  vmp] lift fn_00121c7c @ 0x121c7c  in=88 out_ir=128 skipped=3 (3%) notes=3
[2026-05-08T14:44:29Z INFO  vmp] lift fn_00121ddc @ 0x121ddc  in=44 out_ir=68 skipped=1 (2%) notes=1
[2026-05-08T14:44:29Z INFO  vmp] lift fn_00121e8c @ 0x121e8c  in=45 out_ir=92 skipped=1 (2%) notes=1
[2026-05-08T14:44:29Z INFO  vmp] lift fn_00121f40 @ 0x121f40  in=88 out_ir=176 skipped=5 (5%) notes=5
[2026-05-08T14:44:29Z INFO  vmp] lift fn_001220a0 @ 0x1220a0  in=80 out_ir=123 skipped=3 (3%) notes=3
[2026-05-08T14:44:29Z INFO  vmp] lift fn_001221e0 @ 0x1221e0  in=93 out_ir=167 skipped=2 (2%) notes=2
[2026-05-08T14:44:29Z INFO  vmp] lift fn_00122354 @ 0x122354  in=73 out_ir=124 skipped=3 (4%) notes=3
[2026-05-08T14:44:29Z INFO  vmp] lift fn_00122478 @ 0x122478  in=53 out_ir=79 skipped=2 (3%) notes=2
[2026-05-08T14:44:29Z INFO  vmp] lift fn_0012254c @ 0x12254c  in=61 out_ir=96 skipped=1 (1%) notes=1
[2026-05-08T14:44:29Z INFO  vmp] lift fn_00122640 @ 0x122640  in=21 out_ir=42 skipped=0 (0%) notes=0
[2026-05-08T14:44:29Z INFO  vmp] lift fn_00122694 @ 0x122694  in=15 out_ir=19 skipped=0 (0%) notes=0
[2026-05-08T14:44:29Z INFO  vmp] lift fn_001226d0 @ 0x1226d0  in=36 out_ir=53 skipped=1 (2%) notes=1
[2026-05-08T14:44:29Z INFO  vmp] lift fn_00122760 @ 0x122760  in=48 out_ir=95 skipped=1 (2%) notes=1
[2026-05-08T14:44:29Z INFO  vmp] lift fn_00122820 @ 0x122820  in=27 out_ir=50 skipped=1 (3%) notes=1
[2026-05-08T14:44:29Z INFO  vmp] lift fn_0012288c @ 0x12288c  in=32 out_ir=32 skipped=2 (6%) notes=2
[2026-05-08T14:44:29Z INFO  vmp] lift fn_0012290c @ 0x12290c  in=92 out_ir=143 skipped=4 (4%) notes=4
[2026-05-08T14:44:29Z INFO  vmp] lift fn_00122a7c @ 0x122a7c  in=162 out_ir=249 skipped=7 (4%) notes=7
[2026-05-08T14:44:29Z INFO  vmp] lift fn_00122d04 @ 0x122d04  in=56 out_ir=105 skipped=3 (5%) notes=3
[2026-05-08T14:44:29Z INFO  vmp] lift fn_00122de4 @ 0x122de4  in=76 out_ir=136 skipped=3 (3%) notes=3
[2026-05-08T14:44:29Z INFO  vmp] lift fn_00122f14 @ 0x122f14  in=57 out_ir=98 skipped=2 (3%) notes=2
[2026-05-08T14:44:29Z INFO  vmp] lift fn_00122ff8 @ 0x122ff8  in=3 out_ir=4 skipped=0 (0%) notes=0
[2026-05-08T14:44:29Z INFO  vmp] lift fn_00123004 @ 0x123004  in=190 out_ir=298 skipped=12 (6%) notes=12
[2026-05-08T14:44:29Z INFO  vmp] lift fn_001232fc @ 0x1232fc  in=83 out_ir=143 skipped=4 (4%) notes=4
[2026-05-08T14:44:29Z INFO  vmp] lift fn_00123448 @ 0x123448  in=62 out_ir=108 skipped=2 (3%) notes=2
[2026-05-08T14:44:29Z INFO  vmp] lift fn_00123540 @ 0x123540  in=102 out_ir=152 skipped=2 (1%) notes=2
[2026-05-08T14:44:29Z INFO  vmp] lift fn_001236d8 @ 0x1236d8  in=42 out_ir=77 skipped=2 (4%) notes=2
[2026-05-08T14:44:29Z INFO  vmp] lift fn_00123780 @ 0x123780  in=62 out_ir=108 skipped=2 (3%) notes=2
[2026-05-08T14:44:29Z INFO  vmp] lift fn_00123878 @ 0x123878  in=42 out_ir=77 skipped=2 (4%) notes=2
[2026-05-08T14:44:29Z INFO  vmp] lift fn_00123920 @ 0x123920  in=11 out_ir=13 skipped=1 (9%) notes=1
[2026-05-08T14:44:29Z INFO  vmp] lift fn_0012394c @ 0x12394c  in=18 out_ir=24 skipped=1 (5%) notes=1
[2026-05-08T14:44:29Z INFO  vmp] lift fn_00123994 @ 0x123994  in=5 out_ir=5 skipped=0 (0%) notes=0
[2026-05-08T14:44:29Z INFO  vmp] lift fn_001239a8 @ 0x1239a8  in=47 out_ir=57 skipped=8 (17%) notes=8
[2026-05-08T14:44:29Z INFO  vmp] lift fn_00123a64 @ 0x123a64  in=6 out_ir=8 skipped=0 (0%) notes=0
[2026-05-08T14:44:29Z INFO  vmp] lift fn_00123a7c @ 0x123a7c  in=4 out_ir=4 skipped=0 (0%) notes=0
[2026-05-08T14:44:29Z INFO  vmp] lift fn_00123a8c @ 0x123a8c  in=4 out_ir=4 skipped=0 (0%) notes=0
[2026-05-08T14:44:29Z INFO  vmp] lift fn_00123a9c @ 0x123a9c  in=5 out_ir=6 skipped=0 (0%) notes=0
[2026-05-08T14:44:29Z INFO  vmp] lift fn_00123ab0 @ 0x123ab0  in=5 out_ir=6 skipped=0 (0%) notes=0
[2026-05-08T14:44:29Z INFO  vmp] lift fn_00123ac4 @ 0x123ac4  in=24 out_ir=45 skipped=3 (12%) notes=3
[2026-05-08T14:44:29Z INFO  vmp] lift fn_00123b24 @ 0x123b24  in=8 out_ir=9 skipped=0 (0%) notes=0
[2026-05-08T14:44:29Z INFO  vmp] lift fn_00123b44 @ 0x123b44  in=28 out_ir=49 skipped=1 (3%) notes=1
[2026-05-08T14:44:29Z INFO  vmp] lift fn_00123bb4 @ 0x123bb4  in=173 out_ir=237 skipped=26 (15%) notes=26
[2026-05-08T14:44:29Z INFO  vmp] lift fn_00123e68 @ 0x123e68  in=34 out_ir=36 skipped=2 (5%) notes=2
[2026-05-08T14:44:29Z INFO  vmp] lift fn_00123ef0 @ 0x123ef0  in=6 out_ir=6 skipped=0 (0%) notes=0
[2026-05-08T14:44:29Z INFO  vmp] lift fn_00123f08 @ 0x123f08  in=9 out_ir=9 skipped=0 (0%) notes=0
[2026-05-08T14:44:29Z INFO  vmp] lift fn_00123f2c @ 0x123f2c  in=10 out_ir=10 skipped=0 (0%) notes=0
[2026-05-08T14:44:29Z INFO  vmp] lift fn_00123f54 @ 0x123f54  in=9 out_ir=9 skipped=0 (0%) notes=0
[2026-05-08T14:44:29Z INFO  vmp] lift fn_00123f78 @ 0x123f78  in=12 out_ir=12 skipped=0 (0%) notes=0
[2026-05-08T14:44:29Z INFO  vmp] lift fn_00123fa8 @ 0x123fa8  in=8 out_ir=8 skipped=0 (0%) notes=0
[2026-05-08T14:44:29Z INFO  vmp] lift fn_00123fc8 @ 0x123fc8  in=17 out_ir=17 skipped=0 (0%) notes=0
[2026-05-08T14:44:29Z INFO  vmp] lift fn_0012400c @ 0x12400c  in=17 out_ir=17 skipped=0 (0%) notes=0
[2026-05-08T14:44:29Z INFO  vmp] lift fn_00124050 @ 0x124050  in=63 out_ir=90 skipped=2 (3%) notes=2
[2026-05-08T14:44:29Z INFO  vmp] lift fn_0012414c @ 0x12414c  in=127 out_ir=181 skipped=12 (9%) notes=12
[2026-05-08T14:44:29Z INFO  vmp] lift fn_00124348 @ 0x124348  in=19 out_ir=26 skipped=0 (0%) notes=0
[2026-05-08T14:44:29Z INFO  vmp] lift fn_00124394 @ 0x124394  in=33 out_ir=42 skipped=4 (12%) notes=4
[2026-05-08T14:44:29Z INFO  vmp] lift fn_00124418 @ 0x124418  in=4 out_ir=4 skipped=0 (0%) notes=0
[2026-05-08T14:44:29Z INFO  vmp] lift fn_00124428 @ 0x124428  in=6 out_ir=6 skipped=0 (0%) notes=0
[2026-05-08T14:44:29Z INFO  vmp] lift fn_00124440 @ 0x124440  in=7 out_ir=8 skipped=1 (14%) notes=1
[2026-05-08T14:44:29Z INFO  vmp] lift fn_0012445c @ 0x12445c  in=9 out_ir=10 skipped=1 (11%) notes=1
[2026-05-08T14:44:29Z INFO  vmp] lift fn_00124480 @ 0x124480  in=103 out_ir=146 skipped=2 (1%) notes=2
[2026-05-08T14:44:29Z INFO  vmp] lift fn_0012461c @ 0x12461c  in=12 out_ir=12 skipped=2 (16%) notes=2
[2026-05-08T14:44:29Z INFO  vmp] lift fn_0012464c @ 0x12464c  in=5 out_ir=5 skipped=0 (0%) notes=0
[2026-05-08T14:44:29Z INFO  vmp] lift fn_00124660 @ 0x124660  in=5 out_ir=5 skipped=0 (0%) notes=0
[2026-05-08T14:44:29Z INFO  vmp] lift fn_00124674 @ 0x124674  in=5 out_ir=5 skipped=0 (0%) notes=0
[2026-05-08T14:44:29Z INFO  vmp] lift fn_00124688 @ 0x124688  in=5 out_ir=5 skipped=0 (0%) notes=0
[2026-05-08T14:44:29Z INFO  vmp] lift fn_0012469c @ 0x12469c  in=4 out_ir=4 skipped=0 (0%) notes=0
[2026-05-08T14:44:29Z INFO  vmp] lift fn_001246ac @ 0x1246ac  in=4 out_ir=4 skipped=0 (0%) notes=0
[2026-05-08T14:44:29Z INFO  vmp] lift fn_001246bc @ 0x1246bc  in=7 out_ir=7 skipped=0 (0%) notes=0
[2026-05-08T14:44:29Z INFO  vmp] lift fn_001246d8 @ 0x1246d8  in=7 out_ir=7 skipped=0 (0%) notes=0
[2026-05-08T14:44:29Z INFO  vmp] lift fn_001246f4 @ 0x1246f4  in=15 out_ir=15 skipped=2 (13%) notes=2
[2026-05-08T14:44:29Z INFO  vmp] lift fn_00124730 @ 0x124730  in=15 out_ir=15 skipped=2 (13%) notes=2
[2026-05-08T14:44:29Z INFO  vmp] lift fn_0012476c @ 0x12476c  in=31 out_ir=31 skipped=6 (19%) notes=6
[2026-05-08T14:44:29Z INFO  vmp] lift fn_001247e8 @ 0x1247e8  in=32 out_ir=32 skipped=6 (18%) notes=6
[2026-05-08T14:44:29Z INFO  vmp] lift fn_00124868 @ 0x124868  in=8 out_ir=15 skipped=0 (0%) notes=0
[2026-05-08T14:44:29Z INFO  vmp] lift fn_00124888 @ 0x124888  in=107 out_ir=157 skipped=5 (4%) notes=5
[2026-05-08T14:44:29Z INFO  vmp] lift fn_00124a34 @ 0x124a34  in=14 out_ir=24 skipped=0 (0%) notes=0
[2026-05-08T14:44:29Z INFO  vmp] lift fn_00124a6c @ 0x124a6c  in=1 out_ir=1 skipped=0 (0%) notes=0
[2026-05-08T14:44:29Z INFO  vmp] lift fn_00124a70 @ 0x124a70  in=48 out_ir=77 skipped=2 (4%) notes=2
[2026-05-08T14:44:29Z INFO  vmp] lift fn_00124b30 @ 0x124b30  in=73 out_ir=113 skipped=6 (8%) notes=6
[2026-05-08T14:44:29Z INFO  vmp] lift fn_00124c54 @ 0x124c54  in=36 out_ir=53 skipped=1 (2%) notes=1
[2026-05-08T14:44:29Z INFO  vmp] lift fn_00124ce4 @ 0x124ce4  in=169 out_ir=249 skipped=7 (4%) notes=7
[2026-05-08T14:44:29Z INFO  vmp] lift fn_00124f88 @ 0x124f88  in=129 out_ir=163 skipped=21 (16%) notes=21
[2026-05-08T14:44:29Z INFO  vmp] lift fn_0012518c @ 0x12518c  in=81 out_ir=142 skipped=2 (2%) notes=2
[2026-05-08T14:44:29Z INFO  vmp] lift fn_001252d0 @ 0x1252d0  in=43 out_ir=79 skipped=0 (0%) notes=0
[2026-05-08T14:44:29Z INFO  vmp] lift fn_0012537c @ 0x12537c  in=85 out_ir=123 skipped=2 (2%) notes=2
[2026-05-08T14:44:29Z INFO  vmp] lift fn_001254d0 @ 0x1254d0  in=45 out_ir=72 skipped=0 (0%) notes=0
[2026-05-08T14:44:29Z INFO  vmp] lift fn_00125584 @ 0x125584  in=87 out_ir=125 skipped=2 (2%) notes=2
[2026-05-08T14:44:29Z INFO  vmp] lift fn_001256e0 @ 0x1256e0  in=45 out_ir=62 skipped=1 (2%) notes=1
[2026-05-08T14:44:29Z INFO  vmp] lift fn_00125794 @ 0x125794  in=164 out_ir=244 skipped=3 (1%) notes=3
[2026-05-08T14:44:29Z INFO  vmp] lift fn_00125a24 @ 0x125a24  in=19 out_ir=24 skipped=0 (0%) notes=0
[2026-05-08T14:44:29Z INFO  vmp] lift fn_00125a70 @ 0x125a70  in=74 out_ir=129 skipped=1 (1%) notes=1
[2026-05-08T14:44:29Z INFO  vmp] lift fn_00125b98 @ 0x125b98  in=80 out_ir=132 skipped=1 (1%) notes=1
[2026-05-08T14:44:29Z INFO  vmp] lift fn_00125cd8 @ 0x125cd8  in=105 out_ir=168 skipped=1 (0%) notes=1
[2026-05-08T14:44:29Z INFO  vmp] lift fn_00125e7c @ 0x125e7c  in=354 out_ir=506 skipped=39 (11%) notes=39
[2026-05-08T14:44:29Z INFO  vmp] lift fn_00126404 @ 0x126404  in=22 out_ir=24 skipped=3 (13%) notes=3
[2026-05-08T14:44:29Z INFO  vmp] lift fn_0012645c @ 0x12645c  in=45 out_ir=58 skipped=2 (4%) notes=2
[2026-05-08T14:44:29Z INFO  vmp] lift fn_00126510 @ 0x126510  in=59 out_ir=94 skipped=1 (1%) notes=1
[2026-05-08T14:44:29Z INFO  vmp] lift fn_001265fc @ 0x1265fc  in=26 out_ir=41 skipped=0 (0%) notes=0
[2026-05-08T14:44:29Z INFO  vmp] lift fn_00126664 @ 0x126664  in=10 out_ir=14 skipped=0 (0%) notes=0
[2026-05-08T14:44:29Z INFO  vmp] lift fn_0012668c @ 0x12668c  in=34 out_ir=52 skipped=4 (11%) notes=4
[2026-05-08T14:44:29Z INFO  vmp] lift fn_00126714 @ 0x126714  in=66 out_ir=92 skipped=4 (6%) notes=4
[2026-05-08T14:44:29Z INFO  vmp] lift fn_0012681c @ 0x12681c  in=12 out_ir=15 skipped=1 (8%) notes=1
[2026-05-08T14:44:29Z INFO  vmp] lift fn_0012684c @ 0x12684c  in=14 out_ir=21 skipped=1 (7%) notes=1
[2026-05-08T14:44:29Z INFO  vmp] lift fn_00126884 @ 0x126884  in=31 out_ir=35 skipped=4 (12%) notes=4
[2026-05-08T14:44:29Z INFO  vmp] lift fn_00126900 @ 0x126900  in=14 out_ir=16 skipped=0 (0%) notes=0
[2026-05-08T14:44:29Z INFO  vmp] lift fn_00126938 @ 0x126938  in=122 out_ir=161 skipped=8 (6%) notes=8
[2026-05-08T14:44:29Z INFO  vmp] lift fn_00126b20 @ 0x126b20  in=80 out_ir=118 skipped=5 (6%) notes=5
[2026-05-08T14:44:29Z INFO  vmp] lift fn_00126c60 @ 0x126c60  in=290 out_ir=412 skipped=17 (5%) notes=17
[2026-05-08T14:44:29Z INFO  vmp] lift fn_001270e8 @ 0x1270e8  in=238 out_ir=328 skipped=8 (3%) notes=8
[2026-05-08T14:44:29Z INFO  vmp] lift fn_001274a0 @ 0x1274a0  in=48 out_ir=73 skipped=5 (10%) notes=5
[2026-05-08T14:44:29Z INFO  vmp] lift fn_00127560 @ 0x127560  in=101 out_ir=133 skipped=4 (3%) notes=4
[2026-05-08T14:44:29Z INFO  vmp] lift fn_001276f4 @ 0x1276f4  in=63 out_ir=85 skipped=4 (6%) notes=4
[2026-05-08T14:44:29Z INFO  vmp] lift fn_001277f0 @ 0x1277f0  in=141 out_ir=208 skipped=13 (9%) notes=13
[2026-05-08T14:44:29Z INFO  vmp] lift fn_00127a24 @ 0x127a24  in=105 out_ir=126 skipped=37 (35%) notes=37
[2026-05-08T14:44:29Z INFO  vmp] lift fn_00127bc8 @ 0x127bc8  in=63 out_ir=73 skipped=17 (26%) notes=17
[2026-05-08T14:44:29Z INFO  vmp] lift fn_00127cc4 @ 0x127cc4  in=14 out_ir=21 skipped=0 (0%) notes=0
[2026-05-08T14:44:29Z INFO  vmp] lift fn_00127cfc @ 0x127cfc  in=43 out_ir=57 skipped=5 (11%) notes=5
[2026-05-08T14:44:29Z INFO  vmp] lift fn_00127da8 @ 0x127da8  in=98 out_ir=149 skipped=3 (3%) notes=3
[2026-05-08T14:44:29Z INFO  vmp] lift fn_00127f30 @ 0x127f30  in=5 out_ir=5 skipped=0 (0%) notes=0
[2026-05-08T14:44:29Z INFO  vmp] lift fn_00127f44 @ 0x127f44  in=28 out_ir=35 skipped=1 (3%) notes=1
[2026-05-08T14:44:29Z INFO  vmp] lift fn_00127fb4 @ 0x127fb4  in=288 out_ir=383 skipped=10 (3%) notes=10
[2026-05-08T14:44:29Z INFO  vmp] lift fn_00128434 @ 0x128434  in=8 out_ir=8 skipped=0 (0%) notes=0
[2026-05-08T14:44:29Z INFO  vmp] lift fn_00128454 @ 0x128454  in=221 out_ir=316 skipped=2 (0%) notes=2
[2026-05-08T14:44:29Z INFO  vmp] lift fn_001287c8 @ 0x1287c8  in=91 out_ir=131 skipped=1 (1%) notes=1
[2026-05-08T14:44:29Z INFO  vmp] lift fn_00128934 @ 0x128934  in=145 out_ir=220 skipped=4 (2%) notes=4
[2026-05-08T14:44:29Z INFO  vmp] lift fn_00128b78 @ 0x128b78  in=79 out_ir=107 skipped=8 (10%) notes=8
[2026-05-08T14:44:29Z INFO  vmp] lift fn_00128cb4 @ 0x128cb4  in=3 out_ir=4 skipped=0 (0%) notes=0
[2026-05-08T14:44:29Z INFO  vmp] lift fn_00128cc0 @ 0x128cc0  in=1 out_ir=1 skipped=0 (0%) notes=0
[2026-05-08T14:44:29Z INFO  vmp] lift fn_00128cc4 @ 0x128cc4  in=1 out_ir=1 skipped=0 (0%) notes=0
[2026-05-08T14:44:29Z INFO  vmp] lift fn_00128cc8 @ 0x128cc8  in=1 out_ir=1 skipped=0 (0%) notes=0
[2026-05-08T14:44:29Z INFO  vmp] lift fn_00128ccc @ 0x128ccc  in=1 out_ir=1 skipped=0 (0%) notes=0
[2026-05-08T14:44:29Z INFO  vmp] lift fn_00128cd0 @ 0x128cd0  in=1 out_ir=1 skipped=0 (0%) notes=0
[2026-05-08T14:44:29Z INFO  vmp] lift fn_00128cd4 @ 0x128cd4  in=107 out_ir=143 skipped=2 (1%) notes=2
[2026-05-08T14:44:29Z INFO  vmp] lift fn_00128e80 @ 0x128e80  in=97 out_ir=141 skipped=3 (3%) notes=3
[2026-05-08T14:44:29Z INFO  vmp] lift fn_00129004 @ 0x129004  in=95 out_ir=143 skipped=1 (1%) notes=1
[2026-05-08T14:44:29Z INFO  vmp] lift fn_00129180 @ 0x129180  in=1 out_ir=1 skipped=0 (0%) notes=0
[2026-05-08T14:44:29Z INFO  vmp] lift fn_00129184 @ 0x129184  in=1 out_ir=1 skipped=0 (0%) notes=0
[2026-05-08T14:44:29Z INFO  vmp] lift fn_00129188 @ 0x129188  in=12 out_ir=20 skipped=0 (0%) notes=0
[2026-05-08T14:44:29Z INFO  vmp] lift fn_001291b8 @ 0x1291b8  in=17 out_ir=23 skipped=0 (0%) notes=0
[2026-05-08T14:44:29Z INFO  vmp] lift fn_001291fc @ 0x1291fc  in=79 out_ir=108 skipped=13 (16%) notes=13
[2026-05-08T14:44:29Z INFO  vmp] lift fn_00129338 @ 0x129338  in=99 out_ir=149 skipped=5 (5%) notes=5
[2026-05-08T14:44:29Z INFO  vmp] lift fn_001294c4 @ 0x1294c4  in=46 out_ir=71 skipped=0 (0%) notes=0
[2026-05-08T14:44:29Z INFO  vmp] lift fn_0012957c @ 0x12957c  in=88 out_ir=122 skipped=1 (1%) notes=1
[2026-05-08T14:44:29Z INFO  vmp] lift fn_001296dc @ 0x1296dc  in=88 out_ir=108 skipped=11 (12%) notes=11
[2026-05-08T14:44:29Z INFO  vmp] lift fn_0012983c @ 0x12983c  in=129 out_ir=179 skipped=13 (10%) notes=13
[2026-05-08T14:44:29Z INFO  vmp] lift fn_00129a40 @ 0x129a40  in=4 out_ir=4 skipped=0 (0%) notes=0
[2026-05-08T14:44:29Z INFO  vmp] lift fn_00129a50 @ 0x129a50  in=4 out_ir=4 skipped=0 (0%) notes=0
[2026-05-08T14:44:29Z INFO  vmp] lift fn_00129a60 @ 0x129a60  in=199 out_ir=227 skipped=31 (15%) notes=31
[2026-05-08T14:44:29Z INFO  vmp] lift fn_00129d7c @ 0x129d7c  in=56 out_ir=83 skipped=1 (1%) notes=1
[2026-05-08T14:44:29Z INFO  vmp] lift fn_00129e5c @ 0x129e5c  in=112 out_ir=165 skipped=6 (5%) notes=6
[2026-05-08T14:44:29Z INFO  vmp] lift fn_0012a01c @ 0x12a01c  in=40 out_ir=55 skipped=0 (0%) notes=0
[2026-05-08T14:44:29Z INFO  vmp] lift fn_0012a0bc @ 0x12a0bc  in=34 out_ir=46 skipped=0 (0%) notes=0
[2026-05-08T14:44:29Z INFO  vmp] lift fn_0012a144 @ 0x12a144  in=6775 out_ir=9299 skipped=290 (4%) notes=290
[2026-05-08T14:44:29Z INFO  vmp] lift fn_00130b20 @ 0x130b20  in=8 out_ir=16 skipped=0 (0%) notes=0
[2026-05-08T14:44:29Z INFO  vmp] lift fn_00130b40 @ 0x130b40  in=416 out_ir=591 skipped=18 (4%) notes=18
[2026-05-08T14:44:29Z INFO  vmp] lift fn_001311c0 @ 0x1311c0  in=1504 out_ir=2079 skipped=59 (3%) notes=59
[2026-05-08T14:44:29Z INFO  vmp] lift fn_00132940 @ 0x132940  in=72 out_ir=99 skipped=0 (0%) notes=0
[2026-05-08T14:44:29Z INFO  vmp] lift fn_00132a60 @ 0x132a60  in=5862 out_ir=7912 skipped=219 (3%) notes=219
[2026-05-08T14:44:29Z INFO  vmp] lift fn_001385f8 @ 0x1385f8  in=2962 out_ir=3896 skipped=150 (5%) notes=150
[2026-05-08T14:44:29Z INFO  vmp] lift fn_0013b440 @ 0x13b440  in=9182 out_ir=11342 skipped=287 (3%) notes=287
[2026-05-08T14:44:29Z INFO  vmp] lift fn_001443b8 @ 0x1443b8  in=91 out_ir=131 skipped=4 (4%) notes=4
[2026-05-08T14:44:29Z INFO  vmp] lift fn_00144524 @ 0x144524  in=8 out_ir=16 skipped=0 (0%) notes=0
[2026-05-08T14:44:29Z INFO  vmp] lift fn_00144544 @ 0x144544  in=28 out_ir=47 skipped=1 (3%) notes=1
[2026-05-08T14:44:29Z INFO  vmp] lift fn_001445b4 @ 0x1445b4  in=302 out_ir=387 skipped=6 (1%) notes=6
[2026-05-08T14:44:29Z INFO  vmp] lift fn_00144a6c @ 0x144a6c  in=823 out_ir=1114 skipped=39 (4%) notes=39
[2026-05-08T14:44:29Z INFO  vmp] lift fn_00145748 @ 0x145748  in=43 out_ir=67 skipped=0 (0%) notes=0
[2026-05-08T14:44:29Z INFO  vmp] lift fn_001457f4 @ 0x1457f4  in=89 out_ir=120 skipped=0 (0%) notes=0
[2026-05-08T14:44:29Z INFO  vmp] lift fn_00145958 @ 0x145958  in=295 out_ir=416 skipped=10 (3%) notes=10
[2026-05-08T14:44:29Z INFO  vmp] lift fn_00145df4 @ 0x145df4  in=729 out_ir=978 skipped=30 (4%) notes=30
[2026-05-08T14:44:29Z INFO  vmp] lift fn_00146958 @ 0x146958  in=854 out_ir=1191 skipped=6 (0%) notes=6
[2026-05-08T14:44:29Z INFO  vmp] lift fn_001476b0 @ 0x1476b0  in=2868 out_ir=3912 skipped=47 (1%) notes=47
[2026-05-08T14:44:29Z INFO  vmp] lift fn_0014a380 @ 0x14a380  in=2 out_ir=6 skipped=0 (0%) notes=0
[2026-05-08T14:44:29Z INFO  vmp] lift fn_0014a388 @ 0x14a388  in=41 out_ir=68 skipped=2 (4%) notes=2
[2026-05-08T14:44:29Z INFO  vmp] lift fn_0014a42c @ 0x14a42c  in=6 out_ir=9 skipped=1 (16%) notes=1
[2026-05-08T14:44:29Z INFO  vmp] lift fn_0014a444 @ 0x14a444  in=5 out_ir=8 skipped=1 (20%) notes=1
[2026-05-08T14:44:29Z INFO  vmp] lift fn_0014a458 @ 0x14a458  in=8 out_ir=16 skipped=0 (0%) notes=0
[2026-05-08T14:44:29Z INFO  vmp] lift fn_0014a478 @ 0x14a478  in=142 out_ir=198 skipped=5 (3%) notes=5
[2026-05-08T14:44:29Z INFO  vmp] lift fn_0014a6b0 @ 0x14a6b0  in=25 out_ir=40 skipped=0 (0%) notes=0
[2026-05-08T14:44:29Z INFO  vmp] lift fn_0014a714 @ 0x14a714  in=21 out_ir=32 skipped=0 (0%) notes=0
[2026-05-08T14:44:29Z INFO  vmp] lift fn_0014a768 @ 0x14a768  in=247 out_ir=343 skipped=11 (4%) notes=11
[2026-05-08T14:44:29Z INFO  vmp] lift fn_0014ab44 @ 0x14ab44  in=17 out_ir=27 skipped=0 (0%) notes=0
[2026-05-08T14:44:29Z INFO  vmp] lift fn_0014ab88 @ 0x14ab88  in=127 out_ir=174 skipped=4 (3%) notes=4
[2026-05-08T14:44:29Z INFO  vmp] lift fn_0014ad84 @ 0x14ad84  in=69 out_ir=108 skipped=0 (0%) notes=0
[2026-05-08T14:44:29Z INFO  vmp] lift fn_0014ae98 @ 0x14ae98  in=44 out_ir=76 skipped=3 (6%) notes=3
[2026-05-08T14:44:29Z INFO  vmp] lift fn_0014af48 @ 0x14af48  in=142 out_ir=198 skipped=5 (3%) notes=5
[2026-05-08T14:44:29Z INFO  vmp] lift fn_0014b180 @ 0x14b180  in=4 out_ir=8 skipped=0 (0%) notes=0
[2026-05-08T14:44:29Z INFO  vmp] lift fn_0014b190 @ 0x14b190  in=83 out_ir=136 skipped=3 (3%) notes=3
[2026-05-08T14:44:29Z INFO  vmp] lift fn_0014b2dc @ 0x14b2dc  in=97 out_ir=177 skipped=1 (1%) notes=1
[2026-05-08T14:44:29Z INFO  vmp] lift fn_0014b460 @ 0x14b460  in=3 out_ir=7 skipped=0 (0%) notes=0
[2026-05-08T14:44:29Z INFO  vmp] lift fn_0014b46c @ 0x14b46c  in=4 out_ir=4 skipped=0 (0%) notes=0
[2026-05-08T14:44:29Z INFO  vmp] lift fn_0014b47c @ 0x14b47c  in=3 out_ir=5 skipped=0 (0%) notes=0
[2026-05-08T14:44:29Z INFO  vmp] lift fn_0014b488 @ 0x14b488  in=69 out_ir=98 skipped=3 (4%) notes=3
[2026-05-08T14:44:29Z INFO  vmp] lift fn_0014b59c @ 0x14b59c  in=41 out_ir=68 skipped=2 (4%) notes=2
[2026-05-08T14:44:29Z INFO  vmp] lift fn_0014b640 @ 0x14b640  in=29 out_ir=47 skipped=1 (3%) notes=1
[2026-05-08T14:44:29Z INFO  vmp] lift fn_0014b6b4 @ 0x14b6b4  in=46 out_ir=71 skipped=2 (4%) notes=2
[2026-05-08T14:44:29Z INFO  vmp] lift fn_0014b76c @ 0x14b76c  in=13 out_ir=21 skipped=0 (0%) notes=0
[2026-05-08T14:44:29Z INFO  vmp] lift fn_0014b7a0 @ 0x14b7a0  in=15 out_ir=26 skipped=0 (0%) notes=0
[2026-05-08T14:44:29Z INFO  vmp] lift fn_0014b7dc @ 0x14b7dc  in=60 out_ir=87 skipped=0 (0%) notes=0
[2026-05-08T14:44:29Z INFO  vmp] lift fn_0014b8cc @ 0x14b8cc  in=44 out_ir=65 skipped=1 (2%) notes=1
[2026-05-08T14:44:29Z INFO  vmp] lift fn_0014b97c @ 0x14b97c  in=207 out_ir=286 skipped=13 (6%) notes=13
[2026-05-08T14:44:29Z INFO  vmp] lift fn_0014bcb8 @ 0x14bcb8  in=68 out_ir=104 skipped=1 (1%) notes=1
[2026-05-08T14:44:29Z INFO  vmp] lift fn_0014bdc8 @ 0x14bdc8  in=8 out_ir=16 skipped=0 (0%) notes=0
[2026-05-08T14:44:29Z INFO  vmp] lift fn_0014bde8 @ 0x14bde8  in=59 out_ir=95 skipped=3 (5%) notes=3
[2026-05-08T14:44:29Z INFO  vmp] lift fn_0014bed4 @ 0x14bed4  in=212 out_ir=312 skipped=7 (3%) notes=7
[2026-05-08T14:44:29Z INFO  vmp] lift fn_0014c224 @ 0x14c224  in=53 out_ir=81 skipped=0 (0%) notes=0
[2026-05-08T14:44:29Z INFO  vmp] lift fn_0014c2f8 @ 0x14c2f8  in=305 out_ir=424 skipped=4 (1%) notes=4
[2026-05-08T14:44:29Z INFO  vmp] lift fn_0014c7bc @ 0x14c7bc  in=88 out_ir=142 skipped=3 (3%) notes=3
[2026-05-08T14:44:29Z INFO  vmp] lift fn_0014c91c @ 0x14c91c  in=8 out_ir=16 skipped=0 (0%) notes=0
[2026-05-08T14:44:29Z INFO  vmp] lift fn_0014c93c @ 0x14c93c  in=3 out_ir=3 skipped=0 (0%) notes=0
[2026-05-08T14:44:29Z INFO  vmp] lift fn_0014c948 @ 0x14c948  in=250 out_ir=394 skipped=21 (8%) notes=21
[2026-05-08T14:44:29Z INFO  vmp] lift fn_0014cd30 @ 0x14cd30  in=278 out_ir=427 skipped=14 (5%) notes=14
[2026-05-08T14:44:29Z INFO  vmp] lift fn_0014d188 @ 0x14d188  in=27 out_ir=43 skipped=0 (0%) notes=0
[2026-05-08T14:44:29Z INFO  vmp] lift fn_0014d1f4 @ 0x14d1f4  in=19 out_ir=29 skipped=0 (0%) notes=0
[2026-05-08T14:44:29Z INFO  vmp] lift fn_0014d240 @ 0x14d240  in=100 out_ir=166 skipped=7 (7%) notes=7
[2026-05-08T14:44:29Z INFO  vmp] lift fn_0014d3d0 @ 0x14d3d0  in=206 out_ir=295 skipped=6 (2%) notes=6
[2026-05-08T14:44:29Z INFO  vmp] lift fn_0014d708 @ 0x14d708  in=46 out_ir=72 skipped=2 (4%) notes=2
[2026-05-08T14:44:29Z INFO  vmp] lift fn_0014d7c0 @ 0x14d7c0  in=8 out_ir=16 skipped=0 (0%) notes=0
[2026-05-08T14:44:29Z INFO  vmp] lift fn_0014d7e0 @ 0x14d7e0  in=209 out_ir=280 skipped=9 (4%) notes=9
[2026-05-08T14:44:29Z INFO  vmp] lift fn_0014db24 @ 0x14db24  in=61 out_ir=95 skipped=3 (4%) notes=3
[2026-05-08T14:44:29Z INFO  vmp] lift fn_0014dc18 @ 0x14dc18  in=8 out_ir=8 skipped=2 (25%) notes=2
[2026-05-08T14:44:29Z INFO  vmp] lift fn_0014dc38 @ 0x14dc38  in=5 out_ir=7 skipped=1 (20%) notes=1
[2026-05-08T14:44:29Z INFO  vmp] lift fn_0014dc4c @ 0x14dc4c  in=12 out_ir=12 skipped=5 (41%) notes=5
[2026-05-08T14:44:29Z INFO  vmp] lift fn_0014dc7c @ 0x14dc7c  in=64 out_ir=91 skipped=10 (15%) notes=10
[2026-05-08T14:44:29Z INFO  vmp] lift fn_0014dd7c @ 0x14dd7c  in=8 out_ir=16 skipped=0 (0%) notes=0
[2026-05-08T14:44:29Z INFO  vmp] lift fn_0014dd9c @ 0x14dd9c  in=42 out_ir=69 skipped=2 (4%) notes=2
[2026-05-08T14:44:29Z INFO  vmp] lift fn_0014de44 @ 0x14de44  in=382 out_ir=574 skipped=35 (9%) notes=35
[2026-05-08T14:44:29Z INFO  vmp] lift fn_0014e43c @ 0x14e43c  in=15 out_ir=24 skipped=0 (0%) notes=0
[2026-05-08T14:44:29Z INFO  vmp] lift fn_0014e478 @ 0x14e478  in=89 out_ir=131 skipped=3 (3%) notes=3
[2026-05-08T14:44:29Z INFO  vmp] lift fn_0014e5dc @ 0x14e5dc  in=124 out_ir=172 skipped=2 (1%) notes=2
[2026-05-08T14:44:29Z INFO  vmp] lift fn_0014e7cc @ 0x14e7cc  in=8 out_ir=16 skipped=0 (0%) notes=0
[2026-05-08T14:44:29Z INFO  vmp] lift fn_0014e7ec @ 0x14e7ec  in=8 out_ir=16 skipped=0 (0%) notes=0
[2026-05-08T14:44:29Z INFO  vmp] lift fn_0014e80c @ 0x14e80c  in=41 out_ir=55 skipped=0 (0%) notes=0
[2026-05-08T14:44:29Z INFO  vmp] lift fn_0014e8b0 @ 0x14e8b0  in=15 out_ir=24 skipped=0 (0%) notes=0
[2026-05-08T14:44:29Z INFO  vmp] lift fn_0014e8ec @ 0x14e8ec  in=872 out_ir=1172 skipped=52 (5%) notes=52
[2026-05-08T14:44:29Z INFO  vmp] lift fn_0014f68c @ 0x14f68c  in=93 out_ir=146 skipped=1 (1%) notes=1
[2026-05-08T14:44:29Z INFO  vmp] lift fn_0014f800 @ 0x14f800  in=8 out_ir=16 skipped=0 (0%) notes=0
[2026-05-08T14:44:29Z INFO  vmp] lift fn_0014f820 @ 0x14f820  in=43 out_ir=57 skipped=14 (32%) notes=14
[2026-05-08T14:44:29Z INFO  vmp] lift fn_0014f8cc @ 0x14f8cc  in=142 out_ir=198 skipped=5 (3%) notes=5
[2026-05-08T14:44:29Z INFO  vmp] lift fn_0014fb04 @ 0x14fb04  in=37 out_ir=54 skipped=3 (8%) notes=3
[2026-05-08T14:44:29Z INFO  vmp] lift fn_0014fb98 @ 0x14fb98  in=5 out_ir=8 skipped=0 (0%) notes=0
[2026-05-08T14:44:29Z INFO  vmp] lift fn_0014fbac @ 0x14fbac  in=152 out_ir=197 skipped=67 (44%) notes=67
[2026-05-08T14:44:29Z INFO  vmp] lift fn_0014fe0c @ 0x14fe0c  in=185 out_ir=242 skipped=78 (42%) notes=78
[2026-05-08T14:44:29Z INFO  vmp] lift fn_001500f0 @ 0x1500f0  in=185 out_ir=248 skipped=73 (39%) notes=73
[2026-05-08T14:44:29Z INFO  vmp] lift fn_001503d4 @ 0x1503d4  in=99 out_ir=143 skipped=30 (30%) notes=30
[2026-05-08T14:44:29Z INFO  vmp] lift fn_00150560 @ 0x150560  in=15 out_ir=24 skipped=0 (0%) notes=0
[2026-05-08T14:44:29Z INFO  vmp] lift fn_0015059c @ 0x15059c  in=142 out_ir=193 skipped=52 (36%) notes=52
[2026-05-08T14:44:29Z INFO  vmp] lift fn_001507d4 @ 0x1507d4  in=37 out_ir=60 skipped=2 (5%) notes=2
[2026-05-08T14:44:29Z INFO  vmp] lift fn_00150868 @ 0x150868  in=67 out_ir=103 skipped=2 (2%) notes=2
[2026-05-08T14:44:29Z INFO  vmp] lift fn_00150974 @ 0x150974  in=8 out_ir=16 skipped=0 (0%) notes=0
[2026-05-08T14:44:29Z INFO  vmp] lift fn_00150994 @ 0x150994  in=8 out_ir=16 skipped=0 (0%) notes=0
[2026-05-08T14:44:29Z INFO  vmp] lift fn_001509b4 @ 0x1509b4  in=13 out_ir=21 skipped=0 (0%) notes=0
[2026-05-08T14:44:29Z INFO  vmp] lift fn_001509e8 @ 0x1509e8  in=8 out_ir=16 skipped=0 (0%) notes=0
[2026-05-08T14:44:29Z INFO  vmp] lift fn_00150a08 @ 0x150a08  in=8 out_ir=16 skipped=0 (0%) notes=0
[2026-05-08T14:44:29Z INFO  vmp] lift fn_00150a28 @ 0x150a28  in=68 out_ir=92 skipped=0 (0%) notes=0
[2026-05-08T14:44:29Z INFO  vmp] lift fn_00150b38 @ 0x150b38  in=45 out_ir=61 skipped=0 (0%) notes=0
[2026-05-08T14:44:29Z INFO  vmp] lift fn_00150bec @ 0x150bec  in=196 out_ir=272 skipped=3 (1%) notes=3
[2026-05-08T14:44:29Z INFO  vmp] lift fn_00150efc @ 0x150efc  in=270 out_ir=422 skipped=10 (3%) notes=10
[2026-05-08T14:44:29Z INFO  vmp] lift fn_00151334 @ 0x151334  in=50 out_ir=69 skipped=0 (0%) notes=0
[2026-05-08T14:44:29Z INFO  vmp] lift fn_001513fc @ 0x1513fc  in=68 out_ir=110 skipped=5 (7%) notes=5
[2026-05-08T14:44:29Z INFO  vmp] lift fn_0015150c @ 0x15150c  in=14 out_ir=24 skipped=2 (14%) notes=2
[2026-05-08T14:44:29Z INFO  vmp] lift fn_00151544 @ 0x151544  in=36 out_ir=62 skipped=6 (16%) notes=6
[2026-05-08T14:44:29Z INFO  vmp] lift fn_001515d4 @ 0x1515d4  in=111 out_ir=173 skipped=10 (9%) notes=10
[2026-05-08T14:44:29Z INFO  vmp] lift fn_00151790 @ 0x151790  in=23 out_ir=32 skipped=2 (8%) notes=2
[2026-05-08T14:44:29Z INFO  vmp] lift fn_001517ec @ 0x1517ec  in=53 out_ir=79 skipped=9 (16%) notes=9
[2026-05-08T14:44:29Z INFO  vmp] lift fn_001518c0 @ 0x1518c0  in=95 out_ir=146 skipped=9 (9%) notes=9
[2026-05-08T14:44:29Z INFO  vmp] lift fn_00151a3c @ 0x151a3c  in=83 out_ir=114 skipped=17 (20%) notes=17
[2026-05-08T14:44:29Z INFO  vmp] lift fn_00151b88 @ 0x151b88  in=58 out_ir=83 skipped=9 (15%) notes=9
[2026-05-08T14:44:29Z INFO  vmp] lift fn_00151c70 @ 0x151c70  in=106 out_ir=174 skipped=5 (4%) notes=5
[2026-05-08T14:44:29Z INFO  vmp] lift fn_00151e18 @ 0x151e18  in=551 out_ir=728 skipped=93 (16%) notes=93
[2026-05-08T14:44:29Z INFO  vmp] lift fn_001526b4 @ 0x1526b4  in=278 out_ir=374 skipped=45 (16%) notes=45
[2026-05-08T14:44:29Z INFO  vmp] lift fn_00152b0c @ 0x152b0c  in=235 out_ir=373 skipped=30 (12%) notes=30
[2026-05-08T14:44:29Z INFO  vmp] lift fn_00152eb8 @ 0x152eb8  in=135 out_ir=196 skipped=8 (5%) notes=8
[2026-05-08T14:44:29Z INFO  vmp] lift fn_001530d4 @ 0x1530d4  in=54 out_ir=89 skipped=2 (3%) notes=2
[2026-05-08T14:44:29Z INFO  vmp] lift fn_001531ac @ 0x1531ac  in=327 out_ir=444 skipped=44 (13%) notes=44
[2026-05-08T14:44:29Z INFO  vmp] lift fn_001536c8 @ 0x1536c8  in=157 out_ir=229 skipped=13 (8%) notes=13
[2026-05-08T14:44:29Z INFO  vmp] lift fn_0015393c @ 0x15393c  in=107 out_ir=149 skipped=10 (9%) notes=10
[2026-05-08T14:44:29Z INFO  vmp] lift fn_00153ae8 @ 0x153ae8  in=123 out_ir=159 skipped=10 (8%) notes=10
[2026-05-08T14:44:29Z INFO  vmp] lift fn_00153cd4 @ 0x153cd4  in=102 out_ir=149 skipped=10 (9%) notes=10
[2026-05-08T14:44:29Z INFO  vmp] lift fn_00153e6c @ 0x153e6c  in=107 out_ir=146 skipped=8 (7%) notes=8
[2026-05-08T14:44:29Z INFO  vmp] lift fn_00154018 @ 0x154018  in=244 out_ir=339 skipped=21 (8%) notes=21
[2026-05-08T14:44:29Z INFO  vmp] lift fn_001543e8 @ 0x1543e8  in=97 out_ir=134 skipped=6 (6%) notes=6
[2026-05-08T14:44:29Z INFO  vmp] lift fn_0015456c @ 0x15456c  in=52 out_ir=69 skipped=6 (11%) notes=6
[2026-05-08T14:44:29Z INFO  vmp] lift fn_0015463c @ 0x15463c  in=78 out_ir=104 skipped=4 (5%) notes=4
[2026-05-08T14:44:29Z INFO  vmp] lift fn_00154774 @ 0x154774  in=88 out_ir=120 skipped=0 (0%) notes=0
[2026-05-08T14:44:29Z INFO  vmp] lift fn_001548d4 @ 0x1548d4  in=151 out_ir=228 skipped=4 (2%) notes=4
[2026-05-08T14:44:29Z INFO  vmp] lift fn_00154b30 @ 0x154b30  in=124 out_ir=184 skipped=3 (2%) notes=3
[2026-05-08T14:44:29Z INFO  vmp] lift fn_00154d20 @ 0x154d20  in=119 out_ir=179 skipped=3 (2%) notes=3
[2026-05-08T14:44:29Z INFO  vmp] lift fn_00154efc @ 0x154efc  in=56 out_ir=81 skipped=6 (10%) notes=6
[2026-05-08T14:44:29Z INFO  vmp] lift fn_00154fdc @ 0x154fdc  in=47 out_ir=70 skipped=6 (12%) notes=6
[2026-05-08T14:44:29Z INFO  vmp] lift fn_00155098 @ 0x155098  in=36 out_ir=55 skipped=3 (8%) notes=3
[2026-05-08T14:44:29Z INFO  vmp] lift fn_00155128 @ 0x155128  in=29 out_ir=47 skipped=3 (10%) notes=3
[2026-05-08T14:44:29Z INFO  vmp] lift fn_0015519c @ 0x15519c  in=81 out_ir=123 skipped=10 (12%) notes=10
[2026-05-08T14:44:29Z INFO  vmp] lift fn_001552e0 @ 0x1552e0  in=78 out_ir=118 skipped=10 (12%) notes=10
[2026-05-08T14:44:29Z INFO  vmp] lift fn_00155418 @ 0x155418  in=77 out_ir=110 skipped=2 (2%) notes=2
[2026-05-08T14:44:29Z INFO  vmp] lift fn_0015554c @ 0x15554c  in=72 out_ir=105 skipped=2 (2%) notes=2
[2026-05-08T14:44:29Z INFO  vmp] lift fn_0015566c @ 0x15566c  in=52 out_ir=65 skipped=15 (28%) notes=15
[2026-05-08T14:44:29Z INFO  vmp] lift fn_0015573c @ 0x15573c  in=464 out_ir=611 skipped=24 (5%) notes=24
[2026-05-08T14:44:29Z INFO  vmp] lift fn_00155e7c @ 0x155e7c  in=36 out_ir=45 skipped=5 (13%) notes=5
[2026-05-08T14:44:29Z INFO  vmp] lift fn_00155f0c @ 0x155f0c  in=135 out_ir=180 skipped=7 (5%) notes=7
[2026-05-08T14:44:29Z INFO  vmp] lift fn_00156128 @ 0x156128  in=387 out_ir=540 skipped=89 (22%) notes=89
[2026-05-08T14:44:29Z INFO  vmp] lift fn_00156734 @ 0x156734  in=123 out_ir=204 skipped=4 (3%) notes=4
[2026-05-08T14:44:29Z INFO  vmp] lift fn_00156920 @ 0x156920  in=148 out_ir=216 skipped=4 (2%) notes=4
[2026-05-08T14:44:29Z INFO  vmp] lift fn_00156b70 @ 0x156b70  in=124 out_ir=192 skipped=6 (4%) notes=6
[2026-05-08T14:44:29Z INFO  vmp] lift fn_00156d60 @ 0x156d60  in=262 out_ir=355 skipped=23 (8%) notes=23
[2026-05-08T14:44:29Z INFO  vmp] lift fn_00157178 @ 0x157178  in=94 out_ir=135 skipped=5 (5%) notes=5
[2026-05-08T14:44:29Z INFO  vmp] lift fn_001572f0 @ 0x1572f0  in=55 out_ir=77 skipped=11 (20%) notes=11
[2026-05-08T14:44:29Z INFO  vmp] lift fn_001573cc @ 0x1573cc  in=29 out_ir=43 skipped=0 (0%) notes=0
[2026-05-08T14:44:29Z INFO  vmp] lift fn_00157440 @ 0x157440  in=89 out_ir=138 skipped=5 (5%) notes=5
[2026-05-08T14:44:29Z INFO  vmp] lift fn_001575a4 @ 0x1575a4  in=144 out_ir=196 skipped=65 (45%) notes=65
[2026-05-08T14:44:29Z INFO  vmp] lift fn_001577e4 @ 0x1577e4  in=24 out_ir=41 skipped=2 (8%) notes=2
[2026-05-08T14:44:29Z INFO  vmp] lift fn_00157844 @ 0x157844  in=17 out_ir=22 skipped=1 (5%) notes=1
[2026-05-08T14:44:29Z INFO  vmp] lift fn_00157888 @ 0x157888  in=23 out_ir=30 skipped=5 (21%) notes=5
[2026-05-08T14:44:29Z INFO  vmp] lift fn_001578e4 @ 0x1578e4  in=77 out_ir=111 skipped=0 (0%) notes=0
[2026-05-08T14:44:29Z INFO  vmp] lift fn_00157a18 @ 0x157a18  in=82 out_ir=120 skipped=2 (2%) notes=2
[2026-05-08T14:44:29Z INFO  vmp] lift fn_00157b60 @ 0x157b60  in=1 out_ir=1 skipped=0 (0%) notes=0
[2026-05-08T14:44:29Z INFO  vmp] lift fn_00157b64 @ 0x157b64  in=56 out_ir=92 skipped=0 (0%) notes=0
[2026-05-08T14:44:29Z INFO  vmp] lift fn_00157c44 @ 0x157c44  in=95 out_ir=139 skipped=2 (2%) notes=2
[2026-05-08T14:44:29Z INFO  vmp] lift fn_00157dc0 @ 0x157dc0  in=63 out_ir=97 skipped=3 (4%) notes=3
[2026-05-08T14:44:29Z INFO  vmp] lift fn_00157ebc @ 0x157ebc  in=66 out_ir=104 skipped=0 (0%) notes=0
[2026-05-08T14:44:29Z INFO  vmp] lift fn_00157fc4 @ 0x157fc4  in=72 out_ir=99 skipped=0 (0%) notes=0
[2026-05-08T14:44:29Z INFO  vmp] lift fn_001580e4 @ 0x1580e4  in=209 out_ir=327 skipped=7 (3%) notes=7
[2026-05-08T14:44:29Z INFO  vmp] lift fn_00158428 @ 0x158428  in=51 out_ir=73 skipped=1 (1%) notes=1
[2026-05-08T14:44:29Z INFO  vmp] lift fn_001584f4 @ 0x1584f4  in=255 out_ir=388 skipped=47 (18%) notes=47
[2026-05-08T14:44:29Z INFO  vmp] lift fn_001588f0 @ 0x1588f0  in=117 out_ir=161 skipped=9 (7%) notes=9
[2026-05-08T14:44:29Z INFO  vmp] lift fn_00158ac4 @ 0x158ac4  in=253 out_ir=378 skipped=12 (4%) notes=12
[2026-05-08T14:44:29Z INFO  vmp] lift fn_00158eb8 @ 0x158eb8  in=98 out_ir=135 skipped=4 (4%) notes=4
[2026-05-08T14:44:29Z INFO  vmp] lift fn_00159040 @ 0x159040  in=82 out_ir=129 skipped=2 (2%) notes=2
[2026-05-08T14:44:29Z INFO  vmp] lift fn_00159188 @ 0x159188  in=59 out_ir=92 skipped=0 (0%) notes=0
[2026-05-08T14:44:29Z INFO  vmp] lift fn_00159274 @ 0x159274  in=146 out_ir=204 skipped=8 (5%) notes=8
[2026-05-08T14:44:29Z INFO  vmp] lift fn_001594bc @ 0x1594bc  in=79 out_ir=111 skipped=6 (7%) notes=6
[2026-05-08T14:44:29Z INFO  vmp] lift fn_001595f8 @ 0x1595f8  in=574 out_ir=828 skipped=31 (5%) notes=31
[2026-05-08T14:44:29Z INFO  vmp] lift fn_00159ef0 @ 0x159ef0  in=54 out_ir=77 skipped=6 (11%) notes=6
[2026-05-08T14:44:29Z INFO  vmp] lift fn_00159fc8 @ 0x159fc8  in=47 out_ir=74 skipped=0 (0%) notes=0
[2026-05-08T14:44:29Z INFO  vmp] lift fn_0015a084 @ 0x15a084  in=447 out_ir=577 skipped=26 (5%) notes=26
[2026-05-08T14:44:29Z INFO  vmp] lift fn_0015a780 @ 0x15a780  in=63 out_ir=101 skipped=10 (15%) notes=10
[2026-05-08T14:44:29Z INFO  vmp] lift fn_0015a87c @ 0x15a87c  in=8 out_ir=17 skipped=0 (0%) notes=0
[2026-05-08T14:44:29Z INFO  vmp] lift fn_0015a89c @ 0x15a89c  in=35 out_ir=61 skipped=0 (0%) notes=0
[2026-05-08T14:44:29Z INFO  vmp] lift fn_0015a928 @ 0x15a928  in=30 out_ir=42 skipped=3 (10%) notes=3
[2026-05-08T14:44:29Z INFO  vmp] lift fn_0015a9a0 @ 0x15a9a0  in=38 out_ir=68 skipped=0 (0%) notes=0
[2026-05-08T14:44:29Z INFO  vmp] lift fn_0015aa38 @ 0x15aa38  in=160 out_ir=241 skipped=18 (11%) notes=18
[2026-05-08T14:44:29Z INFO  vmp] lift fn_0015acb8 @ 0x15acb8  in=50 out_ir=68 skipped=8 (16%) notes=8
[2026-05-08T14:44:29Z INFO  vmp] lift fn_0015ad80 @ 0x15ad80  in=85 out_ir=125 skipped=2 (2%) notes=2
[2026-05-08T14:44:29Z INFO  vmp] lift fn_0015aed4 @ 0x15aed4  in=117 out_ir=173 skipped=3 (2%) notes=3
[2026-05-08T14:44:29Z INFO  vmp] lift fn_0015b0a8 @ 0x15b0a8  in=239 out_ir=330 skipped=2 (0%) notes=2
[2026-05-08T14:44:29Z INFO  vmp] lift fn_0015b464 @ 0x15b464  in=208 out_ir=278 skipped=7 (3%) notes=7
[2026-05-08T14:44:29Z INFO  vmp] lift fn_0015b7a4 @ 0x15b7a4  in=88 out_ir=151 skipped=9 (10%) notes=9
[2026-05-08T14:44:29Z INFO  vmp] lift fn_0015b904 @ 0x15b904  in=101 out_ir=139 skipped=0 (0%) notes=0
[2026-05-08T14:44:29Z INFO  vmp] lift fn_0015ba98 @ 0x15ba98  in=120 out_ir=189 skipped=5 (4%) notes=5
[2026-05-08T14:44:29Z INFO  vmp] lift fn_0015bc78 @ 0x15bc78  in=42 out_ir=68 skipped=2 (4%) notes=2
[2026-05-08T14:44:29Z INFO  vmp] lift fn_0015bd20 @ 0x15bd20  in=31 out_ir=46 skipped=0 (0%) notes=0
[2026-05-08T14:44:29Z INFO  vmp] lift fn_0015bd9c @ 0x15bd9c  in=17 out_ir=24 skipped=1 (5%) notes=1
[2026-05-08T14:44:29Z INFO  vmp] lift fn_0015bde0 @ 0x15bde0  in=98 out_ir=151 skipped=4 (4%) notes=4
[2026-05-08T14:44:29Z INFO  vmp] lift fn_0015bf68 @ 0x15bf68  in=74 out_ir=110 skipped=4 (5%) notes=4
[2026-05-08T14:44:29Z INFO  vmp] lift fn_0015c090 @ 0x15c090  in=291 out_ir=438 skipped=15 (5%) notes=15
[2026-05-08T14:44:29Z INFO  vmp] lift fn_0015c51c @ 0x15c51c  in=94 out_ir=145 skipped=4 (4%) notes=4
[2026-05-08T14:44:29Z INFO  vmp] lift fn_0015c694 @ 0x15c694  in=55 out_ir=70 skipped=8 (14%) notes=8
[2026-05-08T14:44:29Z INFO  vmp] lift fn_0015c770 @ 0x15c770  in=253 out_ir=380 skipped=26 (10%) notes=26
[2026-05-08T14:44:29Z INFO  vmp] lift fn_0015cb64 @ 0x15cb64  in=465 out_ir=677 skipped=168 (36%) notes=168
[2026-05-08T14:44:29Z INFO  vmp] lift fn_0015d2a8 @ 0x15d2a8  in=8 out_ir=16 skipped=0 (0%) notes=0
[2026-05-08T14:44:29Z INFO  vmp] lift fn_0015d2c8 @ 0x15d2c8  in=8 out_ir=16 skipped=0 (0%) notes=0
[2026-05-08T14:44:29Z INFO  vmp] lift fn_0015d2e8 @ 0x15d2e8  in=93 out_ir=109 skipped=35 (37%) notes=35
[2026-05-08T14:44:29Z INFO  vmp] lift fn_0015d45c @ 0x15d45c  in=107 out_ir=174 skipped=3 (2%) notes=3
[2026-05-08T14:44:29Z INFO  vmp] lift fn_0015d608 @ 0x15d608  in=3 out_ir=3 skipped=0 (0%) notes=0
[2026-05-08T14:44:29Z INFO  vmp] lift fn_0015d614 @ 0x15d614  in=49 out_ir=71 skipped=2 (4%) notes=2
[2026-05-08T14:44:29Z INFO  vmp] lift fn_0015d6d8 @ 0x15d6d8  in=20 out_ir=32 skipped=1 (5%) notes=1
[2026-05-08T14:44:29Z INFO  vmp] lift fn_0015d728 @ 0x15d728  in=129 out_ir=208 skipped=7 (5%) notes=7
[2026-05-08T14:44:29Z INFO  vmp] lift fn_0015d92c @ 0x15d92c  in=8 out_ir=11 skipped=0 (0%) notes=0
[2026-05-08T14:44:29Z INFO  vmp] lift fn_0015d94c @ 0x15d94c  in=56 out_ir=86 skipped=0 (0%) notes=0
[2026-05-08T14:44:29Z INFO  vmp] lift fn_0015da2c @ 0x15da2c  in=83 out_ir=122 skipped=2 (2%) notes=2
[2026-05-08T14:44:29Z INFO  vmp] lift fn_0015db78 @ 0x15db78  in=213 out_ir=287 skipped=68 (31%) notes=68
[2026-05-08T14:44:29Z INFO  vmp] lift fn_0015decc @ 0x15decc  in=401 out_ir=590 skipped=16 (3%) notes=16
[2026-05-08T14:44:29Z INFO  vmp] lift fn_0015e510 @ 0x15e510  in=46 out_ir=67 skipped=3 (6%) notes=3
[2026-05-08T14:44:29Z INFO  vmp] lift fn_0015e5c8 @ 0x15e5c8  in=64 out_ir=86 skipped=1 (1%) notes=1
[2026-05-08T14:44:29Z INFO  vmp] lift fn_0015e6c8 @ 0x15e6c8  in=205 out_ir=285 skipped=23 (11%) notes=23
[2026-05-08T14:44:29Z INFO  vmp] lift fn_0015e9fc @ 0x15e9fc  in=208 out_ir=279 skipped=18 (8%) notes=18
[2026-05-08T14:44:29Z INFO  vmp] lift fn_0015ed3c @ 0x15ed3c  in=5 out_ir=5 skipped=0 (0%) notes=0
[2026-05-08T14:44:29Z INFO  vmp] lift fn_0015ed50 @ 0x15ed50  in=214 out_ir=291 skipped=19 (8%) notes=19
[2026-05-08T14:44:29Z INFO  vmp] lift fn_0015f0a8 @ 0x15f0a8  in=79 out_ir=110 skipped=14 (17%) notes=14
[2026-05-08T14:44:29Z INFO  vmp] lift fn_0015f1e4 @ 0x15f1e4  in=73 out_ir=98 skipped=10 (13%) notes=10
[2026-05-08T14:44:29Z INFO  vmp] lift fn_0015f308 @ 0x15f308  in=138 out_ir=203 skipped=8 (5%) notes=8
[2026-05-08T14:44:29Z INFO  vmp] lift fn_0015f530 @ 0x15f530  in=49 out_ir=70 skipped=2 (4%) notes=2
[2026-05-08T14:44:29Z INFO  vmp] lift fn_0015f5f4 @ 0x15f5f4  in=405 out_ir=533 skipped=29 (7%) notes=29
[2026-05-08T14:44:29Z INFO  vmp] lift fn_0015fc48 @ 0x15fc48  in=33 out_ir=37 skipped=8 (24%) notes=8
[2026-05-08T14:44:29Z INFO  vmp] lift fn_0015fccc @ 0x15fccc  in=151 out_ir=201 skipped=15 (9%) notes=15
[2026-05-08T14:44:29Z INFO  vmp] lift fn_0015ff28 @ 0x15ff28  in=114 out_ir=153 skipped=10 (8%) notes=10
[2026-05-08T14:44:29Z INFO  vmp] lift fn_001600f0 @ 0x1600f0  in=44 out_ir=64 skipped=0 (0%) notes=0
[2026-05-08T14:44:29Z INFO  vmp] lift fn_001601a0 @ 0x1601a0  in=22 out_ir=33 skipped=0 (0%) notes=0
[2026-05-08T14:44:29Z INFO  vmp] lift fn_001601f8 @ 0x1601f8  in=890 out_ir=1247 skipped=89 (10%) notes=89
[2026-05-08T14:44:29Z INFO  vmp] lift fn_00160fe0 @ 0x160fe0  in=18 out_ir=28 skipped=0 (0%) notes=0
[2026-05-08T14:44:29Z INFO  vmp] lift fn_00161028 @ 0x161028  in=161 out_ir=229 skipped=17 (10%) notes=17
[2026-05-08T14:44:29Z INFO  vmp] lift fn_001612ac @ 0x1612ac  in=125 out_ir=214 skipped=5 (4%) notes=5
[2026-05-08T14:44:29Z INFO  vmp] lift fn_001614a0 @ 0x1614a0  in=96 out_ir=141 skipped=5 (5%) notes=5
[2026-05-08T14:44:29Z INFO  vmp] lift fn_00161620 @ 0x161620  in=1001 out_ir=1432 skipped=93 (9%) notes=93
[2026-05-08T14:44:29Z INFO  vmp] lift fn_001625c4 @ 0x1625c4  in=99 out_ir=146 skipped=18 (18%) notes=18
[2026-05-08T14:44:29Z INFO  vmp] lift fn_00162750 @ 0x162750  in=91 out_ir=135 skipped=12 (13%) notes=12
[2026-05-08T14:44:29Z INFO  vmp] lift fn_001628bc @ 0x1628bc  in=180 out_ir=296 skipped=9 (5%) notes=9
[2026-05-08T14:44:29Z INFO  vmp] lift fn_00162b8c @ 0x162b8c  in=177 out_ir=279 skipped=4 (2%) notes=4
[2026-05-08T14:44:29Z INFO  vmp] lift fn_00162e50 @ 0x162e50  in=89 out_ir=144 skipped=5 (5%) notes=5
[2026-05-08T14:44:29Z INFO  vmp] lift fn_00162fb4 @ 0x162fb4  in=506 out_ir=690 skipped=47 (9%) notes=47
[2026-05-08T14:44:29Z INFO  vmp] lift fn_0016379c @ 0x16379c  in=420 out_ir=587 skipped=43 (10%) notes=43
[2026-05-08T14:44:29Z INFO  vmp] lift fn_00163e2c @ 0x163e2c  in=278 out_ir=398 skipped=15 (5%) notes=15
[2026-05-08T14:44:29Z INFO  vmp] lift fn_00164284 @ 0x164284  in=437 out_ir=674 skipped=31 (7%) notes=31
[2026-05-08T14:44:29Z INFO  vmp] lift fn_00164958 @ 0x164958  in=114 out_ir=150 skipped=4 (3%) notes=4
[2026-05-08T14:44:29Z INFO  vmp] lift fn_00164b20 @ 0x164b20  in=159 out_ir=245 skipped=8 (5%) notes=8
[2026-05-08T14:44:29Z INFO  vmp] lift fn_00164d9c @ 0x164d9c  in=62 out_ir=117 skipped=4 (6%) notes=4
[2026-05-08T14:44:29Z INFO  vmp] lift fn_00164e94 @ 0x164e94  in=30 out_ir=48 skipped=0 (0%) notes=0
[2026-05-08T14:44:29Z INFO  vmp] lift fn_00164f0c @ 0x164f0c  in=22 out_ir=35 skipped=1 (4%) notes=1
[2026-05-08T14:44:29Z INFO  vmp] lift fn_00164f64 @ 0x164f64  in=50 out_ir=79 skipped=3 (6%) notes=3
[2026-05-08T14:44:29Z INFO  vmp] lift fn_0016502c @ 0x16502c  in=9 out_ir=11 skipped=0 (0%) notes=0
[2026-05-08T14:44:29Z INFO  vmp] lift fn_00165050 @ 0x165050  in=43 out_ir=60 skipped=2 (4%) notes=2
[2026-05-08T14:44:29Z INFO  vmp] lift fn_001650fc @ 0x1650fc  in=69 out_ir=92 skipped=2 (2%) notes=2
[2026-05-08T14:44:29Z INFO  vmp] lift fn_00165210 @ 0x165210  in=50 out_ir=73 skipped=5 (10%) notes=5
[2026-05-08T14:44:29Z INFO  vmp] lift fn_001652d8 @ 0x1652d8  in=9 out_ir=11 skipped=0 (0%) notes=0
[2026-05-08T14:44:29Z INFO  vmp] lift fn_001652fc @ 0x1652fc  in=80 out_ir=120 skipped=5 (6%) notes=5
[2026-05-08T14:44:29Z INFO  vmp] lift fn_0016543c @ 0x16543c  in=85 out_ir=125 skipped=2 (2%) notes=2
[2026-05-08T14:44:29Z INFO  vmp] lift fn_00165590 @ 0x165590  in=110 out_ir=157 skipped=8 (7%) notes=8
[2026-05-08T14:44:29Z INFO  vmp] lift fn_00165748 @ 0x165748  in=26 out_ir=33 skipped=4 (15%) notes=4
[2026-05-08T14:44:29Z INFO  vmp] lift fn_001657b0 @ 0x1657b0  in=28 out_ir=41 skipped=2 (7%) notes=2
[2026-05-08T14:44:29Z INFO  vmp] lift fn_00165820 @ 0x165820  in=29 out_ir=46 skipped=2 (6%) notes=2
[2026-05-08T14:44:29Z INFO  vmp] lift fn_00165894 @ 0x165894  in=32 out_ir=52 skipped=2 (6%) notes=2
[2026-05-08T14:44:29Z INFO  vmp] lift fn_00165914 @ 0x165914  in=22 out_ir=36 skipped=0 (0%) notes=0
[2026-05-08T14:44:29Z INFO  vmp] lift fn_0016596c @ 0x16596c  in=31 out_ir=42 skipped=2 (6%) notes=2
[2026-05-08T14:44:29Z INFO  vmp] lift fn_001659e8 @ 0x1659e8  in=107 out_ir=165 skipped=11 (10%) notes=11
[2026-05-08T14:44:29Z INFO  vmp] lift fn_00165b94 @ 0x165b94  in=118 out_ir=177 skipped=7 (5%) notes=7
[2026-05-08T14:44:29Z INFO  vmp] lift fn_00165d6c @ 0x165d6c  in=61 out_ir=96 skipped=3 (4%) notes=3
[2026-05-08T14:44:29Z INFO  vmp] lift fn_00165e60 @ 0x165e60  in=163 out_ir=232 skipped=4 (2%) notes=4
[2026-05-08T14:44:29Z INFO  vmp] lift fn_001660ec @ 0x1660ec  in=453 out_ir=649 skipped=35 (7%) notes=35
[2026-05-08T14:44:29Z INFO  vmp] lift fn_00166800 @ 0x166800  in=183 out_ir=275 skipped=7 (3%) notes=7
[2026-05-08T14:44:29Z INFO  vmp] lift fn_00166adc @ 0x166adc  in=580 out_ir=789 skipped=58 (10%) notes=58
[2026-05-08T14:44:29Z INFO  vmp] lift fn_001673ec @ 0x1673ec  in=74 out_ir=111 skipped=2 (2%) notes=2
[2026-05-08T14:44:29Z INFO  vmp] lift fn_00167514 @ 0x167514  in=105 out_ir=171 skipped=2 (1%) notes=2
[2026-05-08T14:44:29Z INFO  vmp] lift fn_001676b8 @ 0x1676b8  in=21 out_ir=36 skipped=1 (4%) notes=1
[2026-05-08T14:44:29Z INFO  vmp] lift fn_0016770c @ 0x16770c  in=43 out_ir=53 skipped=6 (13%) notes=6
[2026-05-08T14:44:29Z INFO  vmp] lift fn_001677b8 @ 0x1677b8  in=31 out_ir=53 skipped=1 (3%) notes=1
[2026-05-08T14:44:29Z INFO  vmp] lift fn_00167834 @ 0x167834  in=78 out_ir=100 skipped=2 (2%) notes=2
[2026-05-08T14:44:29Z INFO  vmp] lift fn_0016796c @ 0x16796c  in=172 out_ir=238 skipped=4 (2%) notes=4
[2026-05-08T14:44:29Z INFO  vmp] lift fn_00167c1c @ 0x167c1c  in=20 out_ir=34 skipped=1 (5%) notes=1
[2026-05-08T14:44:29Z INFO  vmp] lift fn_00167c6c @ 0x167c6c  in=168 out_ir=246 skipped=12 (7%) notes=12
[2026-05-08T14:44:29Z INFO  vmp] lift fn_00167f0c @ 0x167f0c  in=62 out_ir=100 skipped=0 (0%) notes=0
[2026-05-08T14:44:29Z INFO  vmp] lift fn_00168004 @ 0x168004  in=11 out_ir=19 skipped=0 (0%) notes=0
[2026-05-08T14:44:29Z INFO  vmp] lift fn_00168030 @ 0x168030  in=139 out_ir=191 skipped=7 (5%) notes=7
[2026-05-08T14:44:29Z INFO  vmp] lift fn_0016825c @ 0x16825c  in=10 out_ir=12 skipped=0 (0%) notes=0
[2026-05-08T14:44:29Z INFO  vmp] lift fn_00168284 @ 0x168284  in=18 out_ir=29 skipped=2 (11%) notes=2
[2026-05-08T14:44:29Z INFO  vmp] lift fn_001682cc @ 0x1682cc  in=24 out_ir=42 skipped=0 (0%) notes=0
[2026-05-08T14:44:29Z INFO  vmp] lift fn_0016832c @ 0x16832c  in=61 out_ir=98 skipped=6 (9%) notes=6
[2026-05-08T14:44:29Z INFO  vmp] lift fn_00168420 @ 0x168420  in=27 out_ir=40 skipped=4 (14%) notes=4
[2026-05-08T14:44:29Z INFO  vmp] lift fn_0016848c @ 0x16848c  in=26 out_ir=40 skipped=2 (7%) notes=2
[2026-05-08T14:44:29Z INFO  vmp] lift fn_001684f4 @ 0x1684f4  in=113 out_ir=174 skipped=9 (7%) notes=9
[2026-05-08T14:44:29Z INFO  vmp] lift fn_001686b8 @ 0x1686b8  in=18 out_ir=28 skipped=0 (0%) notes=0
[2026-05-08T14:44:29Z INFO  vmp] lift fn_00168700 @ 0x168700  in=346 out_ir=472 skipped=53 (15%) notes=53
[2026-05-08T14:44:29Z INFO  vmp] lift fn_00168c68 @ 0x168c68  in=140 out_ir=207 skipped=19 (13%) notes=19
[2026-05-08T14:44:29Z INFO  vmp] lift fn_00168e98 @ 0x168e98  in=262 out_ir=374 skipped=28 (10%) notes=28
[2026-05-08T14:44:29Z INFO  vmp] lift fn_001692b0 @ 0x1692b0  in=35 out_ir=51 skipped=0 (0%) notes=0
[2026-05-08T14:44:29Z INFO  vmp] lift fn_0016933c @ 0x16933c  in=70 out_ir=125 skipped=2 (2%) notes=2
[2026-05-08T14:44:29Z INFO  vmp] lift fn_00169454 @ 0x169454  in=218 out_ir=281 skipped=11 (5%) notes=11
[2026-05-08T14:44:29Z INFO  vmp] lift fn_001697bc @ 0x1697bc  in=2 out_ir=2 skipped=0 (0%) notes=0
[2026-05-08T14:44:29Z INFO  vmp] lift fn_001697c4 @ 0x1697c4  in=52 out_ir=84 skipped=2 (3%) notes=2
[2026-05-08T14:44:29Z INFO  vmp] lift fn_00169894 @ 0x169894  in=34 out_ir=47 skipped=2 (5%) notes=2
[2026-05-08T14:44:29Z INFO  vmp] lift fn_0016991c @ 0x16991c  in=60 out_ir=94 skipped=2 (3%) notes=2
[2026-05-08T14:44:29Z INFO  vmp] lift fn_00169a0c @ 0x169a0c  in=62 out_ir=99 skipped=2 (3%) notes=2
[2026-05-08T14:44:29Z INFO  vmp] lift fn_00169b04 @ 0x169b04  in=38 out_ir=66 skipped=2 (5%) notes=2
[2026-05-08T14:44:29Z INFO  vmp] lift fn_00169b9c @ 0x169b9c  in=65 out_ir=94 skipped=2 (3%) notes=2
[2026-05-08T14:44:29Z INFO  vmp] lift fn_00169ca0 @ 0x169ca0  in=37 out_ir=65 skipped=2 (5%) notes=2
[2026-05-08T14:44:29Z INFO  vmp] lift fn_00169d34 @ 0x169d34  in=111 out_ir=150 skipped=9 (8%) notes=9
[2026-05-08T14:44:29Z INFO  vmp] lift fn_00169ef0 @ 0x169ef0  in=38 out_ir=66 skipped=2 (5%) notes=2
[2026-05-08T14:44:29Z INFO  vmp] lift fn_00169f88 @ 0x169f88  in=96 out_ir=126 skipped=10 (10%) notes=10
[2026-05-08T14:44:29Z INFO  vmp] lift fn_0016a108 @ 0x16a108  in=475 out_ir=680 skipped=53 (11%) notes=53
[2026-05-08T14:44:29Z INFO  vmp] lift fn_0016a874 @ 0x16a874  in=132 out_ir=186 skipped=7 (5%) notes=7
[2026-05-08T14:44:29Z INFO  vmp] lift fn_0016aa84 @ 0x16aa84  in=2 out_ir=2 skipped=0 (0%) notes=0
[2026-05-08T14:44:29Z INFO  vmp] lift fn_0016aa8c @ 0x16aa8c  in=29 out_ir=38 skipped=1 (3%) notes=1
[2026-05-08T14:44:29Z INFO  vmp] lift fn_0016ab00 @ 0x16ab00  in=75 out_ir=99 skipped=9 (12%) notes=9
[2026-05-08T14:44:29Z INFO  vmp] lift fn_0016ac2c @ 0x16ac2c  in=113 out_ir=149 skipped=12 (10%) notes=12
[2026-05-08T14:44:29Z INFO  vmp] lift fn_0016adf0 @ 0x16adf0  in=13 out_ir=22 skipped=0 (0%) notes=0
[2026-05-08T14:44:29Z INFO  vmp] lift fn_0016ae24 @ 0x16ae24  in=136 out_ir=184 skipped=25 (18%) notes=25
[2026-05-08T14:44:29Z INFO  vmp] lift fn_0016b044 @ 0x16b044  in=99 out_ir=139 skipped=7 (7%) notes=7
[2026-05-08T14:44:29Z INFO  vmp] lift fn_0016b1d0 @ 0x16b1d0  in=115 out_ir=156 skipped=18 (15%) notes=18
[2026-05-08T14:44:29Z INFO  vmp] lift fn_0016b39c @ 0x16b39c  in=287 out_ir=385 skipped=42 (14%) notes=42
[2026-05-08T14:44:29Z INFO  vmp] lift fn_0016b818 @ 0x16b818  in=140 out_ir=176 skipped=6 (4%) notes=6
[2026-05-08T14:44:29Z INFO  vmp] lift fn_0016ba48 @ 0x16ba48  in=22 out_ir=30 skipped=4 (18%) notes=4
[2026-05-08T14:44:29Z INFO  vmp] lift fn_0016baa0 @ 0x16baa0  in=157 out_ir=204 skipped=11 (7%) notes=11
[2026-05-08T14:44:29Z INFO  vmp] lift fn_0016bd14 @ 0x16bd14  in=44 out_ir=59 skipped=0 (0%) notes=0
[2026-05-08T14:44:29Z INFO  vmp] lift fn_0016bdc4 @ 0x16bdc4  in=294 out_ir=403 skipped=19 (6%) notes=19
[2026-05-08T14:44:29Z INFO  vmp] lift fn_0016c25c @ 0x16c25c  in=70 out_ir=103 skipped=3 (4%) notes=3
[2026-05-08T14:44:29Z INFO  vmp] lift fn_0016c374 @ 0x16c374  in=351 out_ir=495 skipped=17 (4%) notes=17
[2026-05-08T14:44:29Z INFO  vmp] lift fn_0016c8f0 @ 0x16c8f0  in=51 out_ir=68 skipped=2 (3%) notes=2
[2026-05-08T14:44:29Z INFO  vmp] lift fn_0016c9bc @ 0x16c9bc  in=205 out_ir=265 skipped=18 (8%) notes=18
[2026-05-08T14:44:29Z INFO  vmp] lift fn_0016ccf0 @ 0x16ccf0  in=15 out_ir=27 skipped=1 (6%) notes=1
[2026-05-08T14:44:29Z INFO  vmp] lift fn_0016cd2c @ 0x16cd2c  in=195 out_ir=257 skipped=30 (15%) notes=30
[2026-05-08T14:44:29Z INFO  vmp] lift fn_0016d038 @ 0x16d038  in=78 out_ir=99 skipped=8 (10%) notes=8
[2026-05-08T14:44:29Z INFO  vmp] lift fn_0016d170 @ 0x16d170  in=195 out_ir=267 skipped=26 (13%) notes=26
[2026-05-08T14:44:29Z INFO  vmp] lift fn_0016d47c @ 0x16d47c  in=47 out_ir=73 skipped=0 (0%) notes=0
[2026-05-08T14:44:29Z INFO  vmp] lift fn_0016d538 @ 0x16d538  in=5 out_ir=5 skipped=0 (0%) notes=0
[2026-05-08T14:44:29Z INFO  vmp] lift fn_0016d54c @ 0x16d54c  in=28 out_ir=37 skipped=1 (3%) notes=1
[2026-05-08T14:44:29Z INFO  vmp] lift fn_0016d5bc @ 0x16d5bc  in=37 out_ir=46 skipped=3 (8%) notes=3
[2026-05-08T14:44:29Z INFO  vmp] lift fn_0016d650 @ 0x16d650  in=41 out_ir=52 skipped=1 (2%) notes=1
[2026-05-08T14:44:29Z INFO  vmp] lift fn_0016d6f4 @ 0x16d6f4  in=21 out_ir=24 skipped=3 (14%) notes=3
[2026-05-08T14:44:29Z INFO  vmp] lift fn_0016d748 @ 0x16d748  in=137 out_ir=195 skipped=3 (2%) notes=3
[2026-05-08T14:44:29Z INFO  vmp] lift fn_0016d96c @ 0x16d96c  in=17 out_ir=26 skipped=2 (11%) notes=2
[2026-05-08T14:44:29Z INFO  vmp] lift fn_0016d9b0 @ 0x16d9b0  in=183 out_ir=247 skipped=18 (9%) notes=18
[2026-05-08T14:44:29Z INFO  vmp] lift fn_0016dc8c @ 0x16dc8c  in=22 out_ir=31 skipped=0 (0%) notes=0
[2026-05-08T14:44:29Z INFO  vmp] lift fn_0016dce4 @ 0x16dce4  in=151 out_ir=217 skipped=13 (8%) notes=13
[2026-05-08T14:44:29Z INFO  vmp] lift fn_0016df40 @ 0x16df40  in=12 out_ir=13 skipped=0 (0%) notes=0
[2026-05-08T14:44:29Z INFO  vmp] lift fn_0016df70 @ 0x16df70  in=267 out_ir=361 skipped=15 (5%) notes=15
[2026-05-08T14:44:29Z INFO  vmp] lift fn_0016e39c @ 0x16e39c  in=145 out_ir=199 skipped=12 (8%) notes=12
[2026-05-08T14:44:29Z INFO  vmp] lift fn_0016e5e0 @ 0x16e5e0  in=37 out_ir=50 skipped=2 (5%) notes=2
[2026-05-08T14:44:29Z INFO  vmp] lift fn_0016e674 @ 0x16e674  in=163 out_ir=222 skipped=8 (4%) notes=8
[2026-05-08T14:44:29Z INFO  vmp] lift fn_0016e900 @ 0x16e900  in=380 out_ir=527 skipped=28 (7%) notes=28
[2026-05-08T14:44:29Z INFO  vmp] lift fn_0016eef0 @ 0x16eef0  in=6 out_ir=6 skipped=0 (0%) notes=0
[2026-05-08T14:44:29Z INFO  vmp] lift fn_0016ef08 @ 0x16ef08  in=2 out_ir=6 skipped=0 (0%) notes=0
[2026-05-08T14:44:29Z INFO  vmp] lift fn_0016ef10 @ 0x16ef10  in=31 out_ir=47 skipped=1 (3%) notes=1
[2026-05-08T14:44:29Z INFO  vmp] lift fn_0016ef8c @ 0x16ef8c  in=25 out_ir=46 skipped=3 (12%) notes=3
[2026-05-08T14:44:29Z INFO  vmp] lift fn_0016eff0 @ 0x16eff0  in=120 out_ir=163 skipped=9 (7%) notes=9
[2026-05-08T14:44:29Z INFO  vmp] lift fn_0016f1d0 @ 0x16f1d0  in=47 out_ir=75 skipped=1 (2%) notes=1
[2026-05-08T14:44:29Z INFO  vmp] lift fn_0016f28c @ 0x16f28c  in=284 out_ir=394 skipped=9 (3%) notes=9
[2026-05-08T14:44:29Z INFO  vmp] lift fn_0016f6fc @ 0x16f6fc  in=185 out_ir=286 skipped=12 (6%) notes=12
[2026-05-08T14:44:29Z INFO  vmp] lift fn_0016f9e0 @ 0x16f9e0  in=69 out_ir=94 skipped=6 (8%) notes=6
[2026-05-08T14:44:29Z INFO  vmp] lift fn_0016faf4 @ 0x16faf4  in=146 out_ir=191 skipped=0 (0%) notes=0
[2026-05-08T14:44:29Z INFO  vmp] lift fn_0016fd3c @ 0x16fd3c  in=75 out_ir=102 skipped=7 (9%) notes=7
[2026-05-08T14:44:29Z INFO  vmp] lift fn_0016fe68 @ 0x16fe68  in=338 out_ir=459 skipped=5 (1%) notes=5
[2026-05-08T14:44:29Z INFO  vmp] lift fn_001703b0 @ 0x1703b0  in=471 out_ir=676 skipped=54 (11%) notes=54
[2026-05-08T14:44:29Z INFO  vmp] lift fn_00170b0c @ 0x170b0c  in=535 out_ir=752 skipped=76 (14%) notes=76
[2026-05-08T14:44:29Z INFO  vmp] lift fn_00171368 @ 0x171368  in=467 out_ir=673 skipped=56 (11%) notes=56
[2026-05-08T14:44:29Z INFO  vmp] lift fn_00171ab4 @ 0x171ab4  in=543 out_ir=759 skipped=76 (13%) notes=76
[2026-05-08T14:44:29Z INFO  vmp] lift fn_00172330 @ 0x172330  in=479 out_ir=687 skipped=52 (10%) notes=52
[2026-05-08T14:44:29Z INFO  vmp] lift fn_00172aac @ 0x172aac  in=484 out_ir=696 skipped=59 (12%) notes=59
[2026-05-08T14:44:29Z INFO  vmp] lift fn_0017323c @ 0x17323c  in=362 out_ir=499 skipped=13 (3%) notes=13
[2026-05-08T14:44:29Z INFO  vmp] lift fn_001737e4 @ 0x1737e4  in=247 out_ir=358 skipped=9 (3%) notes=9
[2026-05-08T14:44:29Z INFO  vmp] lift fn_00173bc0 @ 0x173bc0  in=133 out_ir=176 skipped=2 (1%) notes=2
[2026-05-08T14:44:29Z INFO  vmp] lift fn_00173dd4 @ 0x173dd4  in=25 out_ir=34 skipped=1 (4%) notes=1
[2026-05-08T14:44:29Z INFO  vmp] lift fn_00173e38 @ 0x173e38  in=26 out_ir=35 skipped=1 (3%) notes=1
[2026-05-08T14:44:29Z INFO  vmp] lift fn_00173ea0 @ 0x173ea0  in=26 out_ir=35 skipped=1 (3%) notes=1
[2026-05-08T14:44:29Z INFO  vmp] lift fn_00173f08 @ 0x173f08  in=26 out_ir=35 skipped=1 (3%) notes=1
[2026-05-08T14:44:29Z INFO  vmp] lift fn_00173f70 @ 0x173f70  in=116 out_ir=144 skipped=11 (9%) notes=11
[2026-05-08T14:44:29Z INFO  vmp] lift fn_00174140 @ 0x174140  in=26 out_ir=35 skipped=1 (3%) notes=1
[2026-05-08T14:44:29Z INFO  vmp] lift fn_001741a8 @ 0x1741a8  in=27 out_ir=36 skipped=1 (3%) notes=1
[2026-05-08T14:44:29Z INFO  vmp] lift fn_00174214 @ 0x174214  in=27 out_ir=36 skipped=1 (3%) notes=1
[2026-05-08T14:44:29Z INFO  vmp] lift fn_00174280 @ 0x174280  in=27 out_ir=36 skipped=1 (3%) notes=1
[2026-05-08T14:44:29Z INFO  vmp] lift fn_001742ec @ 0x1742ec  in=112 out_ir=140 skipped=9 (8%) notes=9
[2026-05-08T14:44:29Z INFO  vmp] lift fn_001744ac @ 0x1744ac  in=171 out_ir=234 skipped=10 (5%) notes=10
[2026-05-08T14:44:29Z INFO  vmp] lift fn_00174758 @ 0x174758  in=555 out_ir=792 skipped=67 (12%) notes=67
[2026-05-08T14:44:29Z INFO  vmp] lift fn_00175004 @ 0x175004  in=840 out_ir=1116 skipped=133 (15%) notes=133
[2026-05-08T14:44:29Z INFO  vmp] lift fn_00175d24 @ 0x175d24  in=555 out_ir=792 skipped=67 (12%) notes=67
[2026-05-08T14:44:29Z INFO  vmp] lift fn_001765d0 @ 0x1765d0  in=854 out_ir=1130 skipped=131 (15%) notes=131
[2026-05-08T14:44:29Z INFO  vmp] lift fn_00177328 @ 0x177328  in=535 out_ir=780 skipped=68 (12%) notes=68
[2026-05-08T14:44:29Z INFO  vmp] lift fn_00177b84 @ 0x177b84  in=536 out_ir=781 skipped=69 (12%) notes=69
[2026-05-08T14:44:29Z INFO  vmp] lift fn_001783e4 @ 0x1783e4  in=305 out_ir=415 skipped=13 (4%) notes=13
[2026-05-08T14:44:29Z INFO  vmp] lift fn_001788a8 @ 0x1788a8  in=128 out_ir=171 skipped=0 (0%) notes=0
[2026-05-08T14:44:29Z INFO  vmp] lift fn_00178aa8 @ 0x178aa8  in=25 out_ir=34 skipped=1 (4%) notes=1
[2026-05-08T14:44:29Z INFO  vmp] lift fn_00178b0c @ 0x178b0c  in=26 out_ir=35 skipped=1 (3%) notes=1
[2026-05-08T14:44:29Z INFO  vmp] lift fn_00178b74 @ 0x178b74  in=26 out_ir=35 skipped=1 (3%) notes=1
[2026-05-08T14:44:29Z INFO  vmp] lift fn_00178bdc @ 0x178bdc  in=26 out_ir=35 skipped=1 (3%) notes=1
[2026-05-08T14:44:29Z INFO  vmp] lift fn_00178c44 @ 0x178c44  in=48 out_ir=71 skipped=6 (12%) notes=6
[2026-05-08T14:44:29Z INFO  vmp] lift fn_00178d04 @ 0x178d04  in=26 out_ir=35 skipped=1 (3%) notes=1
[2026-05-08T14:44:29Z INFO  vmp] lift fn_00178d6c @ 0x178d6c  in=27 out_ir=36 skipped=1 (3%) notes=1
[2026-05-08T14:44:29Z INFO  vmp] lift fn_00178dd8 @ 0x178dd8  in=27 out_ir=36 skipped=1 (3%) notes=1
[2026-05-08T14:44:29Z INFO  vmp] lift fn_00178e44 @ 0x178e44  in=27 out_ir=36 skipped=1 (3%) notes=1
[2026-05-08T14:44:29Z INFO  vmp] lift fn_00178eb0 @ 0x178eb0  in=210 out_ir=274 skipped=10 (4%) notes=10
[2026-05-08T14:44:29Z INFO  vmp] lift fn_001791f8 @ 0x1791f8  in=25 out_ir=34 skipped=1 (4%) notes=1
[2026-05-08T14:44:29Z INFO  vmp] lift fn_0017925c @ 0x17925c  in=26 out_ir=35 skipped=1 (3%) notes=1
[2026-05-08T14:44:29Z INFO  vmp] lift fn_001792c4 @ 0x1792c4  in=3274 out_ir=4284 skipped=203 (6%) notes=203
[2026-05-08T14:44:29Z INFO  vmp] lift fn_0017c5ec @ 0x17c5ec  in=272 out_ir=372 skipped=8 (2%) notes=8
[2026-05-08T14:44:29Z INFO  vmp] lift fn_0017ca2c @ 0x17ca2c  in=26 out_ir=33 skipped=1 (3%) notes=1
[2026-05-08T14:44:29Z INFO  vmp] lift fn_0017ca94 @ 0x17ca94  in=113 out_ir=142 skipped=2 (1%) notes=2
[2026-05-08T14:44:29Z INFO  vmp] lift fn_0017cc58 @ 0x17cc58  in=29 out_ir=38 skipped=1 (3%) notes=1
[2026-05-08T14:44:29Z INFO  vmp] lift fn_0017cccc @ 0x17cccc  in=8 out_ir=8 skipped=0 (0%) notes=0
[2026-05-08T14:44:29Z INFO  vmp] lift fn_0017ccec @ 0x17ccec  in=8 out_ir=8 skipped=0 (0%) notes=0
[2026-05-08T14:44:29Z INFO  vmp] lift fn_0017cd0c @ 0x17cd0c  in=8 out_ir=8 skipped=0 (0%) notes=0
[2026-05-08T14:44:29Z INFO  vmp] lift fn_0017cd2c @ 0x17cd2c  in=36 out_ir=52 skipped=1 (2%) notes=1
[2026-05-08T14:44:29Z INFO  vmp] lift fn_0017cdbc @ 0x17cdbc  in=9 out_ir=10 skipped=0 (0%) notes=0
[2026-05-08T14:44:29Z INFO  vmp] lift fn_0017cde0 @ 0x17cde0  in=9 out_ir=10 skipped=0 (0%) notes=0
[2026-05-08T14:44:29Z INFO  vmp] lift fn_0017ce04 @ 0x17ce04  in=9 out_ir=10 skipped=0 (0%) notes=0
[2026-05-08T14:44:29Z INFO  vmp] lift fn_0017ce28 @ 0x17ce28  in=29 out_ir=38 skipped=2 (6%) notes=2
[2026-05-08T14:44:29Z INFO  vmp] lift fn_0017ce9c @ 0x17ce9c  in=9 out_ir=10 skipped=0 (0%) notes=0
[2026-05-08T14:44:29Z INFO  vmp] lift fn_0017cec0 @ 0x17cec0  in=23 out_ir=30 skipped=1 (4%) notes=1
[2026-05-08T14:44:29Z INFO  vmp] lift fn_0017cf1c @ 0x17cf1c  in=26 out_ir=42 skipped=0 (0%) notes=0
[2026-05-08T14:44:29Z INFO  vmp] lift fn_0017cf84 @ 0x17cf84  in=23 out_ir=34 skipped=0 (0%) notes=0
[2026-05-08T14:44:29Z INFO  vmp] lift fn_0017cfe0 @ 0x17cfe0  in=1252 out_ir=1565 skipped=20 (1%) notes=20
[2026-05-08T14:44:29Z INFO  vmp] lift fn_0017e370 @ 0x17e370  in=96 out_ir=129 skipped=2 (2%) notes=2
[2026-05-08T14:44:29Z INFO  vmp] lift fn_0017e4f0 @ 0x17e4f0  in=35 out_ir=54 skipped=0 (0%) notes=0
[2026-05-08T14:44:29Z INFO  vmp] lift fn_0017e57c @ 0x17e57c  in=130 out_ir=193 skipped=7 (5%) notes=7
[2026-05-08T14:44:29Z INFO  vmp] lift fn_0017e784 @ 0x17e784  in=33 out_ir=52 skipped=1 (3%) notes=1
[2026-05-08T14:44:29Z INFO  vmp] lift fn_0017e808 @ 0x17e808  in=70 out_ir=108 skipped=2 (2%) notes=2
[2026-05-08T14:44:29Z INFO  vmp] lift fn_0017e920 @ 0x17e920  in=122 out_ir=194 skipped=2 (1%) notes=2
[2026-05-08T14:44:29Z INFO  vmp] lift fn_0017eb08 @ 0x17eb08  in=53 out_ir=66 skipped=4 (7%) notes=4
[2026-05-08T14:44:29Z INFO  vmp] lift fn_0017ebdc @ 0x17ebdc  in=101 out_ir=143 skipped=3 (2%) notes=3
[2026-05-08T14:44:29Z INFO  vmp] lift fn_0017ed70 @ 0x17ed70  in=25 out_ir=26 skipped=0 (0%) notes=0
[2026-05-08T14:44:29Z INFO  vmp] lift fn_0017edd4 @ 0x17edd4  in=57 out_ir=70 skipped=4 (7%) notes=4
[2026-05-08T14:44:29Z INFO  vmp] lift fn_0017eeb8 @ 0x17eeb8  in=169 out_ir=268 skipped=14 (8%) notes=14
[2026-05-08T14:44:29Z INFO  vmp] lift fn_0017f15c @ 0x17f15c  in=25 out_ir=37 skipped=0 (0%) notes=0
[2026-05-08T14:44:29Z INFO  vmp] lift fn_0017f1c0 @ 0x17f1c0  in=41 out_ir=66 skipped=2 (4%) notes=2
[2026-05-08T14:44:29Z INFO  vmp] lift fn_0017f264 @ 0x17f264  in=55 out_ir=69 skipped=0 (0%) notes=0
[2026-05-08T14:44:29Z INFO  vmp] lift fn_0017f340 @ 0x17f340  in=2 out_ir=3 skipped=0 (0%) notes=0
[2026-05-08T14:44:29Z INFO  vmp] lift fn_0017f348 @ 0x17f348  in=742 out_ir=1048 skipped=56 (7%) notes=56
[2026-05-08T14:44:29Z INFO  vmp] lift fn_0017fee0 @ 0x17fee0  in=240 out_ir=341 skipped=34 (14%) notes=34
[2026-05-08T14:44:29Z INFO  vmp] lift fn_001802a0 @ 0x1802a0  in=303 out_ir=414 skipped=25 (8%) notes=25
[2026-05-08T14:44:29Z INFO  vmp] lift fn_0018075c @ 0x18075c  in=1462 out_ir=1959 skipped=167 (11%) notes=167
[2026-05-08T14:44:29Z INFO  vmp] lift fn_00181e34 @ 0x181e34  in=33 out_ir=45 skipped=2 (6%) notes=2
[2026-05-08T14:44:29Z INFO  vmp] lift fn_00181eb8 @ 0x181eb8  in=176 out_ir=261 skipped=9 (5%) notes=9
[2026-05-08T14:44:29Z INFO  vmp] lift fn_00182178 @ 0x182178  in=156 out_ir=211 skipped=23 (14%) notes=23
[2026-05-08T14:44:29Z INFO  vmp] lift fn_001823e8 @ 0x1823e8  in=17 out_ir=25 skipped=4 (23%) notes=4
[2026-05-08T14:44:29Z INFO  vmp] lift fn_0018242c @ 0x18242c  in=63 out_ir=100 skipped=2 (3%) notes=2
[2026-05-08T14:44:29Z INFO  vmp] lift fn_00182528 @ 0x182528  in=62 out_ir=99 skipped=2 (3%) notes=2
[2026-05-08T14:44:29Z INFO  vmp] lift fn_00182620 @ 0x182620  in=25 out_ir=37 skipped=0 (0%) notes=0
[2026-05-08T14:44:29Z INFO  vmp] lift fn_00182684 @ 0x182684  in=655 out_ir=910 skipped=50 (7%) notes=50
[2026-05-08T14:44:29Z INFO  vmp] lift fn_001830c0 @ 0x1830c0  in=26 out_ir=41 skipped=0 (0%) notes=0
[2026-05-08T14:44:29Z INFO  vmp] lift fn_00183128 @ 0x183128  in=67 out_ir=103 skipped=2 (2%) notes=2
[2026-05-08T14:44:29Z INFO  vmp] lift fn_00183234 @ 0x183234  in=66 out_ir=102 skipped=2 (3%) notes=2
[2026-05-08T14:44:29Z INFO  vmp] lift fn_0018333c @ 0x18333c  in=60 out_ir=93 skipped=3 (5%) notes=3
[2026-05-08T14:44:29Z INFO  vmp] lift fn_0018342c @ 0x18342c  in=86 out_ir=128 skipped=5 (5%) notes=5
[2026-05-08T14:44:29Z INFO  vmp] lift fn_00183584 @ 0x183584  in=133 out_ir=181 skipped=13 (9%) notes=13
[2026-05-08T14:44:29Z INFO  vmp] lift fn_00183798 @ 0x183798  in=80 out_ir=106 skipped=10 (12%) notes=10
[2026-05-08T14:44:29Z INFO  vmp] lift fn_001838d8 @ 0x1838d8  in=70 out_ir=100 skipped=5 (7%) notes=5
[2026-05-08T14:44:29Z INFO  vmp] lift fn_001839f0 @ 0x1839f0  in=8 out_ir=9 skipped=1 (12%) notes=1
[2026-05-08T14:44:29Z INFO  vmp] lift fn_00183a10 @ 0x183a10  in=16 out_ir=24 skipped=1 (6%) notes=1
[2026-05-08T14:44:29Z INFO  vmp] lift fn_00183a50 @ 0x183a50  in=11 out_ir=15 skipped=0 (0%) notes=0
[2026-05-08T14:44:29Z INFO  vmp] lift fn_00183a7c @ 0x183a7c  in=27 out_ir=42 skipped=0 (0%) notes=0
[2026-05-08T14:44:29Z INFO  vmp] lift fn_00183ae8 @ 0x183ae8  in=95 out_ir=129 skipped=11 (11%) notes=11
[2026-05-08T14:44:29Z INFO  vmp] lift fn_00183c64 @ 0x183c64  in=14 out_ir=25 skipped=0 (0%) notes=0
[2026-05-08T14:44:29Z INFO  vmp] lift fn_00183c9c @ 0x183c9c  in=141 out_ir=187 skipped=27 (19%) notes=27
[2026-05-08T14:44:29Z INFO  vmp] lift fn_00183ed0 @ 0x183ed0  in=232 out_ir=276 skipped=41 (17%) notes=41
[2026-05-08T14:44:29Z INFO  vmp] lift fn_00184270 @ 0x184270  in=366 out_ir=530 skipped=44 (12%) notes=44
[2026-05-08T14:44:29Z INFO  vmp] lift fn_00184828 @ 0x184828  in=8 out_ir=16 skipped=0 (0%) notes=0
[2026-05-08T14:44:29Z INFO  vmp] lift fn_00184848 @ 0x184848  in=72 out_ir=102 skipped=4 (5%) notes=4
[2026-05-08T14:44:29Z INFO  vmp] lift fn_00184968 @ 0x184968  in=231 out_ir=327 skipped=7 (3%) notes=7
[2026-05-08T14:44:29Z INFO  vmp] lift fn_00184d04 @ 0x184d04  in=25 out_ir=33 skipped=3 (12%) notes=3
[2026-05-08T14:44:29Z INFO  vmp] lift fn_00184d68 @ 0x184d68  in=20 out_ir=24 skipped=0 (0%) notes=0
[2026-05-08T14:44:29Z INFO  vmp] lift fn_00184db8 @ 0x184db8  in=92 out_ir=142 skipped=5 (5%) notes=5
[2026-05-08T14:44:29Z INFO  vmp] lift fn_00184f28 @ 0x184f28  in=9 out_ir=11 skipped=0 (0%) notes=0
[2026-05-08T14:44:29Z INFO  vmp] lift fn_00184f4c @ 0x184f4c  in=26 out_ir=39 skipped=0 (0%) notes=0
[2026-05-08T14:44:29Z INFO  vmp] lift fn_00184fb4 @ 0x184fb4  in=17 out_ir=17 skipped=0 (0%) notes=0
[2026-05-08T14:44:29Z INFO  vmp] lift fn_00184ff8 @ 0x184ff8  in=9 out_ir=19 skipped=1 (11%) notes=1
[2026-05-08T14:44:29Z INFO  vmp] lift fn_0018501c @ 0x18501c  in=58 out_ir=90 skipped=4 (6%) notes=4
[2026-05-08T14:44:29Z INFO  vmp] lift fn_00185104 @ 0x185104  in=6 out_ir=6 skipped=2 (33%) notes=2
[2026-05-08T14:44:29Z INFO  vmp] lift fn_0018511c @ 0x18511c  in=26 out_ir=41 skipped=0 (0%) notes=0
[2026-05-08T14:44:29Z INFO  vmp] lift fn_00185184 @ 0x185184  in=182 out_ir=253 skipped=1 (0%) notes=1
[2026-05-08T14:44:29Z INFO  vmp] lift fn_0018545c @ 0x18545c  in=80 out_ir=117 skipped=4 (5%) notes=4
[2026-05-08T14:44:29Z INFO  vmp] lift fn_0018559c @ 0x18559c  in=2 out_ir=3 skipped=0 (0%) notes=0
[2026-05-08T14:44:29Z INFO  vmp] lift fn_001855a4 @ 0x1855a4  in=54 out_ir=81 skipped=0 (0%) notes=0
[2026-05-08T14:44:29Z INFO  vmp] lift fn_0018567c @ 0x18567c  in=160 out_ir=204 skipped=16 (10%) notes=16
[2026-05-08T14:44:29Z INFO  vmp] lift fn_001858fc @ 0x1858fc  in=5 out_ir=12 skipped=0 (0%) notes=0
[2026-05-08T14:44:29Z INFO  vmp] lift fn_00185910 @ 0x185910  in=6 out_ir=6 skipped=0 (0%) notes=0
[2026-05-08T14:44:29Z INFO  vmp] lift fn_00185928 @ 0x185928  in=435 out_ir=543 skipped=56 (12%) notes=56
[2026-05-08T14:44:29Z INFO  vmp] lift fn_00185ff4 @ 0x185ff4  in=31 out_ir=39 skipped=2 (6%) notes=2
[2026-05-08T14:44:29Z INFO  vmp] lift fn_00186070 @ 0x186070  in=5 out_ir=11 skipped=1 (20%) notes=1
[2026-05-08T14:44:29Z INFO  vmp] lift fn_00186084 @ 0x186084  in=26 out_ir=33 skipped=1 (3%) notes=1
[2026-05-08T14:44:29Z INFO  vmp] lift fn_001860ec @ 0x1860ec  in=31 out_ir=39 skipped=2 (6%) notes=2
[2026-05-08T14:44:29Z INFO  vmp] lift fn_00186168 @ 0x186168  in=26 out_ir=33 skipped=1 (3%) notes=1
[2026-05-08T14:44:29Z INFO  vmp] lift fn_001861d0 @ 0x1861d0  in=34 out_ir=46 skipped=3 (8%) notes=3
[2026-05-08T14:44:29Z INFO  vmp] lift fn_00186258 @ 0x186258  in=110 out_ir=134 skipped=22 (20%) notes=22
[2026-05-08T14:44:29Z INFO  vmp] lift fn_00186410 @ 0x186410  in=90 out_ir=124 skipped=2 (2%) notes=2
[2026-05-08T14:44:29Z INFO  vmp] lift fn_00186578 @ 0x186578  in=108 out_ir=148 skipped=11 (10%) notes=11
[2026-05-08T14:44:29Z INFO  vmp] lift fn_00186728 @ 0x186728  in=40 out_ir=55 skipped=3 (7%) notes=3
[2026-05-08T14:44:29Z INFO  vmp] lift fn_001867c8 @ 0x1867c8  in=36 out_ir=57 skipped=0 (0%) notes=0
[2026-05-08T14:44:29Z INFO  vmp] lift fn_00186858 @ 0x186858  in=624 out_ir=840 skipped=56 (8%) notes=56
[2026-05-08T14:44:29Z INFO  vmp] lift fn_00187218 @ 0x187218  in=3 out_ir=3 skipped=0 (0%) notes=0
[2026-05-08T14:44:29Z INFO  vmp] lift fn_00187224 @ 0x187224  in=44 out_ir=65 skipped=0 (0%) notes=0
[2026-05-08T14:44:29Z INFO  vmp] lift fn_001872d4 @ 0x1872d4  in=307 out_ir=407 skipped=32 (10%) notes=32
[2026-05-08T14:44:29Z INFO  vmp] lift fn_001877a0 @ 0x1877a0  in=27 out_ir=43 skipped=0 (0%) notes=0
[2026-05-08T14:44:29Z INFO  vmp] lift fn_0018780c @ 0x18780c  in=75 out_ir=103 skipped=5 (6%) notes=5
[2026-05-08T14:44:29Z INFO  vmp] lift fn_00187938 @ 0x187938  in=174 out_ir=237 skipped=7 (4%) notes=7
[2026-05-08T14:44:29Z INFO  vmp] lift fn_00187bf0 @ 0x187bf0  in=4 out_ir=4 skipped=0 (0%) notes=0
[2026-05-08T14:44:29Z INFO  vmp] lift fn_00187c00 @ 0x187c00  in=77 out_ir=119 skipped=3 (3%) notes=3
[2026-05-08T14:44:29Z INFO  vmp] lift fn_00187d34 @ 0x187d34  in=1076 out_ir=1443 skipped=85 (7%) notes=85
[2026-05-08T14:44:29Z INFO  vmp] lift fn_00188e04 @ 0x188e04  in=65 out_ir=88 skipped=5 (7%) notes=5
[2026-05-08T14:44:29Z INFO  vmp] lift fn_00188f08 @ 0x188f08  in=73 out_ir=108 skipped=7 (9%) notes=7
[2026-05-08T14:44:29Z INFO  vmp] lift fn_0018902c @ 0x18902c  in=38 out_ir=65 skipped=0 (0%) notes=0
[2026-05-08T14:44:29Z INFO  vmp] lift fn_001890c4 @ 0x1890c4  in=643 out_ir=873 skipped=37 (5%) notes=37
[2026-05-08T14:44:29Z INFO  vmp] lift fn_00189ad0 @ 0x189ad0  in=20 out_ir=33 skipped=0 (0%) notes=0
[2026-05-08T14:44:29Z INFO  vmp] lift fn_00189b20 @ 0x189b20  in=22 out_ir=35 skipped=0 (0%) notes=0
[2026-05-08T14:44:29Z INFO  vmp] lift fn_00189b78 @ 0x189b78  in=242 out_ir=324 skipped=9 (3%) notes=9
[2026-05-08T14:44:29Z INFO  vmp] lift fn_00189f40 @ 0x189f40  in=184 out_ir=246 skipped=24 (13%) notes=24
[2026-05-08T14:44:29Z INFO  vmp] lift fn_0018a220 @ 0x18a220  in=31 out_ir=48 skipped=0 (0%) notes=0
[2026-05-08T14:44:29Z INFO  vmp] lift fn_0018a29c @ 0x18a29c  in=29 out_ir=31 skipped=1 (3%) notes=1
[2026-05-08T14:44:29Z INFO  vmp] lift fn_0018a310 @ 0x18a310  in=29 out_ir=40 skipped=1 (3%) notes=1
[2026-05-08T14:44:29Z INFO  vmp] lift fn_0018a384 @ 0x18a384  in=25 out_ir=43 skipped=0 (0%) notes=0
[2026-05-08T14:44:29Z INFO  vmp] lift fn_0018a3e8 @ 0x18a3e8  in=68 out_ir=94 skipped=2 (2%) notes=2
[2026-05-08T14:44:29Z INFO  vmp] lift fn_0018a4f8 @ 0x18a4f8  in=158 out_ir=204 skipped=5 (3%) notes=5
[2026-05-08T14:44:29Z INFO  vmp] lift fn_0018a770 @ 0x18a770  in=75 out_ir=108 skipped=1 (1%) notes=1
[2026-05-08T14:44:29Z INFO  vmp] lift fn_0018a89c @ 0x18a89c  in=111 out_ir=164 skipped=0 (0%) notes=0
[2026-05-08T14:44:29Z INFO  vmp] lift fn_0018aa58 @ 0x18aa58  in=47 out_ir=78 skipped=0 (0%) notes=0
[2026-05-08T14:44:29Z INFO  vmp] lift fn_0018ab14 @ 0x18ab14  in=86 out_ir=109 skipped=2 (2%) notes=2
[2026-05-08T14:44:29Z INFO  vmp] lift fn_0018ac6c @ 0x18ac6c  in=91 out_ir=139 skipped=2 (2%) notes=2
[2026-05-08T14:44:29Z INFO  vmp] lift fn_0018add8 @ 0x18add8  in=68 out_ir=99 skipped=2 (2%) notes=2
[2026-05-08T14:44:29Z INFO  vmp] lift fn_0018aee8 @ 0x18aee8  in=56 out_ir=79 skipped=0 (0%) notes=0
[2026-05-08T14:44:29Z INFO  vmp] lift fn_0018afc8 @ 0x18afc8  in=118 out_ir=179 skipped=0 (0%) notes=0
[2026-05-08T14:44:29Z INFO  vmp] lift fn_0018b1a0 @ 0x18b1a0  in=149 out_ir=198 skipped=6 (4%) notes=6
[2026-05-08T14:44:29Z INFO  vmp] lift fn_0018b3f4 @ 0x18b3f4  in=2 out_ir=2 skipped=0 (0%) notes=0
[2026-05-08T14:44:29Z INFO  vmp] lift fn_0018b3fc @ 0x18b3fc  in=18 out_ir=23 skipped=4 (22%) notes=4
[2026-05-08T14:44:29Z INFO  vmp] lift fn_0018b444 @ 0x18b444  in=118 out_ir=150 skipped=15 (12%) notes=15
[2026-05-08T14:44:29Z INFO  vmp] lift fn_0018b61c @ 0x18b61c  in=111 out_ir=147 skipped=14 (12%) notes=14
[2026-05-08T14:44:29Z INFO  vmp] lift fn_0018b7d8 @ 0x18b7d8  in=85 out_ir=132 skipped=6 (7%) notes=6
[2026-05-08T14:44:29Z INFO  vmp] lift fn_0018b92c @ 0x18b92c  in=85 out_ir=132 skipped=7 (8%) notes=7
[2026-05-08T14:44:29Z INFO  vmp] lift fn_0018ba80 @ 0x18ba80  in=125 out_ir=157 skipped=18 (14%) notes=18
[2026-05-08T14:44:29Z INFO  vmp] lift fn_0018bc74 @ 0x18bc74  in=121 out_ir=157 skipped=22 (18%) notes=22
[2026-05-08T14:44:29Z INFO  vmp] lift fn_0018be58 @ 0x18be58  in=85 out_ir=132 skipped=6 (7%) notes=6
[2026-05-08T14:44:29Z INFO  vmp] lift fn_0018bfac @ 0x18bfac  in=85 out_ir=132 skipped=7 (8%) notes=7
[2026-05-08T14:44:29Z INFO  vmp] lift fn_0018c100 @ 0x18c100  in=122 out_ir=140 skipped=17 (13%) notes=17
[2026-05-08T14:44:29Z INFO  vmp] lift fn_0018c2e8 @ 0x18c2e8  in=104 out_ir=126 skipped=16 (15%) notes=16
[2026-05-08T14:44:29Z INFO  vmp] lift fn_0018c488 @ 0x18c488  in=84 out_ir=131 skipped=8 (9%) notes=8
[2026-05-08T14:44:29Z INFO  vmp] lift fn_0018c5d8 @ 0x18c5d8  in=135 out_ir=155 skipped=29 (21%) notes=29
[2026-05-08T14:44:29Z INFO  vmp] lift fn_0018c7f4 @ 0x18c7f4  in=118 out_ir=140 skipped=29 (24%) notes=29
[2026-05-08T14:44:29Z INFO  vmp] lift fn_0018c9cc @ 0x18c9cc  in=82 out_ir=129 skipped=6 (7%) notes=6
[2026-05-08T14:44:29Z INFO  vmp] lift fn_0018cb14 @ 0x18cb14  in=67 out_ir=110 skipped=1 (1%) notes=1
[2026-05-08T14:44:29Z INFO  vmp] lift fn_0018cc20 @ 0x18cc20  in=72 out_ir=130 skipped=3 (4%) notes=3
[2026-05-08T14:44:29Z INFO  vmp] lift fn_0018cd40 @ 0x18cd40  in=110 out_ir=147 skipped=6 (5%) notes=6
[2026-05-08T14:44:29Z INFO  vmp] lift fn_0018cef8 @ 0x18cef8  in=36 out_ir=53 skipped=0 (0%) notes=0
[2026-05-08T14:44:29Z INFO  vmp] lift fn_0018cf88 @ 0x18cf88  in=70 out_ir=93 skipped=5 (7%) notes=5
[2026-05-08T14:44:29Z INFO  vmp] lift fn_0018d0a0 @ 0x18d0a0  in=11 out_ir=22 skipped=0 (0%) notes=0
[2026-05-08T14:44:29Z INFO  vmp] lift fn_0018d0cc @ 0x18d0cc  in=251 out_ir=328 skipped=6 (2%) notes=6
[2026-05-08T14:44:29Z INFO  vmp] lift fn_0018d4b8 @ 0x18d4b8  in=330 out_ir=420 skipped=22 (6%) notes=22
[2026-05-08T14:44:29Z INFO  vmp] lift fn_0018d9e0 @ 0x18d9e0  in=133 out_ir=172 skipped=7 (5%) notes=7
[2026-05-08T14:44:29Z INFO  vmp] lift fn_0018dbf4 @ 0x18dbf4  in=128 out_ir=147 skipped=6 (4%) notes=6
[2026-05-08T14:44:29Z INFO  vmp] lift fn_0018ddf4 @ 0x18ddf4  in=89 out_ir=118 skipped=7 (7%) notes=7
[2026-05-08T14:44:29Z INFO  vmp] lift fn_0018df58 @ 0x18df58  in=399 out_ir=533 skipped=27 (6%) notes=27
[2026-05-08T14:44:29Z INFO  vmp] lift fn_0018e594 @ 0x18e594  in=588 out_ir=751 skipped=20 (3%) notes=20
[2026-05-08T14:44:29Z INFO  vmp] lift fn_0018eec4 @ 0x18eec4  in=160 out_ir=206 skipped=5 (3%) notes=5
[2026-05-08T14:44:29Z INFO  vmp] lift fn_0018f144 @ 0x18f144  in=99 out_ir=122 skipped=8 (8%) notes=8
[2026-05-08T14:44:29Z INFO  vmp] lift fn_0018f2d0 @ 0x18f2d0  in=77 out_ir=101 skipped=3 (3%) notes=3
[2026-05-08T14:44:29Z INFO  vmp] lift fn_0018f404 @ 0x18f404  in=74 out_ir=91 skipped=4 (5%) notes=4
[2026-05-08T14:44:29Z INFO  vmp] lift fn_0018f52c @ 0x18f52c  in=226 out_ir=294 skipped=10 (4%) notes=10
[2026-05-08T14:44:29Z INFO  vmp] lift fn_0018f8b4 @ 0x18f8b4  in=313 out_ir=428 skipped=19 (6%) notes=19
[2026-05-08T14:44:29Z INFO  vmp] lift fn_0018fd98 @ 0x18fd98  in=8 out_ir=16 skipped=0 (0%) notes=0
[2026-05-08T14:44:29Z INFO  vmp] lift fn_0018fdb8 @ 0x18fdb8  in=103 out_ir=130 skipped=0 (0%) notes=0
[2026-05-08T14:44:29Z INFO  vmp] lift fn_0018ff54 @ 0x18ff54  in=65 out_ir=94 skipped=0 (0%) notes=0
[2026-05-08T14:44:29Z INFO  vmp] lift fn_00190058 @ 0x190058  in=516 out_ir=669 skipped=0 (0%) notes=0
[2026-05-08T14:44:29Z INFO  vmp] lift fn_00190868 @ 0x190868  in=34 out_ir=51 skipped=0 (0%) notes=0
[2026-05-08T14:44:29Z INFO  vmp] lift fn_001908f0 @ 0x1908f0  in=90 out_ir=137 skipped=6 (6%) notes=6
[2026-05-08T14:44:29Z INFO  vmp] lift fn_00190a58 @ 0x190a58  in=40 out_ir=58 skipped=0 (0%) notes=0
[2026-05-08T14:44:29Z INFO  vmp] lift fn_00190af8 @ 0x190af8  in=8 out_ir=19 skipped=0 (0%) notes=0
[2026-05-08T14:44:29Z INFO  vmp] lift fn_00190b18 @ 0x190b18  in=34 out_ir=47 skipped=0 (0%) notes=0
[2026-05-08T14:44:29Z INFO  vmp] lift fn_00190ba0 @ 0x190ba0  in=29 out_ir=36 skipped=1 (3%) notes=1
[2026-05-08T14:44:29Z INFO  vmp] lift fn_00190c14 @ 0x190c14  in=101 out_ir=139 skipped=6 (5%) notes=6
[2026-05-08T14:44:29Z INFO  vmp] lift fn_00190da8 @ 0x190da8  in=8 out_ir=16 skipped=0 (0%) notes=0
[2026-05-08T14:44:29Z INFO  vmp] lift fn_00190dc8 @ 0x190dc8  in=89 out_ir=125 skipped=6 (6%) notes=6
[2026-05-08T14:44:29Z INFO  vmp] lift fn_00190f2c @ 0x190f2c  in=8 out_ir=16 skipped=0 (0%) notes=0
[2026-05-08T14:44:29Z INFO  vmp] lift fn_00190f4c @ 0x190f4c  in=158 out_ir=212 skipped=3 (1%) notes=3
[2026-05-08T14:44:29Z INFO  vmp] lift fn_001911c4 @ 0x1911c4  in=512 out_ir=702 skipped=24 (4%) notes=24
[2026-05-08T14:44:29Z INFO  vmp] lift fn_001919c4 @ 0x1919c4  in=298 out_ir=370 skipped=13 (4%) notes=13
[2026-05-08T14:44:29Z INFO  vmp] lift fn_00191e6c @ 0x191e6c  in=116 out_ir=152 skipped=0 (0%) notes=0
[2026-05-08T14:44:29Z INFO  vmp] lift fn_0019203c @ 0x19203c  in=48 out_ir=78 skipped=0 (0%) notes=0
[2026-05-08T14:44:29Z INFO  vmp] lift fn_001920fc @ 0x1920fc  in=51 out_ir=75 skipped=1 (1%) notes=1
[2026-05-08T14:44:29Z INFO  vmp] lift fn_001921c8 @ 0x1921c8  in=35 out_ir=51 skipped=1 (2%) notes=1
[2026-05-08T14:44:29Z INFO  vmp] lift fn_00192254 @ 0x192254  in=13 out_ir=22 skipped=0 (0%) notes=0
[2026-05-08T14:44:29Z INFO  vmp] lift fn_00192288 @ 0x192288  in=32 out_ir=48 skipped=0 (0%) notes=0
[2026-05-08T14:44:29Z INFO  vmp] lift fn_00192308 @ 0x192308  in=17 out_ir=28 skipped=0 (0%) notes=0
[2026-05-08T14:44:29Z INFO  vmp] lift fn_0019234c @ 0x19234c  in=10 out_ir=20 skipped=1 (10%) notes=1
[2026-05-08T14:44:29Z INFO  vmp] lift fn_00192374 @ 0x192374  in=82 out_ir=100 skipped=10 (12%) notes=10
[2026-05-08T14:44:29Z INFO  vmp] lift fn_001924bc @ 0x1924bc  in=2 out_ir=2 skipped=0 (0%) notes=0
[2026-05-08T14:44:29Z INFO  vmp] lift fn_001924c4 @ 0x1924c4  in=178 out_ir=230 skipped=18 (10%) notes=18
[2026-05-08T14:44:29Z INFO  vmp] lift fn_0019278c @ 0x19278c  in=6 out_ir=6 skipped=0 (0%) notes=0
[2026-05-08T14:44:29Z INFO  vmp] lift fn_001927a4 @ 0x1927a4  in=6 out_ir=6 skipped=0 (0%) notes=0
[2026-05-08T14:44:29Z INFO  vmp] lift fn_001927bc @ 0x1927bc  in=46 out_ir=59 skipped=0 (0%) notes=0
[2026-05-08T14:44:29Z INFO  vmp] lift fn_00192874 @ 0x192874  in=33 out_ir=52 skipped=1 (3%) notes=1
[2026-05-08T14:44:29Z INFO  vmp] lift fn_001928f8 @ 0x1928f8  in=472 out_ir=606 skipped=242 (51%) notes=242
[2026-05-08T14:44:29Z INFO  vmp] lift fn_00193058 @ 0x193058  in=1 out_ir=1 skipped=0 (0%) notes=0
[2026-05-08T14:44:29Z INFO  vmp] lift fn_0019305c @ 0x19305c  in=1 out_ir=1 skipped=0 (0%) notes=0
[2026-05-08T14:44:29Z INFO  vmp] lift fn_00193060 @ 0x193060  in=1 out_ir=1 skipped=0 (0%) notes=0
[2026-05-08T14:44:29Z INFO  vmp] lift fn_00193064 @ 0x193064  in=169 out_ir=262 skipped=7 (4%) notes=7
[2026-05-08T14:44:29Z INFO  vmp] lift fn_00193308 @ 0x193308  in=28 out_ir=40 skipped=2 (7%) notes=2
[2026-05-08T14:44:29Z INFO  vmp] lift fn_00193378 @ 0x193378  in=103 out_ir=144 skipped=0 (0%) notes=0
[2026-05-08T14:44:29Z INFO  vmp] lift fn_00193514 @ 0x193514  in=1022 out_ir=1516 skipped=31 (3%) notes=31
[2026-05-08T14:44:29Z INFO  vmp] lift fn_0019450c @ 0x19450c  in=2169 out_ir=2964 skipped=67 (3%) notes=67
[2026-05-08T14:44:29Z INFO  vmp] lift fn_001966f0 @ 0x1966f0  in=215 out_ir=302 skipped=3 (1%) notes=3
[2026-05-08T14:44:29Z INFO  vmp] lift fn_00196a4c @ 0x196a4c  in=127 out_ir=172 skipped=2 (1%) notes=2
[2026-05-08T14:44:29Z INFO  vmp] lift fn_00196c48 @ 0x196c48  in=603 out_ir=814 skipped=23 (3%) notes=23
[2026-05-08T14:44:29Z INFO  vmp] lift fn_001975b4 @ 0x1975b4  in=55 out_ir=73 skipped=2 (3%) notes=2
[2026-05-08T14:44:29Z INFO  vmp] lift fn_00197690 @ 0x197690  in=2114 out_ir=3112 skipped=57 (2%) notes=57
[2026-05-08T14:44:29Z INFO  vmp] lift fn_00199798 @ 0x199798  in=88 out_ir=124 skipped=2 (2%) notes=2
[2026-05-08T14:44:29Z INFO  vmp] lift fn_001998f8 @ 0x1998f8  in=170 out_ir=252 skipped=6 (3%) notes=6
[2026-05-08T14:44:29Z INFO  vmp] lift fn_00199ba0 @ 0x199ba0  in=613 out_ir=885 skipped=23 (3%) notes=23
[2026-05-08T14:44:29Z INFO  vmp] lift fn_0019a534 @ 0x19a534  in=367 out_ir=442 skipped=122 (33%) notes=122
[2026-05-08T14:44:29Z INFO  vmp] lift fn_0019aaf0 @ 0x19aaf0  in=254 out_ir=349 skipped=3 (1%) notes=3
[2026-05-08T14:44:29Z INFO  vmp] lift fn_0019aee8 @ 0x19aee8  in=868 out_ir=1178 skipped=53 (6%) notes=53
[2026-05-08T14:44:29Z INFO  vmp] lift fn_0019bc78 @ 0x19bc78  in=41 out_ir=60 skipped=0 (0%) notes=0
[2026-05-08T14:44:29Z INFO  vmp] lift fn_0019bd1c @ 0x19bd1c  in=1163 out_ir=1599 skipped=14 (1%) notes=14
[2026-05-08T14:44:29Z INFO  vmp] lift fn_0019cf48 @ 0x19cf48  in=999 out_ir=1414 skipped=242 (24%) notes=242
[2026-05-08T14:44:29Z INFO  vmp] lift fn_0019dee4 @ 0x19dee4  in=910 out_ir=1318 skipped=208 (22%) notes=208
[2026-05-08T14:44:29Z INFO  vmp] lift fn_0019ed1c @ 0x19ed1c  in=21 out_ir=29 skipped=0 (0%) notes=0
[2026-05-08T14:44:29Z INFO  vmp] lift fn_0019ed70 @ 0x19ed70  in=12 out_ir=21 skipped=0 (0%) notes=0
[2026-05-08T14:44:29Z INFO  vmp] lift fn_0019eda0 @ 0x19eda0  in=77 out_ir=105 skipped=0 (0%) notes=0
[2026-05-08T14:44:29Z INFO  vmp] lift fn_0019eed4 @ 0x19eed4  in=45 out_ir=64 skipped=1 (2%) notes=1
[2026-05-08T14:44:29Z INFO  vmp] lift fn_0019ef88 @ 0x19ef88  in=79 out_ir=114 skipped=15 (18%) notes=15
[2026-05-08T14:44:29Z INFO  vmp] lift fn_0019f0c4 @ 0x19f0c4  in=137 out_ir=203 skipped=34 (24%) notes=34
[2026-05-08T14:44:29Z INFO  vmp] lift fn_0019f2e8 @ 0x19f2e8  in=123 out_ir=185 skipped=4 (3%) notes=4
[2026-05-08T14:44:29Z INFO  vmp] lift fn_0019f4d4 @ 0x19f4d4  in=1798 out_ir=2587 skipped=289 (16%) notes=289
[2026-05-08T14:44:29Z INFO  vmp] lift fn_001a10ec @ 0x1a10ec  in=24 out_ir=37 skipped=0 (0%) notes=0
[2026-05-08T14:44:29Z INFO  vmp] lift fn_001a114c @ 0x1a114c  in=22 out_ir=33 skipped=1 (4%) notes=1
[2026-05-08T14:44:29Z INFO  vmp] lift fn_001a11a4 @ 0x1a11a4  in=16 out_ir=24 skipped=0 (0%) notes=0
[2026-05-08T14:44:29Z INFO  vmp] lift fn_001a11e4 @ 0x1a11e4  in=12 out_ir=21 skipped=0 (0%) notes=0
[2026-05-08T14:44:29Z INFO  vmp] lift fn_001a1214 @ 0x1a1214  in=77 out_ir=105 skipped=0 (0%) notes=0
[2026-05-08T14:44:29Z INFO  vmp] lift fn_001a1348 @ 0x1a1348  in=360 out_ir=464 skipped=2 (0%) notes=2
[2026-05-08T14:44:29Z INFO  vmp] lift fn_001a18e8 @ 0x1a18e8  in=27 out_ir=46 skipped=9 (33%) notes=9
[2026-05-08T14:44:29Z INFO  vmp] lift fn_001a1954 @ 0x1a1954  in=14 out_ir=28 skipped=0 (0%) notes=0
[2026-05-08T14:44:29Z INFO  vmp] lift fn_001a198c @ 0x1a198c  in=21 out_ir=27 skipped=3 (14%) notes=3
[2026-05-08T14:44:29Z INFO  vmp] lift fn_001a19e0 @ 0x1a19e0  in=800 out_ir=1107 skipped=19 (2%) notes=19
[2026-05-08T14:44:29Z INFO  vmp] lift fn_001a2660 @ 0x1a2660  in=363 out_ir=494 skipped=0 (0%) notes=0
[2026-05-08T14:44:29Z INFO  vmp] lift fn_001a2c0c @ 0x1a2c0c  in=113 out_ir=158 skipped=1 (0%) notes=1
[2026-05-08T14:44:29Z INFO  vmp] lift fn_001a2dd0 @ 0x1a2dd0  in=72 out_ir=101 skipped=1 (1%) notes=1
[2026-05-08T14:44:29Z INFO  vmp] lift fn_001a2ef0 @ 0x1a2ef0  in=156 out_ir=223 skipped=0 (0%) notes=0
[2026-05-08T14:44:29Z INFO  vmp] lift fn_001a3160 @ 0x1a3160  in=77 out_ir=111 skipped=0 (0%) notes=0
[2026-05-08T14:44:29Z INFO  vmp] lift fn_001a3294 @ 0x1a3294  in=87 out_ir=132 skipped=2 (2%) notes=2
[2026-05-08T14:44:29Z INFO  vmp] lift fn_001a33f0 @ 0x1a33f0  in=230 out_ir=298 skipped=50 (21%) notes=50
[2026-05-08T14:44:29Z INFO  vmp] lift fn_001a3788 @ 0x1a3788  in=47 out_ir=82 skipped=6 (12%) notes=6
[2026-05-08T14:44:29Z INFO  vmp] lift fn_001a3844 @ 0x1a3844  in=134 out_ir=183 skipped=52 (38%) notes=52
[2026-05-08T14:44:29Z INFO  vmp] lift fn_001a3a5c @ 0x1a3a5c  in=90 out_ir=133 skipped=0 (0%) notes=0
[2026-05-08T14:44:29Z INFO  vmp] lift fn_001a3bc4 @ 0x1a3bc4  in=570 out_ir=832 skipped=10 (1%) notes=10
[2026-05-08T14:44:29Z INFO  vmp] lift fn_001a44ac @ 0x1a44ac  in=496 out_ir=681 skipped=23 (4%) notes=23
[2026-05-08T14:44:29Z INFO  vmp] lift fn_001a4c6c @ 0x1a4c6c  in=121 out_ir=216 skipped=6 (4%) notes=6
[2026-05-08T14:44:29Z INFO  vmp] lift fn_001a4e50 @ 0x1a4e50  in=29 out_ir=47 skipped=3 (10%) notes=3
[2026-05-08T14:44:29Z INFO  vmp] lift fn_001a4ec4 @ 0x1a4ec4  in=2 out_ir=2 skipped=0 (0%) notes=0
[2026-05-08T14:44:29Z INFO  vmp] lift fn_001a4ecc @ 0x1a4ecc  in=80 out_ir=121 skipped=20 (25%) notes=20
[2026-05-08T14:44:29Z INFO  vmp] lift fn_001a500c @ 0x1a500c  in=116 out_ir=178 skipped=32 (27%) notes=32
[2026-05-08T14:44:29Z INFO  vmp] lift fn_001a51dc @ 0x1a51dc  in=55 out_ir=83 skipped=2 (3%) notes=2
[2026-05-08T14:44:29Z INFO  vmp] lift fn_001a52b8 @ 0x1a52b8  in=310 out_ir=489 skipped=15 (4%) notes=15
[2026-05-08T14:44:29Z INFO  vmp] lift fn_001a5790 @ 0x1a5790  in=112 out_ir=158 skipped=0 (0%) notes=0
[2026-05-08T14:44:29Z INFO  vmp] lift fn_001a5950 @ 0x1a5950  in=213 out_ir=308 skipped=9 (4%) notes=9
[2026-05-08T14:44:29Z INFO  vmp] lift fn_001a5ca4 @ 0x1a5ca4  in=187 out_ir=255 skipped=3 (1%) notes=3
[2026-05-08T14:44:29Z INFO  vmp] lift fn_001a5f90 @ 0x1a5f90  in=27 out_ir=41 skipped=0 (0%) notes=0
[2026-05-08T14:44:29Z INFO  vmp] lift fn_001a5ffc @ 0x1a5ffc  in=28 out_ir=45 skipped=0 (0%) notes=0
[2026-05-08T14:44:29Z INFO  vmp] lift fn_001a606c @ 0x1a606c  in=122 out_ir=176 skipped=0 (0%) notes=0
[2026-05-08T14:44:29Z INFO  vmp] lift fn_001a6254 @ 0x1a6254  in=79 out_ir=120 skipped=0 (0%) notes=0
[2026-05-08T14:44:29Z INFO  vmp] lift fn_001a6390 @ 0x1a6390  in=154 out_ir=219 skipped=1 (0%) notes=1
[2026-05-08T14:44:29Z INFO  vmp] lift fn_001a65f8 @ 0x1a65f8  in=68 out_ir=100 skipped=6 (8%) notes=6
[2026-05-08T14:44:29Z INFO  vmp] lift fn_001a6708 @ 0x1a6708  in=169 out_ir=278 skipped=20 (11%) notes=20
[2026-05-08T14:44:29Z INFO  vmp] lift fn_001a69ac @ 0x1a69ac  in=84 out_ir=102 skipped=10 (11%) notes=10
[2026-05-08T14:44:29Z INFO  vmp] lift fn_001a6afc @ 0x1a6afc  in=59 out_ir=79 skipped=4 (6%) notes=4
[2026-05-08T14:44:29Z INFO  vmp] lift fn_001a6be8 @ 0x1a6be8  in=161 out_ir=198 skipped=29 (18%) notes=29
[2026-05-08T14:44:29Z INFO  vmp] lift fn_001a6e6c @ 0x1a6e6c  in=490 out_ir=619 skipped=113 (23%) notes=113
[2026-05-08T14:44:29Z INFO  vmp] lift fn_001a7614 @ 0x1a7614  in=14 out_ir=21 skipped=1 (7%) notes=1
[2026-05-08T14:44:29Z INFO  vmp] lift fn_001a764c @ 0x1a764c  in=27 out_ir=34 skipped=2 (7%) notes=2
[2026-05-08T14:44:29Z INFO  vmp] lift fn_001a76b8 @ 0x1a76b8  in=97 out_ir=118 skipped=17 (17%) notes=17
[2026-05-08T14:44:29Z INFO  vmp] lift fn_001a783c @ 0x1a783c  in=91 out_ir=114 skipped=0 (0%) notes=0
[2026-05-08T14:44:29Z INFO  vmp] lift fn_001a79a8 @ 0x1a79a8  in=89 out_ir=110 skipped=0 (0%) notes=0
[2026-05-08T14:44:29Z INFO  vmp] lift fn_001a7b0c @ 0x1a7b0c  in=18 out_ir=27 skipped=1 (5%) notes=1
[2026-05-08T14:44:29Z INFO  vmp] lift fn_001a7b54 @ 0x1a7b54  in=72 out_ir=91 skipped=0 (0%) notes=0
[2026-05-08T14:44:29Z INFO  vmp] lift fn_001a7c74 @ 0x1a7c74  in=88 out_ir=95 skipped=24 (27%) notes=24
[2026-05-08T14:44:29Z INFO  vmp] lift fn_001a7dd4 @ 0x1a7dd4  in=70 out_ir=80 skipped=19 (27%) notes=19
[2026-05-08T14:44:29Z INFO  vmp] lift fn_001a7eec @ 0x1a7eec  in=101 out_ir=109 skipped=25 (24%) notes=25
[2026-05-08T14:44:29Z INFO  vmp] lift fn_001a8080 @ 0x1a8080  in=180 out_ir=221 skipped=0 (0%) notes=0
[2026-05-08T14:44:29Z INFO  vmp] lift fn_001a8350 @ 0x1a8350  in=61 out_ir=69 skipped=13 (21%) notes=13
[2026-05-08T14:44:29Z INFO  vmp] lift fn_001a8444 @ 0x1a8444  in=279 out_ir=352 skipped=8 (2%) notes=8
[2026-05-08T14:44:29Z INFO  vmp] lift fn_001a88a0 @ 0x1a88a0  in=43 out_ir=55 skipped=0 (0%) notes=0
[2026-05-08T14:44:29Z INFO  vmp] lift fn_001a894c @ 0x1a894c  in=22 out_ir=32 skipped=2 (9%) notes=2
[2026-05-08T14:44:29Z INFO  vmp] lift fn_001a89a4 @ 0x1a89a4  in=164 out_ir=209 skipped=1 (0%) notes=1
[2026-05-08T14:44:29Z INFO  vmp] lift fn_001a8c34 @ 0x1a8c34  in=33 out_ir=48 skipped=0 (0%) notes=0
[2026-05-08T14:44:29Z INFO  vmp] lift fn_001a8cb8 @ 0x1a8cb8  in=35 out_ir=43 skipped=2 (5%) notes=2
[2026-05-08T14:44:29Z INFO  vmp] lift fn_001a8d44 @ 0x1a8d44  in=39 out_ir=47 skipped=5 (12%) notes=5
[2026-05-08T14:44:29Z INFO  vmp] lift fn_001a8de0 @ 0x1a8de0  in=54 out_ir=65 skipped=8 (14%) notes=8
[2026-05-08T14:44:29Z INFO  vmp] lift fn_001a8eb8 @ 0x1a8eb8  in=25 out_ir=32 skipped=2 (8%) notes=2
[2026-05-08T14:44:29Z INFO  vmp] lift fn_001a8f1c @ 0x1a8f1c  in=60 out_ir=65 skipped=0 (0%) notes=0
[2026-05-08T14:44:29Z INFO  vmp] lift fn_001a900c @ 0x1a900c  in=17 out_ir=23 skipped=0 (0%) notes=0
[2026-05-08T14:44:29Z INFO  vmp] lift fn_001a9050 @ 0x1a9050  in=22 out_ir=28 skipped=0 (0%) notes=0
[2026-05-08T14:44:29Z INFO  vmp] lift fn_001a90a8 @ 0x1a90a8  in=65 out_ir=78 skipped=6 (9%) notes=6
[2026-05-08T14:44:29Z INFO  vmp] lift fn_001a91ac @ 0x1a91ac  in=69 out_ir=82 skipped=9 (13%) notes=9
[2026-05-08T14:44:29Z INFO  vmp] lift fn_001a92c0 @ 0x1a92c0  in=80 out_ir=98 skipped=0 (0%) notes=0
[2026-05-08T14:44:29Z INFO  vmp] lift fn_001a9400 @ 0x1a9400  in=261 out_ir=309 skipped=15 (5%) notes=15
[2026-05-08T14:44:29Z INFO  vmp] lift fn_001a9814 @ 0x1a9814  in=76 out_ir=89 skipped=12 (15%) notes=12
[2026-05-08T14:44:29Z INFO  vmp] lift fn_001a9944 @ 0x1a9944  in=29 out_ir=35 skipped=0 (0%) notes=0
[2026-05-08T14:44:29Z INFO  vmp] lift fn_001a99b8 @ 0x1a99b8  in=20 out_ir=26 skipped=0 (0%) notes=0
[2026-05-08T14:44:29Z INFO  vmp] lift fn_001a9a08 @ 0x1a9a08  in=60 out_ir=72 skipped=6 (10%) notes=6
[2026-05-08T14:44:29Z INFO  vmp] lift fn_001a9af8 @ 0x1a9af8  in=12 out_ir=17 skipped=0 (0%) notes=0
[2026-05-08T14:44:29Z INFO  vmp] lift fn_001a9b28 @ 0x1a9b28  in=73 out_ir=89 skipped=4 (5%) notes=4
[2026-05-08T14:44:29Z INFO  vmp] lift fn_001a9c4c @ 0x1a9c4c  in=12 out_ir=17 skipped=0 (0%) notes=0
[2026-05-08T14:44:29Z INFO  vmp] lift fn_001a9c7c @ 0x1a9c7c  in=49 out_ir=58 skipped=8 (16%) notes=8
[2026-05-08T14:44:29Z INFO  vmp] lift fn_001a9d40 @ 0x1a9d40  in=17 out_ir=22 skipped=2 (11%) notes=2
[2026-05-08T14:44:29Z INFO  vmp] lift fn_001a9d84 @ 0x1a9d84  in=79 out_ir=91 skipped=10 (12%) notes=10
[2026-05-08T14:44:29Z INFO  vmp] lift fn_001a9ec0 @ 0x1a9ec0  in=17 out_ir=22 skipped=2 (11%) notes=2
[2026-05-08T14:44:29Z INFO  vmp] lift fn_001a9f04 @ 0x1a9f04  in=13 out_ir=18 skipped=1 (7%) notes=1
[2026-05-08T14:44:29Z INFO  vmp] lift fn_001a9f38 @ 0x1a9f38  in=25 out_ir=32 skipped=1 (4%) notes=1
[2026-05-08T14:44:29Z INFO  vmp] lift fn_001a9f9c @ 0x1a9f9c  in=13 out_ir=18 skipped=1 (7%) notes=1
[2026-05-08T14:44:29Z INFO  vmp] lift fn_001a9fd0 @ 0x1a9fd0  in=405 out_ir=442 skipped=0 (0%) notes=0
[2026-05-08T14:44:29Z INFO  vmp] lift fn_001aa624 @ 0x1aa624  in=39 out_ir=49 skipped=1 (2%) notes=1
[2026-05-08T14:44:29Z INFO  vmp] lift fn_001aa6c0 @ 0x1aa6c0  in=18 out_ir=20 skipped=0 (0%) notes=0
[2026-05-08T14:44:29Z INFO  vmp] lift fn_001aa708 @ 0x1aa708  in=13 out_ir=16 skipped=3 (23%) notes=3
[2026-05-08T14:44:29Z INFO  vmp] lift fn_001aa73c @ 0x1aa73c  in=147 out_ir=172 skipped=11 (7%) notes=11
[2026-05-08T14:44:29Z INFO  vmp] lift fn_001aa988 @ 0x1aa988  in=20 out_ir=22 skipped=0 (0%) notes=0
[2026-05-08T14:44:29Z INFO  vmp] lift fn_001aa9d8 @ 0x1aa9d8  in=19 out_ir=26 skipped=0 (0%) notes=0
[2026-05-08T14:44:29Z INFO  vmp] lift fn_001aaa24 @ 0x1aaa24  in=27 out_ir=34 skipped=5 (18%) notes=5
[2026-05-08T14:44:29Z INFO  vmp] lift fn_001aaa90 @ 0x1aaa90  in=37 out_ir=46 skipped=0 (0%) notes=0
[2026-05-08T14:44:29Z INFO  vmp] lift fn_001aab24 @ 0x1aab24  in=351 out_ir=475 skipped=48 (13%) notes=48
[2026-05-08T14:44:29Z INFO  vmp] lift fn_001ab0a0 @ 0x1ab0a0  in=53 out_ir=66 skipped=4 (7%) notes=4
[2026-05-08T14:44:29Z INFO  vmp] lift fn_001ab174 @ 0x1ab174  in=102 out_ir=116 skipped=0 (0%) notes=0
[2026-05-08T14:44:29Z INFO  vmp] lift fn_001ab30c @ 0x1ab30c  in=15 out_ir=20 skipped=0 (0%) notes=0
[2026-05-08T14:44:29Z INFO  vmp] lift fn_001ab348 @ 0x1ab348  in=52 out_ir=62 skipped=4 (7%) notes=4
[2026-05-08T14:44:29Z INFO  vmp] lift fn_001ab418 @ 0x1ab418  in=104 out_ir=117 skipped=17 (16%) notes=17
[2026-05-08T14:44:29Z INFO  vmp] lift fn_001ab5b8 @ 0x1ab5b8  in=96 out_ir=112 skipped=17 (17%) notes=17
[2026-05-08T14:44:29Z INFO  vmp] lift fn_001ab738 @ 0x1ab738  in=94 out_ir=109 skipped=18 (19%) notes=18
[2026-05-08T14:44:29Z INFO  vmp] lift fn_001ab8b0 @ 0x1ab8b0  in=70 out_ir=80 skipped=11 (15%) notes=11
[2026-05-08T14:44:29Z INFO  vmp] lift fn_001ab9c8 @ 0x1ab9c8  in=107 out_ir=119 skipped=5 (4%) notes=5
[2026-05-08T14:44:29Z INFO  vmp] lift fn_001abb74 @ 0x1abb74  in=76 out_ir=94 skipped=0 (0%) notes=0
[2026-05-08T14:44:29Z INFO  vmp] lift fn_001abca4 @ 0x1abca4  in=122 out_ir=152 skipped=0 (0%) notes=0
[2026-05-08T14:44:29Z INFO  vmp] lift fn_001abe8c @ 0x1abe8c  in=35 out_ir=42 skipped=3 (8%) notes=3
[2026-05-08T14:44:29Z INFO  vmp] lift fn_001abf18 @ 0x1abf18  in=41 out_ir=53 skipped=4 (9%) notes=4
[2026-05-08T14:44:29Z INFO  vmp] lift fn_001abfbc @ 0x1abfbc  in=41 out_ir=47 skipped=0 (0%) notes=0
[2026-05-08T14:44:29Z INFO  vmp] lift fn_001ac060 @ 0x1ac060  in=52 out_ir=59 skipped=12 (23%) notes=12
[2026-05-08T14:44:29Z INFO  vmp] lift fn_001ac130 @ 0x1ac130  in=30 out_ir=37 skipped=1 (3%) notes=1
[2026-05-08T14:44:29Z INFO  vmp] lift fn_001ac1a8 @ 0x1ac1a8  in=47 out_ir=57 skipped=4 (8%) notes=4
[2026-05-08T14:44:29Z INFO  vmp] lift fn_001ac264 @ 0x1ac264  in=501 out_ir=606 skipped=92 (18%) notes=92
[2026-05-08T14:44:29Z INFO  vmp] lift fn_001aca38 @ 0x1aca38  in=45 out_ir=53 skipped=3 (6%) notes=3
[2026-05-08T14:44:29Z INFO  vmp] lift fn_001acaec @ 0x1acaec  in=16 out_ir=21 skipped=1 (6%) notes=1
[2026-05-08T14:44:29Z INFO  vmp] lift fn_001acb2c @ 0x1acb2c  in=62 out_ir=76 skipped=8 (12%) notes=8
[2026-05-08T14:44:29Z INFO  vmp] lift fn_001acc24 @ 0x1acc24  in=33 out_ir=38 skipped=0 (0%) notes=0
[2026-05-08T14:44:29Z INFO  vmp] lift fn_001acca8 @ 0x1acca8  in=40 out_ir=46 skipped=0 (0%) notes=0
[2026-05-08T14:44:29Z INFO  vmp] lift fn_001acd48 @ 0x1acd48  in=93 out_ir=106 skipped=6 (6%) notes=6
[2026-05-08T14:44:29Z INFO  vmp] lift fn_001acebc @ 0x1acebc  in=150 out_ir=170 skipped=25 (16%) notes=25
[2026-05-08T14:44:29Z INFO  vmp] lift fn_001ad114 @ 0x1ad114  in=39 out_ir=49 skipped=5 (12%) notes=5
[2026-05-08T14:44:29Z INFO  vmp] lift fn_001ad1b0 @ 0x1ad1b0  in=35 out_ir=40 skipped=0 (0%) notes=0
[2026-05-08T14:44:29Z INFO  vmp] lift fn_001ad23c @ 0x1ad23c  in=84 out_ir=97 skipped=7 (8%) notes=7
[2026-05-08T14:44:29Z INFO  vmp] lift fn_001ad38c @ 0x1ad38c  in=47 out_ir=54 skipped=3 (6%) notes=3
[2026-05-08T14:44:29Z INFO  vmp] lift fn_001ad448 @ 0x1ad448  in=156 out_ir=189 skipped=0 (0%) notes=0
[2026-05-08T14:44:29Z INFO  vmp] lift fn_001ad6b8 @ 0x1ad6b8  in=63 out_ir=75 skipped=0 (0%) notes=0
[2026-05-08T14:44:29Z INFO  vmp] lift fn_001ad7b4 @ 0x1ad7b4  in=76 out_ir=93 skipped=6 (7%) notes=6
[2026-05-08T14:44:29Z INFO  vmp] lift fn_001ad8e4 @ 0x1ad8e4  in=43 out_ir=55 skipped=0 (0%) notes=0
[2026-05-08T14:44:29Z INFO  vmp] lift fn_001ad990 @ 0x1ad990  in=329 out_ir=388 skipped=37 (11%) notes=37
[2026-05-08T14:44:29Z INFO  vmp] lift fn_001adeb4 @ 0x1adeb4  in=59 out_ir=71 skipped=1 (1%) notes=1
[2026-05-08T14:44:29Z INFO  vmp] lift fn_001adfa0 @ 0x1adfa0  in=115 out_ir=138 skipped=5 (4%) notes=5
[2026-05-08T14:44:29Z INFO  vmp] lift fn_001ae16c @ 0x1ae16c  in=76 out_ir=94 skipped=10 (13%) notes=10
[2026-05-08T14:44:29Z INFO  vmp] lift fn_001ae29c @ 0x1ae29c  in=99 out_ir=127 skipped=0 (0%) notes=0
[2026-05-08T14:44:29Z INFO  vmp] lift fn_001ae428 @ 0x1ae428  in=99 out_ir=120 skipped=19 (19%) notes=19
[2026-05-08T14:44:29Z INFO  vmp] lift fn_001ae5b4 @ 0x1ae5b4  in=31 out_ir=37 skipped=4 (12%) notes=4
[2026-05-08T14:44:29Z INFO  vmp] lift fn_001ae630 @ 0x1ae630  in=118 out_ir=142 skipped=16 (13%) notes=16
[2026-05-08T14:44:29Z INFO  vmp] lift fn_001ae808 @ 0x1ae808  in=76 out_ir=89 skipped=10 (13%) notes=10
[2026-05-08T14:44:29Z INFO  vmp] lift fn_001ae938 @ 0x1ae938  in=120 out_ir=140 skipped=15 (12%) notes=15
[2026-05-08T14:44:29Z INFO  vmp] lift fn_001aeb18 @ 0x1aeb18  in=29 out_ir=34 skipped=0 (0%) notes=0
[2026-05-08T14:44:29Z INFO  vmp] lift fn_001aeb8c @ 0x1aeb8c  in=58 out_ir=66 skipped=0 (0%) notes=0
[2026-05-08T14:44:29Z INFO  vmp] lift fn_001aec74 @ 0x1aec74  in=197 out_ir=243 skipped=10 (5%) notes=10
[2026-05-08T14:44:29Z INFO  vmp] lift fn_001aef88 @ 0x1aef88  in=59 out_ir=72 skipped=7 (11%) notes=7
[2026-05-08T14:44:29Z INFO  vmp] lift fn_001af074 @ 0x1af074  in=218 out_ir=260 skipped=25 (11%) notes=25
[2026-05-08T14:44:29Z INFO  vmp] lift fn_001af3dc @ 0x1af3dc  in=74 out_ir=93 skipped=5 (6%) notes=5
[2026-05-08T14:44:29Z INFO  vmp] lift fn_001af504 @ 0x1af504  in=115 out_ir=133 skipped=14 (12%) notes=14
[2026-05-08T14:44:29Z INFO  vmp] lift fn_001af6d0 @ 0x1af6d0  in=24 out_ir=30 skipped=1 (4%) notes=1
[2026-05-08T14:44:29Z INFO  vmp] lift fn_001af730 @ 0x1af730  in=88 out_ir=105 skipped=9 (10%) notes=9
[2026-05-08T14:44:29Z INFO  vmp] lift fn_001af890 @ 0x1af890  in=59 out_ir=71 skipped=10 (16%) notes=10
[2026-05-08T14:44:29Z INFO  vmp] lift fn_001af97c @ 0x1af97c  in=65 out_ir=75 skipped=6 (9%) notes=6
[2026-05-08T14:44:29Z INFO  vmp] lift fn_001afa80 @ 0x1afa80  in=144 out_ir=184 skipped=6 (4%) notes=6
[2026-05-08T14:44:29Z INFO  vmp] lift fn_001afcc0 @ 0x1afcc0  in=494 out_ir=625 skipped=29 (5%) notes=29
[2026-05-08T14:44:29Z INFO  vmp] lift fn_001b0478 @ 0x1b0478  in=377 out_ir=452 skipped=44 (11%) notes=44
[2026-05-08T14:44:29Z INFO  vmp] lift fn_001b0a5c @ 0x1b0a5c  in=236 out_ir=295 skipped=28 (11%) notes=28
[2026-05-08T14:44:29Z INFO  vmp] lift fn_001b0e0c @ 0x1b0e0c  in=336 out_ir=407 skipped=56 (16%) notes=56
[2026-05-08T14:44:29Z INFO  vmp] lift fn_001b134c @ 0x1b134c  in=100 out_ir=112 skipped=11 (11%) notes=11
[2026-05-08T14:44:29Z INFO  vmp] lift fn_001b14dc @ 0x1b14dc  in=296 out_ir=368 skipped=34 (11%) notes=34
[2026-05-08T14:44:29Z INFO  vmp] lift fn_001b197c @ 0x1b197c  in=48 out_ir=57 skipped=5 (10%) notes=5
[2026-05-08T14:44:29Z INFO  vmp] lift fn_001b1a3c @ 0x1b1a3c  in=15 out_ir=20 skipped=2 (13%) notes=2
[2026-05-08T14:44:29Z INFO  vmp] lift fn_001b1a78 @ 0x1b1a78  in=23 out_ir=30 skipped=1 (4%) notes=1
[2026-05-08T14:44:29Z INFO  vmp] lift fn_001b1ad4 @ 0x1b1ad4  in=88 out_ir=104 skipped=6 (6%) notes=6
[2026-05-08T14:44:29Z INFO  vmp] lift fn_001b1c34 @ 0x1b1c34  in=316 out_ir=386 skipped=37 (11%) notes=37
[2026-05-08T14:44:29Z INFO  vmp] lift fn_001b2124 @ 0x1b2124  in=87 out_ir=104 skipped=5 (5%) notes=5
[2026-05-08T14:44:29Z INFO  vmp] lift fn_001b2280 @ 0x1b2280  in=10 out_ir=13 skipped=0 (0%) notes=0
[2026-05-08T14:44:29Z INFO  vmp] lift fn_001b22a8 @ 0x1b22a8  in=66 out_ir=103 skipped=5 (7%) notes=5
[2026-05-08T14:44:29Z INFO  vmp] lift fn_001b23b0 @ 0x1b23b0  in=6 out_ir=8 skipped=0 (0%) notes=0
[2026-05-08T14:44:29Z INFO  vmp] lift fn_001b23c8 @ 0x1b23c8  in=88 out_ir=99 skipped=5 (5%) notes=5
[2026-05-08T14:44:29Z INFO  vmp] lift fn_001b2528 @ 0x1b2528  in=75 out_ir=85 skipped=3 (4%) notes=3
[2026-05-08T14:44:29Z INFO  vmp] lift fn_001b2654 @ 0x1b2654  in=26 out_ir=32 skipped=4 (15%) notes=4
[2026-05-08T14:44:29Z INFO  vmp] lift fn_001b26bc @ 0x1b26bc  in=142 out_ir=157 skipped=22 (15%) notes=22
[2026-05-08T14:44:29Z INFO  vmp] lift fn_001b28f4 @ 0x1b28f4  in=29 out_ir=36 skipped=3 (10%) notes=3
[2026-05-08T14:44:29Z INFO  vmp] lift fn_001b2968 @ 0x1b2968  in=31 out_ir=37 skipped=0 (0%) notes=0
[2026-05-08T14:44:29Z INFO  vmp] lift fn_001b29e4 @ 0x1b29e4  in=22 out_ir=26 skipped=0 (0%) notes=0
[2026-05-08T14:44:29Z INFO  vmp] lift fn_001b2a3c @ 0x1b2a3c  in=32 out_ir=38 skipped=2 (6%) notes=2
[2026-05-08T14:44:29Z INFO  vmp] lift fn_001b2abc @ 0x1b2abc  in=32 out_ir=38 skipped=2 (6%) notes=2
[2026-05-08T14:44:29Z INFO  vmp] lift fn_001b2b3c @ 0x1b2b3c  in=38 out_ir=44 skipped=4 (10%) notes=4
[2026-05-08T14:44:29Z INFO  vmp] lift fn_001b2bd4 @ 0x1b2bd4  in=38 out_ir=44 skipped=4 (10%) notes=4
[2026-05-08T14:44:29Z INFO  vmp] lift fn_001b2c6c @ 0x1b2c6c  in=73 out_ir=87 skipped=6 (8%) notes=6
[2026-05-08T14:44:29Z INFO  vmp] lift fn_001b2d90 @ 0x1b2d90  in=88 out_ir=104 skipped=6 (6%) notes=6
[2026-05-08T14:44:29Z INFO  vmp] lift fn_001b2ef0 @ 0x1b2ef0  in=92 out_ir=109 skipped=7 (7%) notes=7
[2026-05-08T14:44:29Z INFO  vmp] lift fn_001b3060 @ 0x1b3060  in=86 out_ir=102 skipped=5 (5%) notes=5
[2026-05-08T14:44:29Z INFO  vmp] lift fn_001b31b8 @ 0x1b31b8  in=318 out_ir=400 skipped=42 (13%) notes=42
[2026-05-08T14:44:29Z INFO  vmp] lift fn_001b36b0 @ 0x1b36b0  in=79 out_ir=94 skipped=0 (0%) notes=0
[2026-05-08T14:44:29Z INFO  vmp] lift fn_001b37ec @ 0x1b37ec  in=169 out_ir=207 skipped=0 (0%) notes=0
[2026-05-08T14:44:29Z INFO  vmp] lift fn_001b3a90 @ 0x1b3a90  in=36 out_ir=49 skipped=0 (0%) notes=0
[2026-05-08T14:44:29Z INFO  vmp] lift fn_001b3b20 @ 0x1b3b20  in=54 out_ir=64 skipped=8 (14%) notes=8
[2026-05-08T14:44:29Z INFO  vmp] lift fn_001b3bf8 @ 0x1b3bf8  in=32 out_ir=39 skipped=3 (9%) notes=3
[2026-05-08T14:44:29Z INFO  vmp] lift fn_001b3c78 @ 0x1b3c78  in=40 out_ir=54 skipped=2 (5%) notes=2
[2026-05-08T14:44:29Z INFO  vmp] lift fn_001b3d18 @ 0x1b3d18  in=45 out_ir=54 skipped=5 (11%) notes=5
[2026-05-08T14:44:29Z INFO  vmp] lift fn_001b3dcc @ 0x1b3dcc  in=53 out_ir=62 skipped=9 (16%) notes=9
[2026-05-08T14:44:29Z INFO  vmp] lift fn_001b3ea0 @ 0x1b3ea0  in=34 out_ir=45 skipped=0 (0%) notes=0
[2026-05-08T14:44:29Z INFO  vmp] lift fn_001b3f28 @ 0x1b3f28  in=18 out_ir=21 skipped=0 (0%) notes=0
[2026-05-08T14:44:29Z INFO  vmp] lift fn_001b3f70 @ 0x1b3f70  in=25 out_ir=31 skipped=0 (0%) notes=0
[2026-05-08T14:44:29Z INFO  vmp] lift fn_001b3fd4 @ 0x1b3fd4  in=30 out_ir=37 skipped=1 (3%) notes=1
[2026-05-08T14:44:29Z INFO  vmp] lift fn_001b404c @ 0x1b404c  in=72 out_ir=94 skipped=8 (11%) notes=8
[2026-05-08T14:44:29Z INFO  vmp] lift fn_001b416c @ 0x1b416c  in=101 out_ir=122 skipped=14 (13%) notes=14
[2026-05-08T14:44:29Z INFO  vmp] lift fn_001b4300 @ 0x1b4300  in=205 out_ir=239 skipped=21 (10%) notes=21
[2026-05-08T14:44:29Z INFO  vmp] lift fn_001b4634 @ 0x1b4634  in=159 out_ir=187 skipped=32 (20%) notes=32
[2026-05-08T14:44:29Z INFO  vmp] lift fn_001b48b0 @ 0x1b48b0  in=54 out_ir=67 skipped=6 (11%) notes=6
[2026-05-08T14:44:29Z INFO  vmp] lift fn_001b4988 @ 0x1b4988  in=48 out_ir=64 skipped=7 (14%) notes=7
[2026-05-08T14:44:29Z INFO  vmp] lift fn_001b4a48 @ 0x1b4a48  in=194 out_ir=241 skipped=28 (14%) notes=28
[2026-05-08T14:44:29Z INFO  vmp] lift fn_001b4d50 @ 0x1b4d50  in=89 out_ir=103 skipped=7 (7%) notes=7
[2026-05-08T14:44:29Z INFO  vmp] lift fn_001b4eb4 @ 0x1b4eb4  in=71 out_ir=81 skipped=10 (14%) notes=10
[2026-05-08T14:44:29Z INFO  vmp] lift fn_001b4fd0 @ 0x1b4fd0  in=28 out_ir=33 skipped=0 (0%) notes=0
[2026-05-08T14:44:29Z INFO  vmp] lift fn_001b5040 @ 0x1b5040  in=100 out_ir=130 skipped=4 (4%) notes=4
[2026-05-08T14:44:29Z INFO  vmp] lift fn_001b51d0 @ 0x1b51d0  in=133 out_ir=158 skipped=22 (16%) notes=22
[2026-05-08T14:44:29Z INFO  vmp] lift fn_001b53e4 @ 0x1b53e4  in=186 out_ir=249 skipped=3 (1%) notes=3
[2026-05-08T14:44:29Z INFO  vmp] lift fn_001b56cc @ 0x1b56cc  in=439 out_ir=552 skipped=34 (7%) notes=34
[2026-05-08T14:44:29Z INFO  vmp] lift fn_001b5da8 @ 0x1b5da8  in=163 out_ir=199 skipped=28 (17%) notes=28
[2026-05-08T14:44:29Z INFO  vmp] lift fn_001b6034 @ 0x1b6034  in=21 out_ir=30 skipped=1 (4%) notes=1
[2026-05-08T14:44:29Z INFO  vmp] lift fn_001b6088 @ 0x1b6088  in=23 out_ir=29 skipped=0 (0%) notes=0
[2026-05-08T14:44:29Z INFO  vmp] lift fn_001b60e4 @ 0x1b60e4  in=16 out_ir=24 skipped=0 (0%) notes=0
[2026-05-08T14:44:29Z INFO  vmp] lift fn_001b6124 @ 0x1b6124  in=52 out_ir=62 skipped=8 (15%) notes=8
[2026-05-08T14:44:29Z INFO  vmp] lift fn_001b61f4 @ 0x1b61f4  in=15 out_ir=21 skipped=0 (0%) notes=0
[2026-05-08T14:44:29Z INFO  vmp] lift fn_001b6230 @ 0x1b6230  in=31 out_ir=40 skipped=4 (12%) notes=4
[2026-05-08T14:44:29Z INFO  vmp] lift fn_001b62ac @ 0x1b62ac  in=31 out_ir=40 skipped=4 (12%) notes=4
[2026-05-08T14:44:29Z INFO  vmp] lift fn_001b6328 @ 0x1b6328  in=51 out_ir=59 skipped=5 (9%) notes=5
[2026-05-08T14:44:29Z INFO  vmp] lift fn_001b63f4 @ 0x1b63f4  in=97 out_ir=109 skipped=14 (14%) notes=14
[2026-05-08T14:44:29Z INFO  vmp] lift fn_001b6578 @ 0x1b6578  in=97 out_ir=109 skipped=14 (14%) notes=14
[2026-05-08T14:44:29Z INFO  vmp] lift fn_001b66fc @ 0x1b66fc  in=36 out_ir=43 skipped=3 (8%) notes=3
[2026-05-08T14:44:29Z INFO  vmp] lift fn_001b678c @ 0x1b678c  in=36 out_ir=43 skipped=3 (8%) notes=3
[2026-05-08T14:44:29Z INFO  vmp] lift fn_001b681c @ 0x1b681c  in=51 out_ir=59 skipped=5 (9%) notes=5
[2026-05-08T14:44:29Z INFO  vmp] lift fn_001b68e8 @ 0x1b68e8  in=51 out_ir=59 skipped=5 (9%) notes=5
[2026-05-08T14:44:29Z INFO  vmp] lift fn_001b69b4 @ 0x1b69b4  in=147 out_ir=173 skipped=27 (18%) notes=27
[2026-05-08T14:44:29Z INFO  vmp] lift fn_001b6c00 @ 0x1b6c00  in=161 out_ir=181 skipped=25 (15%) notes=25
[2026-05-08T14:44:29Z INFO  vmp] lift fn_001b6e84 @ 0x1b6e84  in=52 out_ir=62 skipped=3 (5%) notes=3
[2026-05-08T14:44:29Z INFO  vmp] lift fn_001b6f54 @ 0x1b6f54  in=30 out_ir=38 skipped=2 (6%) notes=2
[2026-05-08T14:44:29Z INFO  vmp] lift fn_001b6fcc @ 0x1b6fcc  in=37 out_ir=46 skipped=1 (2%) notes=1
[2026-05-08T14:44:29Z INFO  vmp] lift fn_001b7060 @ 0x1b7060  in=23 out_ir=29 skipped=1 (4%) notes=1
[2026-05-08T14:44:29Z INFO  vmp] lift fn_001b70bc @ 0x1b70bc  in=24 out_ir=28 skipped=0 (0%) notes=0
[2026-05-08T14:44:29Z INFO  vmp] lift fn_001b711c @ 0x1b711c  in=90 out_ir=114 skipped=9 (10%) notes=9
[2026-05-08T14:44:29Z INFO  vmp] lift fn_001b7284 @ 0x1b7284  in=102 out_ir=124 skipped=15 (14%) notes=15
[2026-05-08T14:44:29Z INFO  vmp] lift fn_001b741c @ 0x1b741c  in=28 out_ir=33 skipped=0 (0%) notes=0
[2026-05-08T14:44:29Z INFO  vmp] lift fn_001b748c @ 0x1b748c  in=26 out_ir=32 skipped=3 (11%) notes=3
[2026-05-08T14:44:29Z INFO  vmp] lift fn_001b74f4 @ 0x1b74f4  in=37 out_ir=46 skipped=1 (2%) notes=1
[2026-05-08T14:44:29Z INFO  vmp] lift fn_001b7588 @ 0x1b7588  in=11 out_ir=16 skipped=0 (0%) notes=0
[2026-05-08T14:44:29Z INFO  vmp] lift fn_001b75b4 @ 0x1b75b4  in=24 out_ir=28 skipped=0 (0%) notes=0
[2026-05-08T14:44:29Z INFO  vmp] lift fn_001b7614 @ 0x1b7614  in=11 out_ir=16 skipped=0 (0%) notes=0
[2026-05-08T14:44:29Z INFO  vmp] lift fn_001b7640 @ 0x1b7640  in=15 out_ir=20 skipped=1 (6%) notes=1
[2026-05-08T14:44:29Z INFO  vmp] lift fn_001b767c @ 0x1b767c  in=44 out_ir=54 skipped=8 (18%) notes=8
[2026-05-08T14:44:29Z INFO  vmp] lift fn_001b772c @ 0x1b772c  in=30 out_ir=35 skipped=1 (3%) notes=1
[2026-05-08T14:44:29Z INFO  vmp] lift fn_001b77a4 @ 0x1b77a4  in=24 out_ir=28 skipped=0 (0%) notes=0
[2026-05-08T14:44:29Z INFO  vmp] lift fn_001b7804 @ 0x1b7804  in=106 out_ir=136 skipped=9 (8%) notes=9
[2026-05-08T14:44:29Z INFO  vmp] lift fn_001b79ac @ 0x1b79ac  in=115 out_ir=147 skipped=16 (13%) notes=16
[2026-05-08T14:44:29Z INFO  vmp] lift fn_001b7b78 @ 0x1b7b78  in=57 out_ir=71 skipped=2 (3%) notes=2
[2026-05-08T14:44:29Z INFO  vmp] lift fn_001b7c5c @ 0x1b7c5c  in=38 out_ir=40 skipped=0 (0%) notes=0
[2026-05-08T14:44:29Z INFO  vmp] lift fn_001b7cf4 @ 0x1b7cf4  in=6 out_ir=8 skipped=0 (0%) notes=0
[2026-05-08T14:44:29Z INFO  vmp] lift fn_001b7d0c @ 0x1b7d0c  in=14 out_ir=19 skipped=0 (0%) notes=0
[2026-05-08T14:44:29Z INFO  vmp] lift fn_001b7d44 @ 0x1b7d44  in=16 out_ir=18 skipped=0 (0%) notes=0
[2026-05-08T14:44:29Z INFO  vmp] lift fn_001b7d84 @ 0x1b7d84  in=9 out_ir=11 skipped=0 (0%) notes=0
[2026-05-08T14:44:29Z INFO  vmp] lift fn_001b7da8 @ 0x1b7da8  in=182 out_ir=233 skipped=14 (7%) notes=14
[2026-05-08T14:44:29Z INFO  vmp] lift fn_001b8080 @ 0x1b8080  in=37 out_ir=44 skipped=3 (8%) notes=3
[2026-05-08T14:44:29Z INFO  vmp] lift fn_001b8114 @ 0x1b8114  in=367 out_ir=480 skipped=3 (0%) notes=3
[2026-05-08T14:44:29Z INFO  vmp] lift fn_001b86d0 @ 0x1b86d0  in=516 out_ir=666 skipped=22 (4%) notes=22
[2026-05-08T14:44:29Z INFO  vmp] lift fn_001b8ee0 @ 0x1b8ee0  in=87 out_ir=107 skipped=8 (9%) notes=8
[2026-05-08T14:44:29Z INFO  vmp] lift fn_001b903c @ 0x1b903c  in=23 out_ir=28 skipped=3 (13%) notes=3
[2026-05-08T14:44:29Z INFO  vmp] lift fn_001b9098 @ 0x1b9098  in=12 out_ir=14 skipped=0 (0%) notes=0
[2026-05-08T14:44:29Z INFO  vmp] lift fn_001b90c8 @ 0x1b90c8  in=921 out_ir=1141 skipped=191 (20%) notes=191
[2026-05-08T14:44:29Z INFO  vmp] lift fn_001b9f2c @ 0x1b9f2c  in=1034 out_ir=1209 skipped=158 (15%) notes=158
[2026-05-08T14:44:29Z INFO  vmp] lift fn_001baf54 @ 0x1baf54  in=265 out_ir=309 skipped=0 (0%) notes=0
[2026-05-08T14:44:29Z INFO  vmp] lift fn_001bb378 @ 0x1bb378  in=289 out_ir=416 skipped=20 (6%) notes=20
[2026-05-08T14:44:29Z INFO  vmp] lift fn_001bb7fc @ 0x1bb7fc  in=121 out_ir=139 skipped=17 (14%) notes=17
[2026-05-08T14:44:29Z INFO  vmp] lift fn_001bb9e0 @ 0x1bb9e0  in=82 out_ir=96 skipped=0 (0%) notes=0
[2026-05-08T14:44:29Z INFO  vmp] lift fn_001bbb28 @ 0x1bbb28  in=157 out_ir=189 skipped=9 (5%) notes=9
[2026-05-08T14:44:29Z INFO  vmp] lift fn_001bbd9c @ 0x1bbd9c  in=57 out_ir=96 skipped=0 (0%) notes=0
[2026-05-08T14:44:29Z INFO  vmp] lift fn_001bbe80 @ 0x1bbe80  in=190 out_ir=226 skipped=20 (10%) notes=20
[2026-05-08T14:44:29Z INFO  vmp] lift fn_001bc178 @ 0x1bc178  in=24 out_ir=30 skipped=0 (0%) notes=0
[2026-05-08T14:44:29Z INFO  vmp] lift fn_001bc1d8 @ 0x1bc1d8  in=215 out_ir=263 skipped=35 (16%) notes=35
[2026-05-08T14:44:29Z INFO  vmp] lift fn_001bc534 @ 0x1bc534  in=559 out_ir=677 skipped=104 (18%) notes=104
[2026-05-08T14:44:29Z INFO  vmp] lift fn_001bcdf0 @ 0x1bcdf0  in=182 out_ir=211 skipped=2 (1%) notes=2
[2026-05-08T14:44:29Z INFO  vmp] lift fn_001bd0c8 @ 0x1bd0c8  in=302 out_ir=363 skipped=56 (18%) notes=56
[2026-05-08T14:44:29Z INFO  vmp] lift fn_001bd580 @ 0x1bd580  in=247 out_ir=288 skipped=25 (10%) notes=25
[2026-05-08T14:44:29Z INFO  vmp] lift fn_001bd95c @ 0x1bd95c  in=66 out_ir=77 skipped=0 (0%) notes=0
[2026-05-08T14:44:29Z INFO  vmp] lift fn_001bda64 @ 0x1bda64  in=108 out_ir=128 skipped=10 (9%) notes=10
[2026-05-08T14:44:29Z INFO  vmp] lift fn_001bdc14 @ 0x1bdc14  in=438 out_ir=516 skipped=93 (21%) notes=93
[2026-05-08T14:44:29Z INFO  vmp] lift fn_001be2ec @ 0x1be2ec  in=566 out_ir=664 skipped=86 (15%) notes=86
[2026-05-08T14:44:29Z INFO  vmp] lift fn_001bebc4 @ 0x1bebc4  in=218 out_ir=258 skipped=45 (20%) notes=45
[2026-05-08T14:44:29Z INFO  vmp] lift fn_001bef2c @ 0x1bef2c  in=33 out_ir=39 skipped=2 (6%) notes=2
[2026-05-08T14:44:29Z INFO  vmp] lift fn_001befb0 @ 0x1befb0  in=304 out_ir=368 skipped=38 (12%) notes=38
[2026-05-08T14:44:29Z INFO  vmp] lift fn_001bf470 @ 0x1bf470  in=18 out_ir=21 skipped=0 (0%) notes=0
[2026-05-08T14:44:29Z INFO  vmp] lift fn_001bf4b8 @ 0x1bf4b8  in=254 out_ir=329 skipped=15 (5%) notes=15
[2026-05-08T14:44:29Z INFO  vmp] lift fn_001bf8b0 @ 0x1bf8b0  in=81 out_ir=99 skipped=0 (0%) notes=0
[2026-05-08T14:44:29Z INFO  vmp] lift fn_001bf9f4 @ 0x1bf9f4  in=164 out_ir=186 skipped=34 (20%) notes=34
[2026-05-08T14:44:29Z INFO  vmp] lift fn_001bfc84 @ 0x1bfc84  in=55 out_ir=64 skipped=0 (0%) notes=0
[2026-05-08T14:44:29Z INFO  vmp] lift fn_001bfd60 @ 0x1bfd60  in=368 out_ir=473 skipped=3 (0%) notes=3
[2026-05-08T14:44:29Z INFO  vmp] lift fn_001c0320 @ 0x1c0320  in=1667 out_ir=2265 skipped=12 (0%) notes=12
[2026-05-08T14:44:29Z INFO  vmp] lift fn_001c1d2c @ 0x1c1d2c  in=87 out_ir=107 skipped=8 (9%) notes=8
[2026-05-08T14:44:29Z INFO  vmp] lift fn_001c1e88 @ 0x1c1e88  in=93 out_ir=156 skipped=0 (0%) notes=0
[2026-05-08T14:44:29Z INFO  vmp] lift fn_001c1ffc @ 0x1c1ffc  in=503 out_ir=605 skipped=93 (18%) notes=93
[2026-05-08T14:44:29Z INFO  vmp] lift fn_001c27d8 @ 0x1c27d8  in=28 out_ir=34 skipped=4 (14%) notes=4
[2026-05-08T14:44:29Z INFO  vmp] lift fn_001c2848 @ 0x1c2848  in=220 out_ir=271 skipped=33 (15%) notes=33
[2026-05-08T14:44:29Z INFO  vmp] lift fn_001c2bb8 @ 0x1c2bb8  in=1087 out_ir=1324 skipped=246 (22%) notes=246
[2026-05-08T14:44:29Z INFO  vmp] lift fn_001c3cb4 @ 0x1c3cb4  in=130 out_ir=147 skipped=0 (0%) notes=0
[2026-05-08T14:44:29Z INFO  vmp] lift fn_001c3ebc @ 0x1c3ebc  in=635 out_ir=758 skipped=101 (15%) notes=101
[2026-05-08T14:44:29Z INFO  vmp] lift fn_001c48a8 @ 0x1c48a8  in=40 out_ir=47 skipped=7 (17%) notes=7
[2026-05-08T14:44:29Z INFO  vmp] lift fn_001c4948 @ 0x1c4948  in=339 out_ir=448 skipped=22 (6%) notes=22
[2026-05-08T14:44:29Z INFO  vmp] lift fn_001c4e94 @ 0x1c4e94  in=18 out_ir=21 skipped=0 (0%) notes=0
[2026-05-08T14:44:29Z INFO  vmp] lift fn_001c4edc @ 0x1c4edc  in=81 out_ir=99 skipped=0 (0%) notes=0
[2026-05-08T14:44:29Z INFO  vmp] lift fn_001c5020 @ 0x1c5020  in=23 out_ir=28 skipped=3 (13%) notes=3
[2026-05-08T14:44:29Z INFO  vmp] lift fn_001c507c @ 0x1c507c  in=649 out_ir=785 skipped=107 (16%) notes=107
[2026-05-08T14:44:29Z INFO  vmp] lift fn_001c5aa0 @ 0x1c5aa0  in=10 out_ir=12 skipped=0 (0%) notes=0
[2026-05-08T14:44:29Z INFO  vmp] lift fn_001c5ac8 @ 0x1c5ac8  in=41 out_ir=49 skipped=5 (12%) notes=5
[2026-05-08T14:44:29Z INFO  vmp] lift fn_001c5b6c @ 0x1c5b6c  in=151 out_ir=194 skipped=20 (13%) notes=20
[2026-05-08T14:44:29Z INFO  vmp] lift fn_001c5dc8 @ 0x1c5dc8  in=182 out_ir=222 skipped=28 (15%) notes=28
[2026-05-08T14:44:29Z INFO  vmp] lift fn_001c60a0 @ 0x1c60a0  in=22 out_ir=31 skipped=1 (4%) notes=1
[2026-05-08T14:44:29Z INFO  vmp] lift fn_001c60f8 @ 0x1c60f8  in=100 out_ir=113 skipped=9 (9%) notes=9
[2026-05-08T14:44:29Z INFO  vmp] lift fn_001c6288 @ 0x1c6288  in=80 out_ir=119 skipped=8 (10%) notes=8
[2026-05-08T14:44:29Z INFO  vmp] lift fn_001c63c8 @ 0x1c63c8  in=398 out_ir=536 skipped=73 (18%) notes=73
[2026-05-08T14:44:29Z INFO  vmp] lift fn_001c6a00 @ 0x1c6a00  in=289 out_ir=336 skipped=48 (16%) notes=48
[2026-05-08T14:44:29Z INFO  vmp] lift fn_001c6e84 @ 0x1c6e84  in=377 out_ir=465 skipped=55 (14%) notes=55
[2026-05-08T14:44:29Z INFO  vmp] lift fn_001c7468 @ 0x1c7468  in=186 out_ir=213 skipped=33 (17%) notes=33
[2026-05-08T14:44:29Z INFO  vmp] lift fn_001c7750 @ 0x1c7750  in=63 out_ir=74 skipped=7 (11%) notes=7
[2026-05-08T14:44:29Z INFO  vmp] lift fn_001c784c @ 0x1c784c  in=11 out_ir=16 skipped=0 (0%) notes=0
[2026-05-08T14:44:29Z INFO  vmp] lift fn_001c7878 @ 0x1c7878  in=47 out_ir=61 skipped=3 (6%) notes=3
[2026-05-08T14:44:29Z INFO  vmp] lift fn_001c7934 @ 0x1c7934  in=11 out_ir=16 skipped=0 (0%) notes=0
[2026-05-08T14:44:29Z INFO  vmp] lift fn_001c7960 @ 0x1c7960  in=167 out_ir=209 skipped=22 (13%) notes=22
[2026-05-08T14:44:29Z INFO  vmp] lift fn_001c7bfc @ 0x1c7bfc  in=16 out_ir=23 skipped=0 (0%) notes=0
[2026-05-08T14:44:29Z INFO  vmp] lift fn_001c7c3c @ 0x1c7c3c  in=16 out_ir=23 skipped=0 (0%) notes=0
[2026-05-08T14:44:29Z INFO  vmp] lift fn_001c7c7c @ 0x1c7c7c  in=211 out_ir=246 skipped=18 (8%) notes=18
[2026-05-08T14:44:29Z INFO  vmp] lift fn_001c7fc8 @ 0x1c7fc8  in=375 out_ir=502 skipped=35 (9%) notes=35
[2026-05-08T14:44:29Z INFO  vmp] lift fn_001c85a4 @ 0x1c85a4  in=631 out_ir=751 skipped=41 (6%) notes=41
[2026-05-08T14:44:29Z INFO  vmp] lift fn_001c8f80 @ 0x1c8f80  in=39 out_ir=47 skipped=1 (2%) notes=1
[2026-05-08T14:44:29Z INFO  vmp] lift fn_001c901c @ 0x1c901c  in=472 out_ir=536 skipped=11 (2%) notes=11
[2026-05-08T14:44:29Z INFO  vmp] lift fn_001c977c @ 0x1c977c  in=48 out_ir=60 skipped=0 (0%) notes=0
[2026-05-08T14:44:29Z INFO  vmp] lift fn_001c983c @ 0x1c983c  in=65 out_ir=81 skipped=8 (12%) notes=8
[2026-05-08T14:44:29Z INFO  vmp] lift fn_001c9940 @ 0x1c9940  in=14 out_ir=19 skipped=0 (0%) notes=0
[2026-05-08T14:44:29Z INFO  vmp] lift fn_001c9978 @ 0x1c9978  in=865 out_ir=1095 skipped=63 (7%) notes=63
[2026-05-08T14:44:29Z INFO  vmp] lift fn_001ca6fc @ 0x1ca6fc  in=75 out_ir=81 skipped=9 (12%) notes=9
[2026-05-08T14:44:29Z INFO  vmp] lift fn_001ca828 @ 0x1ca828  in=188 out_ir=228 skipped=19 (10%) notes=19
[2026-05-08T14:44:29Z INFO  vmp] lift fn_001cab18 @ 0x1cab18  in=89 out_ir=108 skipped=10 (11%) notes=10
[2026-05-08T14:44:29Z INFO  vmp] lift fn_001cac7c @ 0x1cac7c  in=36 out_ir=47 skipped=5 (13%) notes=5
[2026-05-08T14:44:29Z INFO  vmp] lift fn_001cad0c @ 0x1cad0c  in=17 out_ir=19 skipped=0 (0%) notes=0
[2026-05-08T14:44:29Z INFO  vmp] lift fn_001cad50 @ 0x1cad50  in=91 out_ir=109 skipped=3 (3%) notes=3
[2026-05-08T14:44:29Z INFO  vmp] lift fn_001caebc @ 0x1caebc  in=48 out_ir=59 skipped=5 (10%) notes=5
[2026-05-08T14:44:29Z INFO  vmp] lift fn_001caf7c @ 0x1caf7c  in=280 out_ir=318 skipped=9 (3%) notes=9
[2026-05-08T14:44:29Z INFO  vmp] lift fn_001cb3dc @ 0x1cb3dc  in=383 out_ir=503 skipped=15 (3%) notes=15
[2026-05-08T14:44:29Z INFO  vmp] lift fn_001cb9d8 @ 0x1cb9d8  in=23 out_ir=28 skipped=3 (13%) notes=3
[2026-05-08T14:44:29Z INFO  vmp] lift fn_001cba34 @ 0x1cba34  in=314 out_ir=384 skipped=22 (7%) notes=22
[2026-05-08T14:44:29Z INFO  vmp] lift fn_001cbf1c @ 0x1cbf1c  in=928 out_ir=1112 skipped=73 (7%) notes=73
[2026-05-08T14:44:29Z INFO  vmp] lift fn_001ccd9c @ 0x1ccd9c  in=34 out_ir=40 skipped=3 (8%) notes=3
[2026-05-08T14:44:29Z INFO  vmp] lift fn_001cce24 @ 0x1cce24  in=223 out_ir=247 skipped=32 (14%) notes=32
[2026-05-08T14:44:29Z INFO  vmp] lift fn_001cd1a0 @ 0x1cd1a0  in=73 out_ir=85 skipped=8 (10%) notes=8
[2026-05-08T14:44:29Z INFO  vmp] lift fn_001cd2c4 @ 0x1cd2c4  in=320 out_ir=406 skipped=30 (9%) notes=30
[2026-05-08T14:44:29Z INFO  vmp] lift fn_001cd7c4 @ 0x1cd7c4  in=58 out_ir=76 skipped=0 (0%) notes=0
[2026-05-08T14:44:29Z INFO  vmp] lift fn_001cd8ac @ 0x1cd8ac  in=357 out_ir=432 skipped=6 (1%) notes=6
[2026-05-08T14:44:29Z INFO  vmp] lift fn_001cde40 @ 0x1cde40  in=57 out_ir=73 skipped=0 (0%) notes=0
[2026-05-08T14:44:29Z INFO  vmp] lift fn_001cdf24 @ 0x1cdf24  in=79 out_ir=101 skipped=0 (0%) notes=0
[2026-05-08T14:44:29Z INFO  vmp] lift fn_001ce060 @ 0x1ce060  in=57 out_ir=75 skipped=0 (0%) notes=0
[2026-05-08T14:44:29Z INFO  vmp] lift fn_001ce144 @ 0x1ce144  in=88 out_ir=108 skipped=0 (0%) notes=0
[2026-05-08T14:44:29Z INFO  vmp] lift fn_001ce2a4 @ 0x1ce2a4  in=145 out_ir=177 skipped=3 (2%) notes=3
[2026-05-08T14:44:29Z INFO  vmp] lift fn_001ce4e8 @ 0x1ce4e8  in=63 out_ir=76 skipped=19 (30%) notes=19
[2026-05-08T14:44:29Z INFO  vmp] lift fn_001ce5e4 @ 0x1ce5e4  in=583 out_ir=712 skipped=87 (14%) notes=87
[2026-05-08T14:44:29Z INFO  vmp] lift fn_001cef00 @ 0x1cef00  in=1496 out_ir=1843 skipped=278 (18%) notes=278
[2026-05-08T14:44:29Z INFO  vmp] lift fn_001d0660 @ 0x1d0660  in=83 out_ir=98 skipped=12 (14%) notes=12
[2026-05-08T14:44:29Z INFO  vmp] lift fn_001d07ac @ 0x1d07ac  in=151 out_ir=189 skipped=9 (5%) notes=9
[2026-05-08T14:44:29Z INFO  vmp] lift fn_001d0a08 @ 0x1d0a08  in=51 out_ir=66 skipped=1 (1%) notes=1
[2026-05-08T14:44:29Z INFO  vmp] lift fn_001d0ad4 @ 0x1d0ad4  in=81 out_ir=104 skipped=0 (0%) notes=0
[2026-05-08T14:44:29Z INFO  vmp] lift fn_001d0c18 @ 0x1d0c18  in=96 out_ir=114 skipped=10 (10%) notes=10
[2026-05-08T14:44:29Z INFO  vmp] lift fn_001d0d98 @ 0x1d0d98  in=32 out_ir=36 skipped=0 (0%) notes=0
[2026-05-08T14:44:29Z INFO  vmp] lift fn_001d0e18 @ 0x1d0e18  in=19 out_ir=21 skipped=0 (0%) notes=0
[2026-05-08T14:44:29Z INFO  vmp] lift fn_001d0e64 @ 0x1d0e64  in=22 out_ir=24 skipped=0 (0%) notes=0
[2026-05-08T14:44:29Z INFO  vmp] lift fn_001d0ebc @ 0x1d0ebc  in=10 out_ir=12 skipped=0 (0%) notes=0
[2026-05-08T14:44:29Z INFO  vmp] lift fn_001d0ee4 @ 0x1d0ee4  in=79 out_ir=96 skipped=0 (0%) notes=0
[2026-05-08T14:44:29Z INFO  vmp] lift fn_001d1020 @ 0x1d1020  in=118 out_ir=145 skipped=0 (0%) notes=0
[2026-05-08T14:44:29Z INFO  vmp] lift fn_001d11f8 @ 0x1d11f8  in=23 out_ir=27 skipped=0 (0%) notes=0
[2026-05-08T14:44:29Z INFO  vmp] lift fn_001d1254 @ 0x1d1254  in=8 out_ir=10 skipped=0 (0%) notes=0
[2026-05-08T14:44:29Z INFO  vmp] lift fn_001d1274 @ 0x1d1274  in=19 out_ir=27 skipped=0 (0%) notes=0
[2026-05-08T14:44:29Z INFO  vmp] lift fn_001d12c0 @ 0x1d12c0  in=32 out_ir=42 skipped=0 (0%) notes=0
[2026-05-08T14:44:29Z INFO  vmp] lift fn_001d1340 @ 0x1d1340  in=55 out_ir=63 skipped=5 (9%) notes=5
[2026-05-08T14:44:29Z INFO  vmp] lift fn_001d141c @ 0x1d141c  in=25 out_ir=30 skipped=2 (8%) notes=2
[2026-05-08T14:44:29Z INFO  vmp] lift fn_001d1480 @ 0x1d1480  in=24 out_ir=29 skipped=3 (12%) notes=3
[2026-05-08T14:44:29Z INFO  vmp] lift fn_001d14e0 @ 0x1d14e0  in=24 out_ir=29 skipped=3 (12%) notes=3
[2026-05-08T14:44:29Z INFO  vmp] lift fn_001d1540 @ 0x1d1540  in=83 out_ir=98 skipped=3 (3%) notes=3
[2026-05-08T14:44:29Z INFO  vmp] lift fn_001d168c @ 0x1d168c  in=6 out_ir=8 skipped=0 (0%) notes=0
[2026-05-08T14:44:29Z INFO  vmp] lift fn_001d16a4 @ 0x1d16a4  in=55 out_ir=65 skipped=5 (9%) notes=5
[2026-05-08T14:44:29Z INFO  vmp] lift fn_001d1780 @ 0x1d1780  in=1168 out_ir=1389 skipped=218 (18%) notes=218
[2026-05-08T14:44:29Z INFO  vmp] lift fn_001d29c0 @ 0x1d29c0  in=49 out_ir=57 skipped=10 (20%) notes=10
[2026-05-08T14:44:29Z INFO  vmp] lift fn_001d2a84 @ 0x1d2a84  in=167 out_ir=206 skipped=3 (1%) notes=3
[2026-05-08T14:44:29Z INFO  vmp] lift fn_001d2d20 @ 0x1d2d20  in=66 out_ir=84 skipped=6 (9%) notes=6
[2026-05-08T14:44:29Z INFO  vmp] lift fn_001d2e28 @ 0x1d2e28  in=40 out_ir=48 skipped=4 (10%) notes=4
[2026-05-08T14:44:29Z INFO  vmp] lift fn_001d2ec8 @ 0x1d2ec8  in=12 out_ir=15 skipped=0 (0%) notes=0
[2026-05-08T14:44:29Z INFO  vmp] lift fn_001d2ef8 @ 0x1d2ef8  in=58 out_ir=70 skipped=7 (12%) notes=7
[2026-05-08T14:44:29Z INFO  vmp] lift fn_001d2fe0 @ 0x1d2fe0  in=34 out_ir=42 skipped=3 (8%) notes=3
[2026-05-08T14:44:29Z INFO  vmp] lift fn_001d3068 @ 0x1d3068  in=195 out_ir=245 skipped=24 (12%) notes=24
[2026-05-08T14:44:29Z INFO  vmp] lift fn_001d3374 @ 0x1d3374  in=153 out_ir=177 skipped=28 (18%) notes=28
[2026-05-08T14:44:29Z INFO  vmp] lift fn_001d35d8 @ 0x1d35d8  in=108 out_ir=133 skipped=21 (19%) notes=21
[2026-05-08T14:44:29Z INFO  vmp] lift fn_001d3788 @ 0x1d3788  in=24 out_ir=34 skipped=2 (8%) notes=2
[2026-05-08T14:44:29Z INFO  vmp] lift fn_001d37e8 @ 0x1d37e8  in=39 out_ir=50 skipped=1 (2%) notes=1
[2026-05-08T14:44:29Z INFO  vmp] lift fn_001d3884 @ 0x1d3884  in=21 out_ir=28 skipped=0 (0%) notes=0
[2026-05-08T14:44:29Z INFO  vmp] lift fn_001d38d8 @ 0x1d38d8  in=20 out_ir=25 skipped=3 (15%) notes=3
[2026-05-08T14:44:29Z INFO  vmp] lift fn_001d3928 @ 0x1d3928  in=20 out_ir=25 skipped=3 (15%) notes=3
[2026-05-08T14:44:29Z INFO  vmp] lift fn_001d3978 @ 0x1d3978  in=18 out_ir=23 skipped=2 (11%) notes=2
[2026-05-08T14:44:29Z INFO  vmp] lift fn_001d39c0 @ 0x1d39c0  in=20 out_ir=25 skipped=3 (15%) notes=3
[2026-05-08T14:44:29Z INFO  vmp] lift fn_001d3a10 @ 0x1d3a10  in=20 out_ir=25 skipped=3 (15%) notes=3
[2026-05-08T14:44:29Z INFO  vmp] lift fn_001d3a60 @ 0x1d3a60  in=18 out_ir=23 skipped=3 (16%) notes=3
[2026-05-08T14:44:29Z INFO  vmp] lift fn_001d3aa8 @ 0x1d3aa8  in=18 out_ir=23 skipped=2 (11%) notes=2
[2026-05-08T14:44:29Z INFO  vmp] lift fn_001d3af0 @ 0x1d3af0  in=20 out_ir=25 skipped=3 (15%) notes=3
[2026-05-08T14:44:29Z INFO  vmp] lift fn_001d3b40 @ 0x1d3b40  in=20 out_ir=25 skipped=3 (15%) notes=3
[2026-05-08T14:44:29Z INFO  vmp] lift fn_001d3b90 @ 0x1d3b90  in=16 out_ir=21 skipped=2 (12%) notes=2
[2026-05-08T14:44:29Z INFO  vmp] lift fn_001d3bd0 @ 0x1d3bd0  in=24 out_ir=29 skipped=4 (16%) notes=4
[2026-05-08T14:44:29Z INFO  vmp] lift fn_001d3c30 @ 0x1d3c30  in=20 out_ir=25 skipped=3 (15%) notes=3
[2026-05-08T14:44:29Z INFO  vmp] lift fn_001d3c80 @ 0x1d3c80  in=22 out_ir=27 skipped=4 (18%) notes=4
[2026-05-08T14:44:29Z INFO  vmp] lift fn_001d3cd8 @ 0x1d3cd8  in=18 out_ir=23 skipped=2 (11%) notes=2
[2026-05-08T14:44:29Z INFO  vmp] lift fn_001d3d20 @ 0x1d3d20  in=18 out_ir=23 skipped=2 (11%) notes=2
[2026-05-08T14:44:29Z INFO  vmp] lift fn_001d3d68 @ 0x1d3d68  in=24 out_ir=29 skipped=4 (16%) notes=4
[2026-05-08T14:44:29Z INFO  vmp] lift fn_001d3dc8 @ 0x1d3dc8  in=20 out_ir=26 skipped=2 (10%) notes=2
[2026-05-08T14:44:29Z INFO  vmp] lift fn_001d3e18 @ 0x1d3e18  in=20 out_ir=25 skipped=3 (15%) notes=3
[2026-05-08T14:44:29Z INFO  vmp] lift fn_001d3e68 @ 0x1d3e68  in=16 out_ir=21 skipped=2 (12%) notes=2
[2026-05-08T14:44:29Z INFO  vmp] lift fn_001d3ea8 @ 0x1d3ea8  in=126 out_ir=139 skipped=14 (11%) notes=14
[2026-05-08T14:44:29Z INFO  vmp] lift fn_001d40a0 @ 0x1d40a0  in=162 out_ir=199 skipped=16 (9%) notes=16
[2026-05-08T14:44:29Z INFO  vmp] lift fn_001d4328 @ 0x1d4328  in=8 out_ir=12 skipped=1 (12%) notes=1
[2026-05-08T14:44:29Z INFO  vmp] lift fn_001d4348 @ 0x1d4348  in=65 out_ir=78 skipped=9 (13%) notes=9
[2026-05-08T14:44:29Z INFO  vmp] lift fn_001d444c @ 0x1d444c  in=94 out_ir=109 skipped=10 (10%) notes=10
[2026-05-08T14:44:29Z INFO  vmp] lift fn_001d45c4 @ 0x1d45c4  in=124 out_ir=148 skipped=13 (10%) notes=13
[2026-05-08T14:44:29Z INFO  vmp] lift fn_001d47b4 @ 0x1d47b4  in=62 out_ir=73 skipped=7 (11%) notes=7
[2026-05-08T14:44:29Z INFO  vmp] lift fn_001d48ac @ 0x1d48ac  in=95 out_ir=112 skipped=5 (5%) notes=5
[2026-05-08T14:44:29Z INFO  vmp] lift fn_001d4a28 @ 0x1d4a28  in=31 out_ir=36 skipped=0 (0%) notes=0
[2026-05-08T14:44:29Z INFO  vmp] lift fn_001d4aa4 @ 0x1d4aa4  in=51 out_ir=62 skipped=0 (0%) notes=0
[2026-05-08T14:44:29Z INFO  vmp] lift fn_001d4b70 @ 0x1d4b70  in=19 out_ir=28 skipped=0 (0%) notes=0
[2026-05-08T14:44:29Z INFO  vmp] lift fn_001d4bbc @ 0x1d4bbc  in=208 out_ir=247 skipped=5 (2%) notes=5
[2026-05-08T14:44:29Z INFO  vmp] lift fn_001d4efc @ 0x1d4efc  in=113 out_ir=132 skipped=4 (3%) notes=4
[2026-05-08T14:44:29Z INFO  vmp] lift fn_001d50c0 @ 0x1d50c0  in=43 out_ir=54 skipped=1 (2%) notes=1
[2026-05-08T14:44:29Z INFO  vmp] lift fn_001d516c @ 0x1d516c  in=326 out_ir=430 skipped=42 (12%) notes=42
[2026-05-08T14:44:29Z INFO  vmp] lift fn_001d5684 @ 0x1d5684  in=79 out_ir=87 skipped=9 (11%) notes=9
[2026-05-08T14:44:29Z INFO  vmp] lift fn_001d57c0 @ 0x1d57c0  in=479 out_ir=576 skipped=109 (22%) notes=109
[2026-05-08T14:44:29Z INFO  vmp] lift fn_001d5f3c @ 0x1d5f3c  in=10 out_ir=12 skipped=0 (0%) notes=0
[2026-05-08T14:44:29Z INFO  vmp] lift fn_001d5f64 @ 0x1d5f64  in=19 out_ir=24 skipped=0 (0%) notes=0
[2026-05-08T14:44:29Z INFO  vmp] lift fn_001d5fb0 @ 0x1d5fb0  in=56 out_ir=71 skipped=1 (1%) notes=1
[2026-05-08T14:44:29Z INFO  vmp] lift fn_001d6090 @ 0x1d6090  in=12 out_ir=17 skipped=0 (0%) notes=0
[2026-05-08T14:44:29Z INFO  vmp] lift fn_001d60c0 @ 0x1d60c0  in=13 out_ir=18 skipped=1 (7%) notes=1
[2026-05-08T14:44:29Z INFO  vmp] lift fn_001d60f4 @ 0x1d60f4  in=268 out_ir=382 skipped=10 (3%) notes=10
[2026-05-08T14:44:29Z INFO  vmp] lift fn_001d6524 @ 0x1d6524  in=64 out_ir=75 skipped=9 (14%) notes=9
[2026-05-08T14:44:29Z INFO  vmp] lift fn_001d6624 @ 0x1d6624  in=62 out_ir=74 skipped=8 (12%) notes=8
[2026-05-08T14:44:29Z INFO  vmp] lift fn_001d671c @ 0x1d671c  in=63 out_ir=77 skipped=9 (14%) notes=9
[2026-05-08T14:44:29Z INFO  vmp] lift fn_001d6818 @ 0x1d6818  in=67 out_ir=80 skipped=7 (10%) notes=7
[2026-05-08T14:44:29Z INFO  vmp] lift fn_001d6924 @ 0x1d6924  in=51 out_ir=62 skipped=3 (5%) notes=3
[2026-05-08T14:44:29Z INFO  vmp] lift fn_001d69f0 @ 0x1d69f0  in=50 out_ir=60 skipped=7 (14%) notes=7
[2026-05-08T14:44:29Z INFO  vmp] lift fn_001d6ab8 @ 0x1d6ab8  in=81 out_ir=95 skipped=10 (12%) notes=10
[2026-05-08T14:44:29Z INFO  vmp] lift fn_001d6bfc @ 0x1d6bfc  in=104 out_ir=154 skipped=3 (2%) notes=3
[2026-05-08T14:44:29Z INFO  vmp] lift fn_001d6d9c @ 0x1d6d9c  in=509 out_ir=681 skipped=73 (14%) notes=73
[2026-05-08T14:44:29Z INFO  vmp] lift fn_001d7590 @ 0x1d7590  in=139 out_ir=185 skipped=0 (0%) notes=0
[2026-05-08T14:44:29Z INFO  vmp] lift fn_001d77bc @ 0x1d77bc  in=264 out_ir=313 skipped=53 (20%) notes=53
[2026-05-08T14:44:29Z INFO  vmp] lift fn_001d7bdc @ 0x1d7bdc  in=160 out_ir=220 skipped=11 (6%) notes=11
[2026-05-08T14:44:29Z INFO  vmp] lift fn_001d7e5c @ 0x1d7e5c  in=991 out_ir=1191 skipped=26 (2%) notes=26
[2026-05-08T14:44:29Z INFO  vmp] lift fn_001d8dd8 @ 0x1d8dd8  in=19 out_ir=26 skipped=0 (0%) notes=0
[2026-05-08T14:44:29Z INFO  vmp] lift fn_001d8e24 @ 0x1d8e24  in=58 out_ir=67 skipped=11 (18%) notes=11
[2026-05-08T14:44:29Z INFO  vmp] lift fn_001d8f0c @ 0x1d8f0c  in=46 out_ir=55 skipped=3 (6%) notes=3
[2026-05-08T14:44:29Z INFO  vmp] lift fn_001d8fc4 @ 0x1d8fc4  in=218 out_ir=270 skipped=35 (16%) notes=35
[2026-05-08T14:44:29Z INFO  vmp] lift fn_001d932c @ 0x1d932c  in=59 out_ir=72 skipped=8 (13%) notes=8
[2026-05-08T14:44:29Z INFO  vmp] lift fn_001d9418 @ 0x1d9418  in=19 out_ir=25 skipped=2 (10%) notes=2
[2026-05-08T14:44:29Z INFO  vmp] lift fn_001d9464 @ 0x1d9464  in=42 out_ir=51 skipped=2 (4%) notes=2
[2026-05-08T14:44:29Z INFO  vmp] lift fn_001d950c @ 0x1d950c  in=213 out_ir=299 skipped=3 (1%) notes=3
[2026-05-08T14:44:29Z INFO  vmp] lift fn_001d9860 @ 0x1d9860  in=670 out_ir=788 skipped=12 (1%) notes=12
[2026-05-08T14:44:29Z INFO  vmp] lift fn_001da2d8 @ 0x1da2d8  in=27 out_ir=34 skipped=3 (11%) notes=3
[2026-05-08T14:44:29Z INFO  vmp] lift fn_001da344 @ 0x1da344  in=76 out_ir=93 skipped=11 (14%) notes=11
[2026-05-08T14:44:29Z INFO  vmp] lift fn_001da474 @ 0x1da474  in=179 out_ir=241 skipped=6 (3%) notes=6
[2026-05-08T14:44:29Z INFO  vmp] lift fn_001da740 @ 0x1da740  in=104 out_ir=129 skipped=11 (10%) notes=11
[2026-05-08T14:44:29Z INFO  vmp] lift fn_001da8e0 @ 0x1da8e0  in=180 out_ir=216 skipped=13 (7%) notes=13
[2026-05-08T14:44:29Z INFO  vmp] lift fn_001dabb0 @ 0x1dabb0  in=261 out_ir=320 skipped=33 (12%) notes=33
[2026-05-08T14:44:29Z INFO  vmp] lift fn_001dafc4 @ 0x1dafc4  in=337 out_ir=392 skipped=13 (3%) notes=13
[2026-05-08T14:44:29Z INFO  vmp] lift fn_001db508 @ 0x1db508  in=415 out_ir=514 skipped=74 (17%) notes=74
[2026-05-08T14:44:29Z INFO  vmp] lift fn_001dbb84 @ 0x1dbb84  in=94 out_ir=115 skipped=12 (12%) notes=12
[2026-05-08T14:44:29Z INFO  vmp] lift fn_001dbcfc @ 0x1dbcfc  in=47 out_ir=55 skipped=3 (6%) notes=3
[2026-05-08T14:44:29Z INFO  vmp] lift fn_001dbdb8 @ 0x1dbdb8  in=408 out_ir=488 skipped=24 (5%) notes=24
[2026-05-08T14:44:29Z INFO  vmp] lift fn_001dc418 @ 0x1dc418  in=467 out_ir=574 skipped=27 (5%) notes=27
[2026-05-08T14:44:29Z INFO  vmp] lift fn_001dcb64 @ 0x1dcb64  in=207 out_ir=246 skipped=27 (13%) notes=27
[2026-05-08T14:44:29Z INFO  vmp] lift fn_001dcea0 @ 0x1dcea0  in=88 out_ir=111 skipped=12 (13%) notes=12
[2026-05-08T14:44:29Z INFO  vmp] lift fn_001dd000 @ 0x1dd000  in=99 out_ir=133 skipped=16 (16%) notes=16
[2026-05-08T14:44:29Z INFO  vmp] lift fn_001dd18c @ 0x1dd18c  in=144 out_ir=166 skipped=34 (23%) notes=34
[2026-05-08T14:44:29Z INFO  vmp] lift fn_001dd3cc @ 0x1dd3cc  in=47 out_ir=54 skipped=0 (0%) notes=0
[2026-05-08T14:44:29Z INFO  vmp] lift fn_001dd488 @ 0x1dd488  in=10 out_ir=12 skipped=0 (0%) notes=0
[2026-05-08T14:44:29Z INFO  vmp] lift fn_001dd4b0 @ 0x1dd4b0  in=26 out_ir=31 skipped=5 (19%) notes=5
[2026-05-08T14:44:29Z INFO  vmp] lift fn_001dd518 @ 0x1dd518  in=23 out_ir=30 skipped=0 (0%) notes=0
[2026-05-08T14:44:29Z INFO  vmp] lift fn_001dd574 @ 0x1dd574  in=18 out_ir=23 skipped=0 (0%) notes=0
[2026-05-08T14:44:29Z INFO  vmp] lift fn_001dd5bc @ 0x1dd5bc  in=88 out_ir=104 skipped=10 (11%) notes=10
[2026-05-08T14:44:29Z INFO  vmp] lift fn_001dd71c @ 0x1dd71c  in=88 out_ir=104 skipped=10 (11%) notes=10
[2026-05-08T14:44:29Z INFO  vmp] lift fn_001dd87c @ 0x1dd87c  in=138 out_ir=169 skipped=13 (9%) notes=13
[2026-05-08T14:44:29Z INFO  vmp] lift fn_001ddaa4 @ 0x1ddaa4  in=83 out_ir=98 skipped=3 (3%) notes=3
[2026-05-08T14:44:29Z INFO  vmp] lift fn_001ddbf0 @ 0x1ddbf0  in=6 out_ir=8 skipped=0 (0%) notes=0
[2026-05-08T14:44:29Z INFO  vmp] lift fn_001ddc08 @ 0x1ddc08  in=14 out_ir=19 skipped=0 (0%) notes=0
[2026-05-08T14:44:29Z INFO  vmp] lift fn_001ddc40 @ 0x1ddc40  in=334 out_ir=392 skipped=58 (17%) notes=58
[2026-05-08T14:44:29Z INFO  vmp] lift fn_001de178 @ 0x1de178  in=170 out_ir=184 skipped=28 (16%) notes=28
[2026-05-08T14:44:29Z INFO  vmp] lift fn_001de420 @ 0x1de420  in=60 out_ir=70 skipped=11 (18%) notes=11
[2026-05-08T14:44:29Z INFO  vmp] lift fn_001de510 @ 0x1de510  in=31 out_ir=38 skipped=4 (12%) notes=4
[2026-05-08T14:44:29Z INFO  vmp] lift fn_001de58c @ 0x1de58c  in=37 out_ir=45 skipped=4 (10%) notes=4
[2026-05-08T14:44:29Z INFO  vmp] lift fn_001de620 @ 0x1de620  in=12 out_ir=15 skipped=0 (0%) notes=0
[2026-05-08T14:44:29Z INFO  vmp] lift fn_001de650 @ 0x1de650  in=390 out_ir=469 skipped=18 (4%) notes=18
[2026-05-08T14:44:29Z INFO  vmp] lift fn_001dec68 @ 0x1dec68  in=38 out_ir=45 skipped=5 (13%) notes=5
[2026-05-08T14:44:29Z INFO  vmp] lift fn_001ded00 @ 0x1ded00  in=22 out_ir=28 skipped=0 (0%) notes=0
[2026-05-08T14:44:29Z INFO  vmp] lift fn_001ded58 @ 0x1ded58  in=14 out_ir=20 skipped=0 (0%) notes=0
[2026-05-08T14:44:29Z INFO  vmp] lift fn_001ded90 @ 0x1ded90  in=10 out_ir=12 skipped=0 (0%) notes=0
[2026-05-08T14:44:29Z INFO  vmp] lift fn_001dedb8 @ 0x1dedb8  in=37 out_ir=43 skipped=0 (0%) notes=0
[2026-05-08T14:44:29Z INFO  vmp] lift fn_001dee4c @ 0x1dee4c  in=16 out_ir=19 skipped=0 (0%) notes=0
[2026-05-08T14:44:29Z INFO  vmp] lift fn_001dee8c @ 0x1dee8c  in=30 out_ir=36 skipped=3 (10%) notes=3
[2026-05-08T14:44:29Z INFO  vmp] lift fn_001def04 @ 0x1def04  in=192 out_ir=218 skipped=14 (7%) notes=14
[2026-05-08T14:44:29Z INFO  vmp] lift fn_001df204 @ 0x1df204  in=34 out_ir=42 skipped=0 (0%) notes=0
[2026-05-08T14:44:29Z INFO  vmp] lift fn_001df28c @ 0x1df28c  in=327 out_ir=387 skipped=13 (3%) notes=13
[2026-05-08T14:44:29Z INFO  vmp] lift fn_001df7a8 @ 0x1df7a8  in=22 out_ir=27 skipped=3 (13%) notes=3
[2026-05-08T14:44:29Z INFO  vmp] lift fn_001df800 @ 0x1df800  in=479 out_ir=565 skipped=3 (0%) notes=3
[2026-05-08T14:44:29Z INFO  vmp] lift fn_001dff7c @ 0x1dff7c  in=199 out_ir=237 skipped=11 (5%) notes=11
[2026-05-08T14:44:29Z INFO  vmp] lift fn_001e0298 @ 0x1e0298  in=238 out_ir=295 skipped=3 (1%) notes=3
[2026-05-08T14:44:29Z INFO  vmp] lift fn_001e0650 @ 0x1e0650  in=418 out_ir=538 skipped=64 (15%) notes=64
[2026-05-08T14:44:29Z INFO  vmp] lift fn_001e0cd8 @ 0x1e0cd8  in=11 out_ir=16 skipped=0 (0%) notes=0
[2026-05-08T14:44:29Z INFO  vmp] lift fn_001e0d04 @ 0x1e0d04  in=147 out_ir=180 skipped=18 (12%) notes=18
[2026-05-08T14:44:29Z INFO  vmp] lift fn_001e0f50 @ 0x1e0f50  in=133 out_ir=167 skipped=10 (7%) notes=10
[2026-05-08T14:44:29Z INFO  vmp] lift fn_001e1164 @ 0x1e1164  in=151 out_ir=179 skipped=21 (13%) notes=21
[2026-05-08T14:44:29Z INFO  vmp] lift fn_001e13c0 @ 0x1e13c0  in=41 out_ir=48 skipped=2 (4%) notes=2
[2026-05-08T14:44:29Z INFO  vmp] lift fn_001e1464 @ 0x1e1464  in=9 out_ir=11 skipped=0 (0%) notes=0
[2026-05-08T14:44:29Z INFO  vmp] lift fn_001e1488 @ 0x1e1488  in=23 out_ir=30 skipped=0 (0%) notes=0
[2026-05-08T14:44:29Z INFO  vmp] lift fn_001e14e4 @ 0x1e14e4  in=41 out_ir=50 skipped=3 (7%) notes=3
[2026-05-08T14:44:29Z INFO  vmp] lift fn_001e1588 @ 0x1e1588  in=379 out_ir=441 skipped=9 (2%) notes=9
[2026-05-08T14:44:29Z INFO  vmp] lift fn_001e1b74 @ 0x1e1b74  in=7 out_ir=9 skipped=0 (0%) notes=0
[2026-05-08T14:44:29Z INFO  vmp] lift fn_001e1b90 @ 0x1e1b90  in=6 out_ir=8 skipped=0 (0%) notes=0
[2026-05-08T14:44:29Z INFO  vmp] lift fn_001e1ba8 @ 0x1e1ba8  in=14 out_ir=19 skipped=0 (0%) notes=0
[2026-05-08T14:44:29Z INFO  vmp] lift fn_001e1be0 @ 0x1e1be0  in=239 out_ir=292 skipped=21 (8%) notes=21
[2026-05-08T14:44:29Z INFO  vmp] lift fn_001e1f9c @ 0x1e1f9c  in=153 out_ir=168 skipped=29 (18%) notes=29
[2026-05-08T14:44:29Z INFO  vmp] lift fn_001e2200 @ 0x1e2200  in=273 out_ir=345 skipped=30 (10%) notes=30
[2026-05-08T14:44:29Z INFO  vmp] lift fn_001e2644 @ 0x1e2644  in=87 out_ir=106 skipped=11 (12%) notes=11
[2026-05-08T14:44:29Z INFO  vmp] lift fn_001e27a0 @ 0x1e27a0  in=36 out_ir=48 skipped=5 (13%) notes=5
[2026-05-08T14:44:29Z INFO  vmp] lift fn_001e2830 @ 0x1e2830  in=17 out_ir=19 skipped=0 (0%) notes=0
[2026-05-08T14:44:29Z INFO  vmp] lift fn_001e2874 @ 0x1e2874  in=59 out_ir=70 skipped=2 (3%) notes=2
[2026-05-08T14:44:29Z INFO  vmp] lift fn_001e2960 @ 0x1e2960  in=61 out_ir=80 skipped=4 (6%) notes=4
[2026-05-08T14:44:29Z INFO  vmp] lift fn_001e2a54 @ 0x1e2a54  in=18 out_ir=20 skipped=0 (0%) notes=0
[2026-05-08T14:44:29Z INFO  vmp] lift fn_001e2a9c @ 0x1e2a9c  in=15 out_ir=17 skipped=0 (0%) notes=0
[2026-05-08T14:44:29Z INFO  vmp] lift fn_001e2ad8 @ 0x1e2ad8  in=634 out_ir=790 skipped=133 (20%) notes=133
[2026-05-08T14:44:29Z INFO  vmp] lift fn_001e34c0 @ 0x1e34c0  in=334 out_ir=415 skipped=27 (8%) notes=27
[2026-05-08T14:44:29Z INFO  vmp] lift fn_001e39f8 @ 0x1e39f8  in=415 out_ir=518 skipped=50 (12%) notes=50
[2026-05-08T14:44:29Z INFO  vmp] lift fn_001e4074 @ 0x1e4074  in=32 out_ir=40 skipped=0 (0%) notes=0
[2026-05-08T14:44:29Z INFO  vmp] lift fn_001e40f4 @ 0x1e40f4  in=216 out_ir=268 skipped=33 (15%) notes=33
[2026-05-08T14:44:29Z INFO  vmp] lift fn_001e4454 @ 0x1e4454  in=267 out_ir=326 skipped=31 (11%) notes=31
[2026-05-08T14:44:29Z INFO  vmp] lift fn_001e4880 @ 0x1e4880  in=237 out_ir=292 skipped=21 (8%) notes=21
[2026-05-08T14:44:29Z INFO  vmp] lift fn_001e4c34 @ 0x1e4c34  in=344 out_ir=421 skipped=33 (9%) notes=33
[2026-05-08T14:44:29Z INFO  vmp] lift fn_001e5194 @ 0x1e5194  in=361 out_ir=474 skipped=14 (3%) notes=14
[2026-05-08T14:44:29Z INFO  vmp] lift fn_001e5738 @ 0x1e5738  in=82 out_ir=104 skipped=10 (12%) notes=10
[2026-05-08T14:44:29Z INFO  vmp] lift fn_001e5880 @ 0x1e5880  in=80 out_ir=105 skipped=11 (13%) notes=11
[2026-05-08T14:44:29Z INFO  vmp] lift fn_001e59c0 @ 0x1e59c0  in=17 out_ir=20 skipped=0 (0%) notes=0
[2026-05-08T14:44:29Z INFO  vmp] lift fn_001e5a04 @ 0x1e5a04  in=8 out_ir=10 skipped=0 (0%) notes=0
[2026-05-08T14:44:29Z INFO  vmp] lift fn_001e5a24 @ 0x1e5a24  in=56 out_ir=72 skipped=0 (0%) notes=0
[2026-05-08T14:44:29Z INFO  vmp] lift fn_001e5b04 @ 0x1e5b04  in=99 out_ir=123 skipped=0 (0%) notes=0
[2026-05-08T14:44:29Z INFO  vmp] lift fn_001e5c90 @ 0x1e5c90  in=48 out_ir=59 skipped=0 (0%) notes=0
[2026-05-08T14:44:29Z INFO  vmp] lift fn_001e5d50 @ 0x1e5d50  in=26 out_ir=35 skipped=0 (0%) notes=0
[2026-05-08T14:44:29Z INFO  vmp] lift fn_001e5db8 @ 0x1e5db8  in=25 out_ir=33 skipped=0 (0%) notes=0
[2026-05-08T14:44:29Z INFO  vmp] lift fn_001e5e1c @ 0x1e5e1c  in=187 out_ir=207 skipped=12 (6%) notes=12
[2026-05-08T14:44:29Z INFO  vmp] lift fn_001e6108 @ 0x1e6108  in=130 out_ir=168 skipped=15 (11%) notes=15
[2026-05-08T14:44:29Z INFO  vmp] lift fn_001e6310 @ 0x1e6310  in=83 out_ir=93 skipped=16 (19%) notes=16
[2026-05-08T14:44:29Z INFO  vmp] lift fn_001e645c @ 0x1e645c  in=46 out_ir=57 skipped=4 (8%) notes=4
[2026-05-08T14:44:29Z INFO  vmp] lift fn_001e6514 @ 0x1e6514  in=112 out_ir=128 skipped=15 (13%) notes=15
[2026-05-08T14:44:29Z INFO  vmp] lift fn_001e66d4 @ 0x1e66d4  in=32 out_ir=38 skipped=0 (0%) notes=0
[2026-05-08T14:44:29Z INFO  vmp] lift fn_001e6754 @ 0x1e6754  in=40 out_ir=47 skipped=6 (15%) notes=6
[2026-05-08T14:44:29Z INFO  vmp] lift fn_001e67f4 @ 0x1e67f4  in=18 out_ir=23 skipped=2 (11%) notes=2
[2026-05-08T14:44:29Z INFO  vmp] lift fn_001e683c @ 0x1e683c  in=124 out_ir=154 skipped=3 (2%) notes=3
[2026-05-08T14:44:29Z INFO  vmp] lift fn_001e6a2c @ 0x1e6a2c  in=40 out_ir=51 skipped=5 (12%) notes=5
[2026-05-08T14:44:29Z INFO  vmp] lift fn_001e6acc @ 0x1e6acc  in=16 out_ir=21 skipped=1 (6%) notes=1
[2026-05-08T14:44:29Z INFO  vmp] lift fn_001e6b0c @ 0x1e6b0c  in=48 out_ir=56 skipped=10 (20%) notes=10
[2026-05-08T14:44:29Z INFO  vmp] lift fn_001e6bcc @ 0x1e6bcc  in=51 out_ir=61 skipped=5 (9%) notes=5
[2026-05-08T14:44:29Z INFO  vmp] lift fn_001e6c98 @ 0x1e6c98  in=77 out_ir=91 skipped=10 (12%) notes=10
[2026-05-08T14:44:29Z INFO  vmp] lift fn_001e6dcc @ 0x1e6dcc  in=95 out_ir=110 skipped=5 (5%) notes=5
[2026-05-08T14:44:29Z INFO  vmp] lift fn_001e6f48 @ 0x1e6f48  in=104 out_ir=116 skipped=10 (9%) notes=10
[2026-05-08T14:44:29Z INFO  vmp] lift fn_001e70e8 @ 0x1e70e8  in=47 out_ir=60 skipped=5 (10%) notes=5
[2026-05-08T14:44:29Z INFO  vmp] lift fn_001e71a4 @ 0x1e71a4  in=45 out_ir=52 skipped=11 (24%) notes=11
[2026-05-08T14:44:29Z INFO  vmp] lift fn_001e7258 @ 0x1e7258  in=18 out_ir=23 skipped=2 (11%) notes=2
[2026-05-08T14:44:29Z INFO  vmp] lift fn_001e72a0 @ 0x1e72a0  in=27 out_ir=33 skipped=3 (11%) notes=3
[2026-05-08T14:44:29Z INFO  vmp] lift fn_001e730c @ 0x1e730c  in=21 out_ir=23 skipped=0 (0%) notes=0
[2026-05-08T14:44:29Z INFO  vmp] lift fn_001e7360 @ 0x1e7360  in=42 out_ir=48 skipped=3 (7%) notes=3
[2026-05-08T14:44:29Z INFO  vmp] lift fn_001e7408 @ 0x1e7408  in=50 out_ir=57 skipped=3 (6%) notes=3
[2026-05-08T14:44:29Z INFO  vmp] lift fn_001e74d0 @ 0x1e74d0  in=380 out_ir=482 skipped=63 (16%) notes=63
[2026-05-08T14:44:29Z INFO  vmp] lift fn_001e7ac0 @ 0x1e7ac0  in=170 out_ir=208 skipped=31 (18%) notes=31
[2026-05-08T14:44:29Z INFO  vmp] lift fn_001e7d68 @ 0x1e7d68  in=106 out_ir=125 skipped=7 (6%) notes=7
[2026-05-08T14:44:29Z INFO  vmp] lift fn_001e7f10 @ 0x1e7f10  in=83 out_ir=98 skipped=7 (8%) notes=7
[2026-05-08T14:44:29Z INFO  vmp] lift fn_001e805c @ 0x1e805c  in=135 out_ir=157 skipped=21 (15%) notes=21
[2026-05-08T14:44:29Z INFO  vmp] lift fn_001e8278 @ 0x1e8278  in=32 out_ir=39 skipped=7 (21%) notes=7
[2026-05-08T14:44:29Z INFO  vmp] lift fn_001e82f8 @ 0x1e82f8  in=77 out_ir=91 skipped=14 (18%) notes=14
[2026-05-08T14:44:29Z INFO  vmp] lift fn_001e842c @ 0x1e842c  in=34 out_ir=43 skipped=6 (17%) notes=6
[2026-05-08T14:44:29Z INFO  vmp] lift fn_001e84b4 @ 0x1e84b4  in=16 out_ir=22 skipped=0 (0%) notes=0
[2026-05-08T14:44:29Z INFO  vmp] lift fn_001e84f4 @ 0x1e84f4  in=73 out_ir=89 skipped=3 (4%) notes=3
[2026-05-08T14:44:29Z INFO  vmp] lift fn_001e8618 @ 0x1e8618  in=55 out_ir=68 skipped=0 (0%) notes=0
[2026-05-08T14:44:29Z INFO  vmp] lift fn_001e86f4 @ 0x1e86f4  in=10 out_ir=12 skipped=0 (0%) notes=0
[2026-05-08T14:44:29Z INFO  vmp] lift fn_001e871c @ 0x1e871c  in=83 out_ir=99 skipped=0 (0%) notes=0
[2026-05-08T14:44:29Z INFO  vmp] lift fn_001e8868 @ 0x1e8868  in=125 out_ir=149 skipped=0 (0%) notes=0
[2026-05-08T14:44:29Z INFO  vmp] lift fn_001e8a5c @ 0x1e8a5c  in=14 out_ir=19 skipped=0 (0%) notes=0
[2026-05-08T14:44:29Z INFO  vmp] lift fn_001e8a94 @ 0x1e8a94  in=440 out_ir=536 skipped=59 (13%) notes=59
[2026-05-08T14:44:29Z INFO  vmp] lift fn_001e9174 @ 0x1e9174  in=32 out_ir=39 skipped=6 (18%) notes=6
[2026-05-08T14:44:29Z INFO  vmp] lift fn_001e91f4 @ 0x1e91f4  in=18 out_ir=24 skipped=2 (11%) notes=2
[2026-05-08T14:44:29Z INFO  vmp] lift fn_001e923c @ 0x1e923c  in=12 out_ir=18 skipped=0 (0%) notes=0
[2026-05-08T14:44:29Z INFO  vmp] lift fn_001e926c @ 0x1e926c  in=275 out_ir=317 skipped=42 (15%) notes=42
[2026-05-08T14:44:29Z INFO  vmp] lift fn_001e96b8 @ 0x1e96b8  in=61 out_ir=70 skipped=4 (6%) notes=4
[2026-05-08T14:44:29Z INFO  vmp] lift fn_001e97ac @ 0x1e97ac  in=77 out_ir=94 skipped=7 (9%) notes=7
[2026-05-08T14:44:29Z INFO  vmp] lift fn_001e98e0 @ 0x1e98e0  in=333 out_ir=396 skipped=47 (14%) notes=47
[2026-05-08T14:44:29Z INFO  vmp] lift fn_001e9e14 @ 0x1e9e14  in=43 out_ir=53 skipped=0 (0%) notes=0
[2026-05-08T14:44:29Z INFO  vmp] lift fn_001e9ec0 @ 0x1e9ec0  in=105 out_ir=111 skipped=26 (24%) notes=26
[2026-05-08T14:44:29Z INFO  vmp] lift fn_001ea064 @ 0x1ea064  in=30 out_ir=40 skipped=3 (10%) notes=3
[2026-05-08T14:44:29Z INFO  vmp] lift fn_001ea0dc @ 0x1ea0dc  in=31 out_ir=43 skipped=0 (0%) notes=0
[2026-05-08T14:44:29Z INFO  vmp] lift fn_001ea158 @ 0x1ea158  in=77 out_ir=96 skipped=11 (14%) notes=11
[2026-05-08T14:44:29Z INFO  vmp] lift fn_001ea28c @ 0x1ea28c  in=360 out_ir=448 skipped=83 (23%) notes=83
[2026-05-08T14:44:29Z INFO  vmp] lift fn_001ea82c @ 0x1ea82c  in=693 out_ir=845 skipped=186 (26%) notes=186
[2026-05-08T14:44:29Z INFO  vmp] lift fn_001eb300 @ 0x1eb300  in=13 out_ir=18 skipped=0 (0%) notes=0
[2026-05-08T14:44:29Z INFO  vmp] lift fn_001eb334 @ 0x1eb334  in=120 out_ir=142 skipped=11 (9%) notes=11
[2026-05-08T14:44:29Z INFO  vmp] lift fn_001eb514 @ 0x1eb514  in=124 out_ir=157 skipped=10 (8%) notes=10
[2026-05-08T14:44:29Z INFO  vmp] lift fn_001eb704 @ 0x1eb704  in=292 out_ir=355 skipped=55 (18%) notes=55
[2026-05-08T14:44:29Z INFO  vmp] lift fn_001ebb94 @ 0x1ebb94  in=72 out_ir=85 skipped=8 (11%) notes=8
[2026-05-08T14:44:29Z INFO  vmp] lift fn_001ebcb4 @ 0x1ebcb4  in=122 out_ir=147 skipped=15 (12%) notes=15
[2026-05-08T14:44:29Z INFO  vmp] lift fn_001ebe9c @ 0x1ebe9c  in=253 out_ir=293 skipped=29 (11%) notes=29
[2026-05-08T14:44:29Z INFO  vmp] lift fn_001ec290 @ 0x1ec290  in=25 out_ir=30 skipped=3 (12%) notes=3
[2026-05-08T14:44:29Z INFO  vmp] lift fn_001ec2f4 @ 0x1ec2f4  in=39 out_ir=44 skipped=0 (0%) notes=0
[2026-05-08T14:44:29Z INFO  vmp] lift fn_001ec390 @ 0x1ec390  in=431 out_ir=533 skipped=62 (14%) notes=62
[2026-05-08T14:44:29Z INFO  vmp] lift fn_001eca4c @ 0x1eca4c  in=22 out_ir=27 skipped=4 (18%) notes=4
[2026-05-08T14:44:29Z INFO  vmp] lift fn_001ecaa4 @ 0x1ecaa4  in=284 out_ir=341 skipped=10 (3%) notes=10
[2026-05-08T14:44:29Z INFO  vmp] lift fn_001ecf14 @ 0x1ecf14  in=394 out_ir=501 skipped=19 (4%) notes=19
[2026-05-08T14:44:29Z INFO  vmp] lift fn_001ed53c @ 0x1ed53c  in=68 out_ir=85 skipped=3 (4%) notes=3
[2026-05-08T14:44:29Z INFO  vmp] lift fn_001ed64c @ 0x1ed64c  in=49 out_ir=59 skipped=0 (0%) notes=0
[2026-05-08T14:44:29Z INFO  vmp] lift fn_001ed710 @ 0x1ed710  in=117 out_ir=142 skipped=0 (0%) notes=0
[2026-05-08T14:44:29Z INFO  vmp] lift fn_001ed8e4 @ 0x1ed8e4  in=150 out_ir=179 skipped=17 (11%) notes=17
[2026-05-08T14:44:29Z INFO  vmp] lift fn_001edb3c @ 0x1edb3c  in=119 out_ir=144 skipped=1 (0%) notes=1
[2026-05-08T14:44:29Z INFO  vmp] lift fn_001edd18 @ 0x1edd18  in=218 out_ir=258 skipped=33 (15%) notes=33
[2026-05-08T14:44:29Z INFO  vmp] lift fn_001ee080 @ 0x1ee080  in=395 out_ir=485 skipped=75 (18%) notes=75
[2026-05-08T14:44:29Z INFO  vmp] lift fn_001ee6ac @ 0x1ee6ac  in=682 out_ir=846 skipped=87 (12%) notes=87
[2026-05-08T14:44:29Z INFO  vmp] lift fn_001ef154 @ 0x1ef154  in=6 out_ir=8 skipped=0 (0%) notes=0
[2026-05-08T14:44:29Z INFO  vmp] lift fn_001ef16c @ 0x1ef16c  in=12 out_ir=17 skipped=0 (0%) notes=0
[2026-05-08T14:44:29Z INFO  vmp] lift fn_001ef19c @ 0x1ef19c  in=70 out_ir=81 skipped=5 (7%) notes=5
[2026-05-08T14:44:29Z INFO  vmp] lift fn_001ef2b4 @ 0x1ef2b4  in=58 out_ir=68 skipped=4 (6%) notes=4
[2026-05-08T14:44:29Z INFO  vmp] lift fn_001ef39c @ 0x1ef39c  in=89 out_ir=104 skipped=11 (12%) notes=11
[2026-05-08T14:44:29Z INFO  vmp] lift fn_001ef500 @ 0x1ef500  in=90 out_ir=121 skipped=0 (0%) notes=0
[2026-05-08T14:44:29Z INFO  vmp] lift fn_001ef668 @ 0x1ef668  in=87 out_ir=101 skipped=11 (12%) notes=11
[2026-05-08T14:44:29Z INFO  vmp] lift fn_001ef7c4 @ 0x1ef7c4  in=11 out_ir=16 skipped=0 (0%) notes=0
[2026-05-08T14:44:29Z INFO  vmp] lift fn_001ef7f0 @ 0x1ef7f0  in=149 out_ir=183 skipped=5 (3%) notes=5
[2026-05-08T14:44:29Z INFO  vmp] lift fn_001efa44 @ 0x1efa44  in=44 out_ir=53 skipped=0 (0%) notes=0
[2026-05-08T14:44:29Z INFO  vmp] lift fn_001efaf4 @ 0x1efaf4  in=30 out_ir=36 skipped=6 (20%) notes=6
[2026-05-08T14:44:29Z INFO  vmp] lift fn_001efb6c @ 0x1efb6c  in=6 out_ir=8 skipped=0 (0%) notes=0
[2026-05-08T14:44:29Z INFO  vmp] lift fn_001efb84 @ 0x1efb84  in=11 out_ir=16 skipped=0 (0%) notes=0
[2026-05-08T14:44:29Z INFO  vmp] lift fn_001efbb0 @ 0x1efbb0  in=256 out_ir=330 skipped=43 (16%) notes=43
[2026-05-08T14:44:29Z INFO  vmp] lift fn_001effb0 @ 0x1effb0  in=13 out_ir=18 skipped=0 (0%) notes=0
[2026-05-08T14:44:29Z INFO  vmp] lift fn_001effe4 @ 0x1effe4  in=15 out_ir=20 skipped=0 (0%) notes=0
[2026-05-08T14:44:29Z INFO  vmp] lift fn_001f0020 @ 0x1f0020  in=92 out_ir=109 skipped=16 (17%) notes=16
[2026-05-08T14:44:29Z INFO  vmp] lift fn_001f0190 @ 0x1f0190  in=17 out_ir=22 skipped=4 (23%) notes=4
[2026-05-08T14:44:29Z INFO  vmp] lift fn_001f01d4 @ 0x1f01d4  in=19 out_ir=24 skipped=4 (21%) notes=4
[2026-05-08T14:44:29Z INFO  vmp] lift fn_001f0220 @ 0x1f0220  in=202 out_ir=239 skipped=37 (18%) notes=37
[2026-05-08T14:44:29Z INFO  vmp] lift fn_001f0548 @ 0x1f0548  in=103 out_ir=131 skipped=10 (9%) notes=10
[2026-05-08T14:44:29Z INFO  vmp] lift fn_001f06e4 @ 0x1f06e4  in=486 out_ir=607 skipped=42 (8%) notes=42
[2026-05-08T14:44:29Z INFO  vmp] lift fn_001f0e7c @ 0x1f0e7c  in=144 out_ir=176 skipped=9 (6%) notes=9
[2026-05-08T14:44:29Z INFO  vmp] lift fn_001f10bc @ 0x1f10bc  in=156 out_ir=172 skipped=6 (3%) notes=6
[2026-05-08T14:44:29Z INFO  vmp] lift fn_001f132c @ 0x1f132c  in=20 out_ir=27 skipped=0 (0%) notes=0
[2026-05-08T14:44:29Z INFO  vmp] lift fn_001f137c @ 0x1f137c  in=81 out_ir=91 skipped=20 (24%) notes=20
[2026-05-08T14:44:29Z INFO  vmp] lift fn_001f14c0 @ 0x1f14c0  in=20 out_ir=27 skipped=0 (0%) notes=0
[2026-05-08T14:44:29Z INFO  vmp] lift fn_001f1510 @ 0x1f1510  in=37 out_ir=44 skipped=0 (0%) notes=0
[2026-05-08T14:44:29Z INFO  vmp] lift fn_001f15a4 @ 0x1f15a4  in=50 out_ir=65 skipped=6 (12%) notes=6
[2026-05-08T14:44:29Z INFO  vmp] lift fn_001f166c @ 0x1f166c  in=23 out_ir=29 skipped=2 (8%) notes=2
[2026-05-08T14:44:29Z INFO  vmp] lift fn_001f16c8 @ 0x1f16c8  in=81 out_ir=103 skipped=1 (1%) notes=1
[2026-05-08T14:44:29Z INFO  vmp] lift fn_001f180c @ 0x1f180c  in=35 out_ir=43 skipped=4 (11%) notes=4
[2026-05-08T14:44:29Z INFO  vmp] lift fn_001f1898 @ 0x1f1898  in=130 out_ir=181 skipped=0 (0%) notes=0
[2026-05-08T14:44:29Z INFO  vmp] lift fn_001f1aa0 @ 0x1f1aa0  in=85 out_ir=93 skipped=21 (24%) notes=21
[2026-05-08T14:44:29Z INFO  vmp] lift fn_001f1bf4 @ 0x1f1bf4  in=30 out_ir=36 skipped=0 (0%) notes=0
[2026-05-08T14:44:29Z INFO  vmp] lift fn_001f1c6c @ 0x1f1c6c  in=574 out_ir=718 skipped=83 (14%) notes=83
[2026-05-08T14:44:29Z INFO  vmp] lift fn_001f2564 @ 0x1f2564  in=281 out_ir=318 skipped=14 (4%) notes=14
[2026-05-08T14:44:29Z INFO  vmp] lift fn_001f29c8 @ 0x1f29c8  in=62 out_ir=70 skipped=10 (16%) notes=10
[2026-05-08T14:44:29Z INFO  vmp] lift fn_001f2ac0 @ 0x1f2ac0  in=18 out_ir=23 skipped=0 (0%) notes=0
[2026-05-08T14:44:29Z INFO  vmp] lift fn_001f2b08 @ 0x1f2b08  in=250 out_ir=301 skipped=3 (1%) notes=3
[2026-05-08T14:44:29Z INFO  vmp] lift fn_001f2ef0 @ 0x1f2ef0  in=95 out_ir=107 skipped=23 (24%) notes=23
[2026-05-08T14:44:29Z INFO  vmp] lift fn_001f306c @ 0x1f306c  in=20 out_ir=27 skipped=0 (0%) notes=0
[2026-05-08T14:44:29Z INFO  vmp] lift fn_001f30bc @ 0x1f30bc  in=37 out_ir=44 skipped=0 (0%) notes=0
[2026-05-08T14:44:29Z INFO  vmp] lift fn_001f3150 @ 0x1f3150  in=45 out_ir=57 skipped=1 (2%) notes=1
[2026-05-08T14:44:29Z INFO  vmp] lift fn_001f3204 @ 0x1f3204  in=23 out_ir=29 skipped=2 (8%) notes=2
[2026-05-08T14:44:29Z INFO  vmp] lift fn_001f3260 @ 0x1f3260  in=73 out_ir=94 skipped=1 (1%) notes=1
[2026-05-08T14:44:29Z INFO  vmp] lift fn_001f3384 @ 0x1f3384  in=31 out_ir=38 skipped=4 (12%) notes=4
[2026-05-08T14:44:29Z INFO  vmp] lift fn_001f3400 @ 0x1f3400  in=130 out_ir=181 skipped=0 (0%) notes=0
[2026-05-08T14:44:29Z INFO  vmp] lift fn_001f3608 @ 0x1f3608  in=62 out_ir=67 skipped=14 (22%) notes=14
[2026-05-08T14:44:29Z INFO  vmp] lift fn_001f3700 @ 0x1f3700  in=102 out_ir=122 skipped=21 (20%) notes=21
[2026-05-08T14:44:29Z INFO  vmp] lift fn_001f3898 @ 0x1f3898  in=17 out_ir=22 skipped=1 (5%) notes=1
[2026-05-08T14:44:29Z INFO  vmp] lift fn_001f38dc @ 0x1f38dc  in=14 out_ir=16 skipped=0 (0%) notes=0
[2026-05-08T14:44:29Z INFO  vmp] lift fn_001f3914 @ 0x1f3914  in=63 out_ir=83 skipped=8 (12%) notes=8
[2026-05-08T14:44:29Z INFO  vmp] lift fn_001f3a10 @ 0x1f3a10  in=36 out_ir=46 skipped=1 (2%) notes=1
[2026-05-08T14:44:29Z INFO  vmp] lift fn_001f3aa0 @ 0x1f3aa0  in=16 out_ir=21 skipped=1 (6%) notes=1
[2026-05-08T14:44:29Z INFO  vmp] lift fn_001f3ae0 @ 0x1f3ae0  in=35 out_ir=39 skipped=0 (0%) notes=0
[2026-05-08T14:44:29Z INFO  vmp] lift fn_001f3b6c @ 0x1f3b6c  in=12 out_ir=14 skipped=0 (0%) notes=0
[2026-05-08T14:44:29Z INFO  vmp] lift fn_001f3b9c @ 0x1f3b9c  in=30 out_ir=38 skipped=0 (0%) notes=0
[2026-05-08T14:44:29Z INFO  vmp] lift fn_001f3c14 @ 0x1f3c14  in=54 out_ir=65 skipped=0 (0%) notes=0
[2026-05-08T14:44:29Z INFO  vmp] lift fn_001f3cec @ 0x1f3cec  in=42 out_ir=48 skipped=4 (9%) notes=4
[2026-05-08T14:44:29Z INFO  vmp] lift fn_001f3d94 @ 0x1f3d94  in=25 out_ir=30 skipped=2 (8%) notes=2
[2026-05-08T14:44:29Z INFO  vmp] lift fn_001f3df8 @ 0x1f3df8  in=21 out_ir=26 skipped=3 (14%) notes=3
[2026-05-08T14:44:29Z INFO  vmp] lift fn_001f3e4c @ 0x1f3e4c  in=21 out_ir=26 skipped=3 (14%) notes=3
[2026-05-08T14:44:29Z INFO  vmp] lift fn_001f3ea0 @ 0x1f3ea0  in=98 out_ir=123 skipped=2 (2%) notes=2
[2026-05-08T14:44:29Z INFO  vmp] lift fn_001f4028 @ 0x1f4028  in=69 out_ir=95 skipped=1 (1%) notes=1
[2026-05-08T14:44:29Z INFO  vmp] lift fn_001f413c @ 0x1f413c  in=39 out_ir=48 skipped=5 (12%) notes=5
[2026-05-08T14:44:29Z INFO  vmp] lift fn_001f41d8 @ 0x1f41d8  in=188 out_ir=226 skipped=17 (9%) notes=17
[2026-05-08T14:44:29Z INFO  vmp] lift fn_001f44c8 @ 0x1f44c8  in=67 out_ir=81 skipped=5 (7%) notes=5
[2026-05-08T14:44:29Z INFO  vmp] lift fn_001f45d4 @ 0x1f45d4  in=98 out_ir=122 skipped=5 (5%) notes=5
[2026-05-08T14:44:29Z INFO  vmp] lift fn_001f475c @ 0x1f475c  in=70 out_ir=90 skipped=1 (1%) notes=1
[2026-05-08T14:44:29Z INFO  vmp] lift fn_001f4874 @ 0x1f4874  in=89 out_ir=115 skipped=1 (1%) notes=1
[2026-05-08T14:44:29Z INFO  vmp] lift fn_001f49d8 @ 0x1f49d8  in=81 out_ir=102 skipped=0 (0%) notes=0
[2026-05-08T14:44:29Z INFO  vmp] lift fn_001f4b1c @ 0x1f4b1c  in=418 out_ir=562 skipped=52 (12%) notes=52
[2026-05-08T14:44:29Z INFO  vmp] lift fn_001f51a4 @ 0x1f51a4  in=75 out_ir=89 skipped=12 (16%) notes=12
[2026-05-08T14:44:29Z INFO  vmp] lift fn_001f52d0 @ 0x1f52d0  in=193 out_ir=247 skipped=2 (1%) notes=2
[2026-05-08T14:44:29Z INFO  vmp] lift fn_001f55d4 @ 0x1f55d4  in=195 out_ir=241 skipped=3 (1%) notes=3
[2026-05-08T14:44:29Z INFO  vmp] lift fn_001f58e0 @ 0x1f58e0  in=228 out_ir=278 skipped=13 (5%) notes=13
[2026-05-08T14:44:29Z INFO  vmp] lift fn_001f5c70 @ 0x1f5c70  in=42 out_ir=46 skipped=0 (0%) notes=0
[2026-05-08T14:44:29Z INFO  vmp] lift fn_001f5d18 @ 0x1f5d18  in=36 out_ir=45 skipped=6 (16%) notes=6
[2026-05-08T14:44:29Z INFO  vmp] lift fn_001f5da8 @ 0x1f5da8  in=17 out_ir=19 skipped=0 (0%) notes=0
[2026-05-08T14:44:29Z INFO  vmp] lift fn_001f5dec @ 0x1f5dec  in=148 out_ir=156 skipped=4 (2%) notes=4
[2026-05-08T14:44:29Z INFO  vmp] lift fn_001f603c @ 0x1f603c  in=314 out_ir=380 skipped=22 (7%) notes=22
[2026-05-08T14:44:29Z INFO  vmp] lift fn_001f6524 @ 0x1f6524  in=79 out_ir=96 skipped=0 (0%) notes=0
[2026-05-08T14:44:29Z INFO  vmp] lift fn_001f6660 @ 0x1f6660  in=92 out_ir=108 skipped=17 (18%) notes=17
[2026-05-08T14:44:29Z INFO  vmp] lift fn_001f67d0 @ 0x1f67d0  in=74 out_ir=96 skipped=3 (4%) notes=3
[2026-05-08T14:44:29Z INFO  vmp] lift fn_001f68f8 @ 0x1f68f8  in=112 out_ir=143 skipped=11 (9%) notes=11
[2026-05-08T14:44:29Z INFO  vmp] lift fn_001f6ab8 @ 0x1f6ab8  in=135 out_ir=177 skipped=1 (0%) notes=1
[2026-05-08T14:44:29Z INFO  vmp] lift fn_001f6cd4 @ 0x1f6cd4  in=97 out_ir=123 skipped=15 (15%) notes=15
[2026-05-08T14:44:29Z INFO  vmp] lift fn_001f6e58 @ 0x1f6e58  in=32 out_ir=40 skipped=0 (0%) notes=0
[2026-05-08T14:44:29Z INFO  vmp] lift fn_001f6ed8 @ 0x1f6ed8  in=82 out_ir=108 skipped=0 (0%) notes=0
[2026-05-08T14:44:29Z INFO  vmp] lift fn_001f7020 @ 0x1f7020  in=138 out_ir=166 skipped=25 (18%) notes=25
[2026-05-08T14:44:29Z INFO  vmp] lift fn_001f7248 @ 0x1f7248  in=132 out_ir=176 skipped=0 (0%) notes=0
[2026-05-08T14:44:29Z INFO  vmp] lift fn_001f7458 @ 0x1f7458  in=138 out_ir=167 skipped=21 (15%) notes=21
[2026-05-08T14:44:29Z INFO  vmp] lift fn_001f7680 @ 0x1f7680  in=39 out_ir=42 skipped=0 (0%) notes=0
[2026-05-08T14:44:29Z INFO  vmp] lift fn_001f771c @ 0x1f771c  in=11 out_ir=17 skipped=0 (0%) notes=0
[2026-05-08T14:44:29Z INFO  vmp] lift fn_001f7748 @ 0x1f7748  in=32 out_ir=39 skipped=0 (0%) notes=0
[2026-05-08T14:44:29Z INFO  vmp] lift fn_001f77c8 @ 0x1f77c8  in=32 out_ir=38 skipped=1 (3%) notes=1
[2026-05-08T14:44:29Z INFO  vmp] lift fn_001f7848 @ 0x1f7848  in=39 out_ir=44 skipped=3 (7%) notes=3
[2026-05-08T14:44:29Z INFO  vmp] lift fn_001f78e4 @ 0x1f78e4  in=46 out_ir=51 skipped=2 (4%) notes=2
[2026-05-08T14:44:29Z INFO  vmp] lift fn_001f799c @ 0x1f799c  in=9 out_ir=11 skipped=0 (0%) notes=0
[2026-05-08T14:44:29Z INFO  vmp] lift fn_001f79c0 @ 0x1f79c0  in=60 out_ir=76 skipped=1 (1%) notes=1
[2026-05-08T14:44:29Z INFO  vmp] lift fn_001f7ab0 @ 0x1f7ab0  in=91 out_ir=108 skipped=4 (4%) notes=4
[2026-05-08T14:44:29Z INFO  vmp] lift fn_001f7c1c @ 0x1f7c1c  in=23 out_ir=30 skipped=0 (0%) notes=0
[2026-05-08T14:44:29Z INFO  vmp] lift fn_001f7c78 @ 0x1f7c78  in=21 out_ir=26 skipped=1 (4%) notes=1
[2026-05-08T14:44:29Z INFO  vmp] lift fn_001f7ccc @ 0x1f7ccc  in=64 out_ir=74 skipped=13 (20%) notes=13
[2026-05-08T14:44:29Z INFO  vmp] lift fn_001f7dcc @ 0x1f7dcc  in=84 out_ir=94 skipped=17 (20%) notes=17
[2026-05-08T14:44:29Z INFO  vmp] lift fn_001f7f1c @ 0x1f7f1c  in=130 out_ir=181 skipped=0 (0%) notes=0
[2026-05-08T14:44:29Z INFO  vmp] lift fn_001f8124 @ 0x1f8124  in=31 out_ir=38 skipped=4 (12%) notes=4
[2026-05-08T14:44:29Z INFO  vmp] lift fn_001f81a0 @ 0x1f81a0  in=23 out_ir=29 skipped=2 (8%) notes=2
[2026-05-08T14:44:29Z INFO  vmp] lift fn_001f81fc @ 0x1f81fc  in=81 out_ir=103 skipped=1 (1%) notes=1
[2026-05-08T14:44:29Z INFO  vmp] lift fn_001f8340 @ 0x1f8340  in=37 out_ir=44 skipped=0 (0%) notes=0
[2026-05-08T14:44:29Z INFO  vmp] lift fn_001f83d4 @ 0x1f83d4  in=45 out_ir=57 skipped=1 (2%) notes=1
[2026-05-08T14:44:29Z INFO  vmp] lift fn_001f8488 @ 0x1f8488  in=348 out_ir=400 skipped=76 (21%) notes=76
[2026-05-08T14:44:29Z INFO  vmp] lift fn_001f89f8 @ 0x1f89f8  in=17 out_ir=22 skipped=0 (0%) notes=0
[2026-05-08T14:44:29Z INFO  vmp] lift fn_001f8a3c @ 0x1f8a3c  in=3579 out_ir=4241 skipped=29 (0%) notes=29
[2026-05-08T14:44:29Z INFO  vmp] lift fn_001fc228 @ 0x1fc228  in=17 out_ir=22 skipped=0 (0%) notes=0
[2026-05-08T14:44:29Z INFO  vmp] lift fn_001fc26c @ 0x1fc26c  in=16 out_ir=20 skipped=0 (0%) notes=0
[2026-05-08T14:44:29Z INFO  vmp] lift fn_001fc2ac @ 0x1fc2ac  in=8 out_ir=10 skipped=0 (0%) notes=0
[2026-05-08T14:44:29Z INFO  vmp] lift fn_001fc2cc @ 0x1fc2cc  in=10 out_ir=12 skipped=0 (0%) notes=0
[2026-05-08T14:44:29Z INFO  vmp] lift fn_001fc2f4 @ 0x1fc2f4  in=29 out_ir=34 skipped=2 (6%) notes=2
[2026-05-08T14:44:29Z INFO  vmp] lift fn_001fc368 @ 0x1fc368  in=11 out_ir=14 skipped=0 (0%) notes=0
[2026-05-08T14:44:29Z INFO  vmp] lift fn_001fc394 @ 0x1fc394  in=10 out_ir=13 skipped=0 (0%) notes=0
[2026-05-08T14:44:29Z INFO  vmp] lift fn_001fc3bc @ 0x1fc3bc  in=272 out_ir=340 skipped=72 (26%) notes=72
[2026-05-08T14:44:29Z INFO  vmp] lift fn_001fc7fc @ 0x1fc7fc  in=10 out_ir=13 skipped=0 (0%) notes=0
[2026-05-08T14:44:29Z INFO  vmp] lift fn_001fc824 @ 0x1fc824  in=688 out_ir=880 skipped=77 (11%) notes=77
[2026-05-08T14:44:29Z INFO  vmp] lift fn_001fd2e4 @ 0x1fd2e4  in=32 out_ir=39 skipped=3 (9%) notes=3
[2026-05-08T14:44:29Z INFO  vmp] lift fn_001fd364 @ 0x1fd364  in=18 out_ir=21 skipped=0 (0%) notes=0
[2026-05-08T14:44:29Z INFO  vmp] lift fn_001fd3ac @ 0x1fd3ac  in=18 out_ir=21 skipped=0 (0%) notes=0
[2026-05-08T14:44:29Z INFO  vmp] lift fn_001fd3f4 @ 0x1fd3f4  in=18 out_ir=21 skipped=0 (0%) notes=0
[2026-05-08T14:44:29Z INFO  vmp] lift fn_001fd43c @ 0x1fd43c  in=18 out_ir=21 skipped=0 (0%) notes=0
[2026-05-08T14:44:29Z INFO  vmp] lift fn_001fd484 @ 0x1fd484  in=9 out_ir=11 skipped=0 (0%) notes=0
[2026-05-08T14:44:29Z INFO  vmp] lift fn_001fd4a8 @ 0x1fd4a8  in=10 out_ir=13 skipped=0 (0%) notes=0
[2026-05-08T14:44:29Z INFO  vmp] lift fn_001fd4d0 @ 0x1fd4d0  in=26 out_ir=28 skipped=0 (0%) notes=0
[2026-05-08T14:44:29Z INFO  vmp] lift fn_001fd538 @ 0x1fd538  in=23 out_ir=28 skipped=3 (13%) notes=3
[2026-05-08T14:44:29Z INFO  vmp] lift fn_001fd594 @ 0x1fd594  in=239 out_ir=300 skipped=66 (27%) notes=66
[2026-05-08T14:44:29Z INFO  vmp] lift fn_001fd950 @ 0x1fd950  in=10 out_ir=13 skipped=0 (0%) notes=0
[2026-05-08T14:44:29Z INFO  vmp] lift fn_001fd978 @ 0x1fd978  in=9 out_ir=11 skipped=0 (0%) notes=0
[2026-05-08T14:44:29Z INFO  vmp] lift fn_001fd99c @ 0x1fd99c  in=75 out_ir=85 skipped=6 (8%) notes=6
[2026-05-08T14:44:29Z INFO  vmp] lift fn_001fdac8 @ 0x1fdac8  in=28 out_ir=36 skipped=0 (0%) notes=0
[2026-05-08T14:44:29Z INFO  vmp] lift fn_001fdb38 @ 0x1fdb38  in=8 out_ir=10 skipped=0 (0%) notes=0
[2026-05-08T14:44:29Z INFO  vmp] lift fn_001fdb58 @ 0x1fdb58  in=12 out_ir=17 skipped=2 (16%) notes=2
[2026-05-08T14:44:29Z INFO  vmp] lift fn_001fdb88 @ 0x1fdb88  in=28 out_ir=35 skipped=1 (3%) notes=1
[2026-05-08T14:44:29Z INFO  vmp] lift fn_001fdbf8 @ 0x1fdbf8  in=8 out_ir=10 skipped=0 (0%) notes=0
[2026-05-08T14:44:29Z INFO  vmp] lift fn_001fdc18 @ 0x1fdc18  in=42 out_ir=52 skipped=2 (4%) notes=2
[2026-05-08T14:44:29Z INFO  vmp] lift fn_001fdcc0 @ 0x1fdcc0  in=97 out_ir=114 skipped=16 (16%) notes=16
[2026-05-08T14:44:29Z INFO  vmp] lift fn_001fde44 @ 0x1fde44  in=6 out_ir=8 skipped=0 (0%) notes=0
[2026-05-08T14:44:29Z INFO  vmp] lift fn_001fde5c @ 0x1fde5c  in=123 out_ir=143 skipped=14 (11%) notes=14
[2026-05-08T14:44:29Z INFO  vmp] lift fn_001fe048 @ 0x1fe048  in=12 out_ir=15 skipped=0 (0%) notes=0
[2026-05-08T14:44:29Z INFO  vmp] lift fn_001fe078 @ 0x1fe078  in=70 out_ir=100 skipped=2 (2%) notes=2
[2026-05-08T14:44:29Z INFO  vmp] lift fn_001fe190 @ 0x1fe190  in=60 out_ir=78 skipped=2 (3%) notes=2
[2026-05-08T14:44:29Z INFO  vmp] lift fn_001fe280 @ 0x1fe280  in=59 out_ir=73 skipped=0 (0%) notes=0
[2026-05-08T14:44:29Z INFO  vmp] lift fn_001fe36c @ 0x1fe36c  in=168 out_ir=218 skipped=16 (9%) notes=16
[2026-05-08T14:44:29Z INFO  vmp] lift fn_001fe60c @ 0x1fe60c  in=194 out_ir=245 skipped=25 (12%) notes=25
[2026-05-08T14:44:29Z INFO  vmp] lift fn_001fe914 @ 0x1fe914  in=62 out_ir=70 skipped=0 (0%) notes=0
[2026-05-08T14:44:29Z INFO  vmp] lift fn_001fea0c @ 0x1fea0c  in=31 out_ir=38 skipped=4 (12%) notes=4
[2026-05-08T14:44:29Z INFO  vmp] lift fn_001fea88 @ 0x1fea88  in=57 out_ir=72 skipped=5 (8%) notes=5
[2026-05-08T14:44:29Z INFO  vmp] lift fn_001feb6c @ 0x1feb6c  in=120 out_ir=152 skipped=5 (4%) notes=5
[2026-05-08T14:44:29Z INFO  vmp] lift fn_001fed4c @ 0x1fed4c  in=227 out_ir=277 skipped=30 (13%) notes=30
[2026-05-08T14:44:29Z INFO  vmp] lift fn_001ff0d8 @ 0x1ff0d8  in=34 out_ir=45 skipped=7 (20%) notes=7
[2026-05-08T14:44:29Z INFO  vmp] lift fn_001ff160 @ 0x1ff160  in=36 out_ir=45 skipped=0 (0%) notes=0
[2026-05-08T14:44:29Z INFO  vmp] lift fn_001ff1f0 @ 0x1ff1f0  in=69 out_ir=91 skipped=7 (10%) notes=7
[2026-05-08T14:44:29Z INFO  vmp] lift fn_001ff304 @ 0x1ff304  in=90 out_ir=108 skipped=13 (14%) notes=13
[2026-05-08T14:44:29Z INFO  vmp] lift fn_001ff46c @ 0x1ff46c  in=45 out_ir=54 skipped=3 (6%) notes=3
[2026-05-08T14:44:29Z INFO  vmp] lift fn_001ff520 @ 0x1ff520  in=35 out_ir=44 skipped=0 (0%) notes=0
[2026-05-08T14:44:29Z INFO  vmp] lift fn_001ff5ac @ 0x1ff5ac  in=8 out_ir=10 skipped=0 (0%) notes=0
[2026-05-08T14:44:29Z INFO  vmp] lift fn_001ff5cc @ 0x1ff5cc  in=30 out_ir=39 skipped=0 (0%) notes=0
[2026-05-08T14:44:29Z INFO  vmp] lift fn_001ff644 @ 0x1ff644  in=129 out_ir=165 skipped=7 (5%) notes=7
[2026-05-08T14:44:29Z INFO  vmp] lift fn_001ff848 @ 0x1ff848  in=99 out_ir=112 skipped=10 (10%) notes=10
[2026-05-08T14:44:29Z INFO  vmp] lift fn_001ff9d4 @ 0x1ff9d4  in=24 out_ir=31 skipped=0 (0%) notes=0
[2026-05-08T14:44:29Z INFO  vmp] lift fn_001ffa34 @ 0x1ffa34  in=42 out_ir=53 skipped=3 (7%) notes=3
[2026-05-08T14:44:29Z INFO  vmp] lift fn_001ffadc @ 0x1ffadc  in=8 out_ir=10 skipped=0 (0%) notes=0
[2026-05-08T14:44:29Z INFO  vmp] lift fn_001ffafc @ 0x1ffafc  in=39 out_ir=44 skipped=4 (10%) notes=4
[2026-05-08T14:44:29Z INFO  vmp] lift fn_001ffb98 @ 0x1ffb98  in=393 out_ir=477 skipped=9 (2%) notes=9
[2026-05-08T14:44:29Z INFO  vmp] lift fn_002001bc @ 0x2001bc  in=11 out_ir=16 skipped=0 (0%) notes=0
[2026-05-08T14:44:29Z INFO  vmp] lift fn_002001e8 @ 0x2001e8  in=26 out_ir=31 skipped=0 (0%) notes=0
[2026-05-08T14:44:29Z INFO  vmp] lift fn_00200250 @ 0x200250  in=28 out_ir=34 skipped=0 (0%) notes=0
[2026-05-08T14:44:29Z INFO  vmp] lift fn_002002c0 @ 0x2002c0  in=91 out_ir=102 skipped=16 (17%) notes=16
[2026-05-08T14:44:29Z INFO  vmp] lift fn_0020042c @ 0x20042c  in=60 out_ir=72 skipped=3 (5%) notes=3
[2026-05-08T14:44:29Z INFO  vmp] lift fn_0020051c @ 0x20051c  in=6 out_ir=8 skipped=0 (0%) notes=0
[2026-05-08T14:44:29Z INFO  vmp] lift fn_00200534 @ 0x200534  in=6 out_ir=8 skipped=0 (0%) notes=0
[2026-05-08T14:44:29Z INFO  vmp] lift fn_0020054c @ 0x20054c  in=290 out_ir=373 skipped=30 (10%) notes=30
[2026-05-08T14:44:29Z INFO  vmp] lift fn_002009d4 @ 0x2009d4  in=56 out_ir=68 skipped=11 (19%) notes=11
[2026-05-08T14:44:29Z INFO  vmp] lift fn_00200ab4 @ 0x200ab4  in=250 out_ir=295 skipped=17 (6%) notes=17
[2026-05-08T14:44:29Z INFO  vmp] lift fn_00200e9c @ 0x200e9c  in=22 out_ir=33 skipped=0 (0%) notes=0
[2026-05-08T14:44:29Z INFO  vmp] lift fn_00200ef4 @ 0x200ef4  in=79 out_ir=96 skipped=12 (15%) notes=12
[2026-05-08T14:44:29Z INFO  vmp] lift fn_00201030 @ 0x201030  in=133 out_ir=178 skipped=3 (2%) notes=3
[2026-05-08T14:44:29Z INFO  vmp] lift fn_00201244 @ 0x201244  in=410 out_ir=532 skipped=93 (22%) notes=93
[2026-05-08T14:44:29Z INFO  vmp] lift fn_002018ac @ 0x2018ac  in=61 out_ir=78 skipped=8 (13%) notes=8
[2026-05-08T14:44:29Z INFO  vmp] lift fn_002019a0 @ 0x2019a0  in=37 out_ir=45 skipped=1 (2%) notes=1
[2026-05-08T14:44:29Z INFO  vmp] lift fn_00201a34 @ 0x201a34  in=57 out_ir=73 skipped=5 (8%) notes=5
[2026-05-08T14:44:29Z INFO  vmp] lift fn_00201b18 @ 0x201b18  in=6 out_ir=9 skipped=0 (0%) notes=0
[2026-05-08T14:44:29Z INFO  vmp] lift fn_00201b30 @ 0x201b30  in=19 out_ir=24 skipped=3 (15%) notes=3
[2026-05-08T14:44:29Z INFO  vmp] lift fn_00201b7c @ 0x201b7c  in=325 out_ir=416 skipped=67 (20%) notes=67
[2026-05-08T14:44:29Z INFO  vmp] lift fn_00202090 @ 0x202090  in=179 out_ir=204 skipped=33 (18%) notes=33
[2026-05-08T14:44:29Z INFO  vmp] lift fn_0020235c @ 0x20235c  in=8 out_ir=12 skipped=1 (12%) notes=1
[2026-05-08T14:44:29Z INFO  vmp] lift fn_0020237c @ 0x20237c  in=305 out_ir=391 skipped=48 (15%) notes=48
[2026-05-08T14:44:29Z INFO  vmp] lift fn_00202840 @ 0x202840  in=6 out_ir=8 skipped=0 (0%) notes=0
[2026-05-08T14:44:29Z INFO  vmp] lift fn_00202858 @ 0x202858  in=418 out_ir=531 skipped=86 (20%) notes=86
[2026-05-08T14:44:29Z INFO  vmp] lift fn_00202ee0 @ 0x202ee0  in=8 out_ir=12 skipped=1 (12%) notes=1
[2026-05-08T14:44:29Z INFO  vmp] lift fn_00202f00 @ 0x202f00  in=9 out_ir=12 skipped=1 (11%) notes=1
[2026-05-08T14:44:29Z INFO  vmp] lift fn_00202f24 @ 0x202f24  in=8 out_ir=10 skipped=0 (0%) notes=0
[2026-05-08T14:44:29Z INFO  vmp] lift fn_00202f44 @ 0x202f44  in=8 out_ir=12 skipped=1 (12%) notes=1
[2026-05-08T14:44:29Z INFO  vmp] lift fn_00202f64 @ 0x202f64  in=8 out_ir=12 skipped=1 (12%) notes=1
[2026-05-08T14:44:29Z INFO  vmp] lift fn_00202f84 @ 0x202f84  in=8 out_ir=11 skipped=0 (0%) notes=0
[2026-05-08T14:44:29Z INFO  vmp] lift fn_00202fa4 @ 0x202fa4  in=9 out_ir=12 skipped=1 (11%) notes=1
[2026-05-08T14:44:29Z INFO  vmp] lift fn_00202fc8 @ 0x202fc8  in=8 out_ir=12 skipped=1 (12%) notes=1
[2026-05-08T14:44:29Z INFO  vmp] lift fn_00202fe8 @ 0x202fe8  in=232 out_ir=289 skipped=6 (2%) notes=6
[2026-05-08T14:44:29Z INFO  vmp] lift fn_00203388 @ 0x203388  in=356 out_ir=458 skipped=55 (15%) notes=55
[2026-05-08T14:44:29Z INFO  vmp] lift fn_00203918 @ 0x203918  in=66 out_ir=78 skipped=7 (10%) notes=7
[2026-05-08T14:44:29Z INFO  vmp] lift fn_00203a20 @ 0x203a20  in=56 out_ir=65 skipped=0 (0%) notes=0
[2026-05-08T14:44:29Z INFO  vmp] lift fn_00203b00 @ 0x203b00  in=229 out_ir=263 skipped=0 (0%) notes=0
[2026-05-08T14:44:29Z INFO  vmp] lift fn_00203e94 @ 0x203e94  in=34 out_ir=44 skipped=4 (11%) notes=4
[2026-05-08T14:44:29Z INFO  vmp] lift fn_00203f1c @ 0x203f1c  in=195 out_ir=234 skipped=40 (20%) notes=40
[2026-05-08T14:44:29Z INFO  vmp] lift fn_00204228 @ 0x204228  in=185 out_ir=240 skipped=0 (0%) notes=0
[2026-05-08T14:44:29Z INFO  vmp] lift fn_0020450c @ 0x20450c  in=131 out_ir=154 skipped=9 (6%) notes=9
[2026-05-08T14:44:29Z INFO  vmp] lift fn_00204718 @ 0x204718  in=360 out_ir=457 skipped=6 (1%) notes=6
[2026-05-08T14:44:29Z INFO  vmp] lift fn_00204cb8 @ 0x204cb8  in=283 out_ir=329 skipped=64 (22%) notes=64
[2026-05-08T14:44:29Z INFO  vmp] lift fn_00205124 @ 0x205124  in=65 out_ir=80 skipped=1 (1%) notes=1
[2026-05-08T14:44:29Z INFO  vmp] lift fn_00205228 @ 0x205228  in=40 out_ir=47 skipped=0 (0%) notes=0
[2026-05-08T14:44:29Z INFO  vmp] lift fn_002052c8 @ 0x2052c8  in=35 out_ir=45 skipped=1 (2%) notes=1
[2026-05-08T14:44:29Z INFO  vmp] lift fn_00205354 @ 0x205354  in=16 out_ir=22 skipped=0 (0%) notes=0
[2026-05-08T14:44:29Z INFO  vmp] lift fn_00205394 @ 0x205394  in=61 out_ir=77 skipped=2 (3%) notes=2
[2026-05-08T14:44:29Z INFO  vmp] lift fn_00205488 @ 0x205488  in=225 out_ir=271 skipped=38 (16%) notes=38
[2026-05-08T14:44:29Z INFO  vmp] lift fn_0020580c @ 0x20580c  in=192 out_ir=221 skipped=29 (15%) notes=29
[2026-05-08T14:44:29Z INFO  vmp] lift fn_00205b0c @ 0x205b0c  in=51 out_ir=62 skipped=6 (11%) notes=6
[2026-05-08T14:44:29Z INFO  vmp] lift fn_00205bd8 @ 0x205bd8  in=86 out_ir=108 skipped=10 (11%) notes=10
[2026-05-08T14:44:29Z INFO  vmp] lift fn_00205d30 @ 0x205d30  in=30 out_ir=35 skipped=1 (3%) notes=1
[2026-05-08T14:44:29Z INFO  vmp] lift fn_00205da8 @ 0x205da8  in=395 out_ir=503 skipped=98 (24%) notes=98
[2026-05-08T14:44:29Z INFO  vmp] lift fn_002063d4 @ 0x2063d4  in=144 out_ir=182 skipped=0 (0%) notes=0
[2026-05-08T14:44:29Z INFO  vmp] lift fn_00206614 @ 0x206614  in=99 out_ir=128 skipped=0 (0%) notes=0
[2026-05-08T14:44:29Z INFO  vmp] lift fn_002067a0 @ 0x2067a0  in=57 out_ir=73 skipped=0 (0%) notes=0
[2026-05-08T14:44:29Z INFO  vmp] lift fn_00206884 @ 0x206884  in=148 out_ir=195 skipped=21 (14%) notes=21
[2026-05-08T14:44:29Z INFO  vmp] lift fn_00206ad4 @ 0x206ad4  in=317 out_ir=395 skipped=0 (0%) notes=0
[2026-05-08T14:44:29Z INFO  vmp] lift fn_00206fc8 @ 0x206fc8  in=30 out_ir=38 skipped=0 (0%) notes=0
[2026-05-08T14:44:29Z INFO  vmp] lift fn_00207040 @ 0x207040  in=42 out_ir=47 skipped=0 (0%) notes=0
[2026-05-08T14:44:29Z INFO  vmp] lift fn_002070e8 @ 0x2070e8  in=98 out_ir=126 skipped=10 (10%) notes=10
[2026-05-08T14:44:29Z INFO  vmp] lift fn_00207270 @ 0x207270  in=265 out_ir=338 skipped=45 (16%) notes=45
[2026-05-08T14:44:29Z INFO  vmp] lift fn_00207694 @ 0x207694  in=6 out_ir=9 skipped=0 (0%) notes=0
[2026-05-08T14:44:29Z INFO  vmp] lift fn_002076ac @ 0x2076ac  in=6 out_ir=9 skipped=0 (0%) notes=0
[2026-05-08T14:44:29Z INFO  vmp] lift fn_002076c4 @ 0x2076c4  in=6 out_ir=9 skipped=0 (0%) notes=0
[2026-05-08T14:44:29Z INFO  vmp] lift fn_002076dc @ 0x2076dc  in=23 out_ir=28 skipped=3 (13%) notes=3
[2026-05-08T14:44:29Z INFO  vmp] lift fn_00207738 @ 0x207738  in=16 out_ir=18 skipped=0 (0%) notes=0
[2026-05-08T14:44:29Z INFO  vmp] lift fn_00207778 @ 0x207778  in=43 out_ir=48 skipped=3 (6%) notes=3
[2026-05-08T14:44:29Z INFO  vmp] lift fn_00207824 @ 0x207824  in=43 out_ir=48 skipped=3 (6%) notes=3
[2026-05-08T14:44:29Z INFO  vmp] lift fn_002078d0 @ 0x2078d0  in=211 out_ir=250 skipped=43 (20%) notes=43
[2026-05-08T14:44:29Z INFO  vmp] lift fn_00207c1c @ 0x207c1c  in=32 out_ir=38 skipped=0 (0%) notes=0
[2026-05-08T14:44:29Z INFO  vmp] lift fn_00207c9c @ 0x207c9c  in=256 out_ir=308 skipped=34 (13%) notes=34
[2026-05-08T14:44:29Z INFO  vmp] lift fn_0020809c @ 0x20809c  in=36 out_ir=51 skipped=0 (0%) notes=0
[2026-05-08T14:44:29Z INFO  vmp] lift fn_0020812c @ 0x20812c  in=174 out_ir=215 skipped=18 (10%) notes=18
[2026-05-08T14:44:29Z INFO  vmp] lift fn_002083e4 @ 0x2083e4  in=10 out_ir=15 skipped=0 (0%) notes=0
[2026-05-08T14:44:29Z INFO  vmp] lift fn_0020840c @ 0x20840c  in=11 out_ir=16 skipped=0 (0%) notes=0
[2026-05-08T14:44:29Z INFO  vmp] lift fn_00208438 @ 0x208438  in=35 out_ir=44 skipped=2 (5%) notes=2
[2026-05-08T14:44:29Z INFO  vmp] lift fn_002084c4 @ 0x2084c4  in=122 out_ir=151 skipped=14 (11%) notes=14
[2026-05-08T14:44:29Z INFO  vmp] lift fn_002086ac @ 0x2086ac  in=53 out_ir=65 skipped=3 (5%) notes=3
[2026-05-08T14:44:29Z INFO  vmp] lift fn_00208780 @ 0x208780  in=15 out_ir=20 skipped=1 (6%) notes=1
[2026-05-08T14:44:29Z INFO  vmp] lift fn_002087bc @ 0x2087bc  in=19 out_ir=26 skipped=0 (0%) notes=0
[2026-05-08T14:44:29Z INFO  vmp] lift fn_00208808 @ 0x208808  in=10 out_ir=12 skipped=0 (0%) notes=0
[2026-05-08T14:44:29Z INFO  vmp] lift fn_00208830 @ 0x208830  in=37 out_ir=46 skipped=5 (13%) notes=5
[2026-05-08T14:44:29Z INFO  vmp] lift fn_002088c4 @ 0x2088c4  in=16 out_ir=22 skipped=3 (18%) notes=3
[2026-05-08T14:44:29Z INFO  vmp] lift fn_00208904 @ 0x208904  in=24 out_ir=31 skipped=0 (0%) notes=0
[2026-05-08T14:44:29Z INFO  vmp] lift fn_00208964 @ 0x208964  in=58 out_ir=75 skipped=4 (6%) notes=4
[2026-05-08T14:44:29Z INFO  vmp] lift fn_00208a4c @ 0x208a4c  in=87 out_ir=101 skipped=0 (0%) notes=0
[2026-05-08T14:44:29Z INFO  vmp] lift fn_00208ba8 @ 0x208ba8  in=180 out_ir=218 skipped=21 (11%) notes=21
[2026-05-08T14:44:29Z INFO  vmp] lift fn_00208e78 @ 0x208e78  in=63 out_ir=78 skipped=10 (15%) notes=10
[2026-05-08T14:44:29Z INFO  vmp] lift fn_00208f74 @ 0x208f74  in=69 out_ir=87 skipped=10 (14%) notes=10
[2026-05-08T14:44:29Z INFO  vmp] lift fn_00209088 @ 0x209088  in=134 out_ir=160 skipped=17 (12%) notes=17
[2026-05-08T14:44:29Z INFO  vmp] lift fn_002092a0 @ 0x2092a0  in=49 out_ir=60 skipped=6 (12%) notes=6
[2026-05-08T14:44:29Z INFO  vmp] lift fn_00209364 @ 0x209364  in=56 out_ir=71 skipped=7 (12%) notes=7
[2026-05-08T14:44:29Z INFO  vmp] lift fn_00209444 @ 0x209444  in=49 out_ir=61 skipped=9 (18%) notes=9
[2026-05-08T14:44:29Z INFO  vmp] lift fn_00209508 @ 0x209508  in=51 out_ir=61 skipped=10 (19%) notes=10
[2026-05-08T14:44:29Z INFO  vmp] lift fn_002095d4 @ 0x2095d4  in=74 out_ir=87 skipped=4 (5%) notes=4
[2026-05-08T14:44:29Z INFO  vmp] lift fn_002096fc @ 0x2096fc  in=59 out_ir=70 skipped=10 (16%) notes=10
[2026-05-08T14:44:29Z INFO  vmp] lift fn_002097e8 @ 0x2097e8  in=102 out_ir=122 skipped=15 (14%) notes=15
[2026-05-08T14:44:29Z INFO  vmp] lift fn_00209980 @ 0x209980  in=26 out_ir=34 skipped=0 (0%) notes=0
[2026-05-08T14:44:29Z INFO  vmp] lift fn_002099e8 @ 0x2099e8  in=30 out_ir=38 skipped=5 (16%) notes=5
[2026-05-08T14:44:29Z INFO  vmp] lift fn_00209a60 @ 0x209a60  in=10 out_ir=15 skipped=0 (0%) notes=0
[2026-05-08T14:44:29Z INFO  vmp] lift fn_00209a88 @ 0x209a88  in=11 out_ir=16 skipped=0 (0%) notes=0
[2026-05-08T14:44:29Z INFO  vmp] lift fn_00209ab4 @ 0x209ab4  in=95 out_ir=129 skipped=3 (3%) notes=3
[2026-05-08T14:44:29Z INFO  vmp] lift fn_00209c30 @ 0x209c30  in=69 out_ir=80 skipped=6 (8%) notes=6
[2026-05-08T14:44:29Z INFO  vmp] lift fn_00209d44 @ 0x209d44  in=68 out_ir=79 skipped=4 (5%) notes=4
[2026-05-08T14:44:29Z INFO  vmp] lift fn_00209e54 @ 0x209e54  in=15 out_ir=20 skipped=1 (6%) notes=1
[2026-05-08T14:44:29Z INFO  vmp] lift fn_00209e90 @ 0x209e90  in=31 out_ir=38 skipped=4 (12%) notes=4
[2026-05-08T14:44:29Z INFO  vmp] lift fn_00209f0c @ 0x209f0c  in=113 out_ir=134 skipped=15 (13%) notes=15
[2026-05-08T14:44:29Z INFO  vmp] lift fn_0020a0d0 @ 0x20a0d0  in=22 out_ir=29 skipped=0 (0%) notes=0
[2026-05-08T14:44:29Z INFO  vmp] lift fn_0020a128 @ 0x20a128  in=19 out_ir=26 skipped=0 (0%) notes=0
[2026-05-08T14:44:29Z INFO  vmp] lift fn_0020a174 @ 0x20a174  in=42 out_ir=52 skipped=6 (14%) notes=6
[2026-05-08T14:44:29Z INFO  vmp] lift fn_0020a21c @ 0x20a21c  in=20 out_ir=25 skipped=0 (0%) notes=0
[2026-05-08T14:44:29Z INFO  vmp] lift fn_0020a26c @ 0x20a26c  in=22 out_ir=27 skipped=0 (0%) notes=0
[2026-05-08T14:44:29Z INFO  vmp] lift fn_0020a2c4 @ 0x20a2c4  in=14 out_ir=19 skipped=0 (0%) notes=0
[2026-05-08T14:44:29Z INFO  vmp] lift fn_0020a2fc @ 0x20a2fc  in=224 out_ir=296 skipped=31 (13%) notes=31
[2026-05-08T14:44:29Z INFO  vmp] lift fn_0020a67c @ 0x20a67c  in=208 out_ir=258 skipped=8 (3%) notes=8
[2026-05-08T14:44:29Z INFO  vmp] lift fn_0020a9bc @ 0x20a9bc  in=99 out_ir=123 skipped=0 (0%) notes=0
[2026-05-08T14:44:29Z INFO  vmp] lift fn_0020ab48 @ 0x20ab48  in=121 out_ir=145 skipped=0 (0%) notes=0
[2026-05-08T14:44:29Z INFO  vmp] lift fn_0020ad2c @ 0x20ad2c  in=18 out_ir=28 skipped=0 (0%) notes=0
[2026-05-08T14:44:29Z INFO  vmp] lift fn_0020ad74 @ 0x20ad74  in=21 out_ir=31 skipped=0 (0%) notes=0
[2026-05-08T14:44:29Z INFO  vmp] lift fn_0020adc8 @ 0x20adc8  in=185 out_ir=231 skipped=0 (0%) notes=0
[2026-05-08T14:44:29Z INFO  vmp] lift fn_0020b0ac @ 0x20b0ac  in=49 out_ir=77 skipped=2 (4%) notes=2
[2026-05-08T14:44:29Z INFO  vmp] lift fn_0020b170 @ 0x20b170  in=31 out_ir=46 skipped=0 (0%) notes=0
[2026-05-08T14:44:29Z INFO  vmp] lift fn_0020b1ec @ 0x20b1ec  in=63 out_ir=72 skipped=0 (0%) notes=0
[2026-05-08T14:44:29Z INFO  vmp] lift fn_0020b2e8 @ 0x20b2e8  in=43 out_ir=51 skipped=6 (13%) notes=6
[2026-05-08T14:44:29Z INFO  vmp] lift fn_0020b394 @ 0x20b394  in=12 out_ir=14 skipped=0 (0%) notes=0
[2026-05-08T14:44:29Z INFO  vmp] lift fn_0020b3c4 @ 0x20b3c4  in=13 out_ir=15 skipped=0 (0%) notes=0
[2026-05-08T14:44:29Z INFO  vmp] lift fn_0020b3f8 @ 0x20b3f8  in=150 out_ir=185 skipped=8 (5%) notes=8
[2026-05-08T14:44:29Z INFO  vmp] lift fn_0020b650 @ 0x20b650  in=18 out_ir=23 skipped=1 (5%) notes=1
[2026-05-08T14:44:29Z INFO  vmp] lift fn_0020b698 @ 0x20b698  in=19 out_ir=24 skipped=0 (0%) notes=0
[2026-05-08T14:44:29Z INFO  vmp] lift fn_0020b6e4 @ 0x20b6e4  in=205 out_ir=247 skipped=6 (2%) notes=6
[2026-05-08T14:44:29Z INFO  vmp] lift fn_0020ba18 @ 0x20ba18  in=42 out_ir=52 skipped=4 (9%) notes=4
[2026-05-08T14:44:29Z INFO  vmp] lift fn_0020bac0 @ 0x20bac0  in=33 out_ir=40 skipped=3 (9%) notes=3
[2026-05-08T14:44:29Z INFO  vmp] lift fn_0020bb44 @ 0x20bb44  in=18 out_ir=23 skipped=2 (11%) notes=2
[2026-05-08T14:44:29Z INFO  vmp] lift fn_0020bb8c @ 0x20bb8c  in=130 out_ir=158 skipped=3 (2%) notes=3
[2026-05-08T14:44:29Z INFO  vmp] lift fn_0020bd94 @ 0x20bd94  in=38 out_ir=43 skipped=0 (0%) notes=0
[2026-05-08T14:44:29Z INFO  vmp] lift fn_0020be2c @ 0x20be2c  in=19 out_ir=25 skipped=0 (0%) notes=0
[2026-05-08T14:44:29Z INFO  vmp] lift fn_0020be78 @ 0x20be78  in=128 out_ir=158 skipped=0 (0%) notes=0
[2026-05-08T14:44:29Z INFO  vmp] lift fn_0020c078 @ 0x20c078  in=87 out_ir=107 skipped=0 (0%) notes=0
[2026-05-08T14:44:29Z INFO  vmp] lift fn_0020c1d4 @ 0x20c1d4  in=10 out_ir=13 skipped=0 (0%) notes=0
[2026-05-08T14:44:29Z INFO  vmp] lift fn_0020c1fc @ 0x20c1fc  in=110 out_ir=153 skipped=3 (2%) notes=3
[2026-05-08T14:44:29Z INFO  vmp] lift fn_0020c3b4 @ 0x20c3b4  in=12 out_ir=14 skipped=0 (0%) notes=0
[2026-05-08T14:44:29Z INFO  vmp] lift fn_0020c3e4 @ 0x20c3e4  in=120 out_ir=152 skipped=0 (0%) notes=0
[2026-05-08T14:44:29Z INFO  vmp] lift fn_0020c5c4 @ 0x20c5c4  in=100 out_ir=130 skipped=0 (0%) notes=0
[2026-05-08T14:44:29Z INFO  vmp] lift fn_0020c754 @ 0x20c754  in=6 out_ir=8 skipped=0 (0%) notes=0
[2026-05-08T14:44:29Z INFO  vmp] lift fn_0020c76c @ 0x20c76c  in=136 out_ir=169 skipped=1 (0%) notes=1
[2026-05-08T14:44:29Z INFO  vmp] lift fn_0020c98c @ 0x20c98c  in=347 out_ir=433 skipped=38 (10%) notes=38
[2026-05-08T14:44:29Z INFO  vmp] lift fn_0020cef8 @ 0x20cef8  in=513 out_ir=646 skipped=130 (25%) notes=130
[2026-05-08T14:44:29Z INFO  vmp] lift fn_0020d6fc @ 0x20d6fc  in=163 out_ir=207 skipped=21 (12%) notes=21
[2026-05-08T14:44:29Z INFO  vmp] lift fn_0020d988 @ 0x20d988  in=37 out_ir=44 skipped=0 (0%) notes=0
[2026-05-08T14:44:29Z INFO  vmp] lift fn_0020da1c @ 0x20da1c  in=98 out_ir=117 skipped=20 (20%) notes=20
[2026-05-08T14:44:29Z INFO  vmp] lift fn_0020dba4 @ 0x20dba4  in=207 out_ir=250 skipped=4 (1%) notes=4
[2026-05-08T14:44:29Z INFO  vmp] lift fn_0020dee0 @ 0x20dee0  in=233 out_ir=277 skipped=4 (1%) notes=4
[2026-05-08T14:44:29Z INFO  vmp] lift fn_0020e284 @ 0x20e284  in=196 out_ir=235 skipped=2 (1%) notes=2
[2026-05-08T14:44:29Z INFO  vmp] lift fn_0020e594 @ 0x20e594  in=243 out_ir=297 skipped=45 (18%) notes=45
[2026-05-08T14:44:29Z INFO  vmp] lift fn_0020e960 @ 0x20e960  in=26 out_ir=35 skipped=3 (11%) notes=3
[2026-05-08T14:44:29Z INFO  vmp] lift fn_0020e9c8 @ 0x20e9c8  in=64 out_ir=72 skipped=0 (0%) notes=0
[2026-05-08T14:44:29Z INFO  vmp] lift fn_0020eac8 @ 0x20eac8  in=232 out_ir=285 skipped=42 (18%) notes=42
[2026-05-08T14:44:29Z INFO  vmp] lift fn_0020ee68 @ 0x20ee68  in=58 out_ir=72 skipped=14 (24%) notes=14
[2026-05-08T14:44:29Z INFO  vmp] lift fn_0020ef50 @ 0x20ef50  in=108 out_ir=120 skipped=0 (0%) notes=0
[2026-05-08T14:44:29Z INFO  vmp] lift fn_0020f100 @ 0x20f100  in=99 out_ir=144 skipped=1 (1%) notes=1
[2026-05-08T14:44:29Z INFO  vmp] lift fn_0020f28c @ 0x20f28c  in=41 out_ir=47 skipped=1 (2%) notes=1
[2026-05-08T14:44:29Z INFO  vmp] lift fn_0020f330 @ 0x20f330  in=88 out_ir=102 skipped=0 (0%) notes=0
[2026-05-08T14:44:29Z INFO  vmp] lift fn_0020f490 @ 0x20f490  in=16 out_ir=18 skipped=0 (0%) notes=0
[2026-05-08T14:44:29Z INFO  vmp] lift fn_0020f4d0 @ 0x20f4d0  in=6 out_ir=8 skipped=0 (0%) notes=0
[2026-05-08T14:44:29Z INFO  vmp] lift fn_0020f4e8 @ 0x20f4e8  in=14 out_ir=19 skipped=0 (0%) notes=0
[2026-05-08T14:44:29Z INFO  vmp] lift fn_0020f520 @ 0x20f520  in=270 out_ir=322 skipped=6 (2%) notes=6
[2026-05-08T14:44:29Z INFO  vmp] lift fn_0020f958 @ 0x20f958  in=42 out_ir=52 skipped=4 (9%) notes=4
[2026-05-08T14:44:29Z INFO  vmp] lift fn_0020fa00 @ 0x20fa00  in=33 out_ir=40 skipped=3 (9%) notes=3
[2026-05-08T14:44:29Z INFO  vmp] lift fn_0020fa84 @ 0x20fa84  in=18 out_ir=23 skipped=2 (11%) notes=2
[2026-05-08T14:44:29Z INFO  vmp] lift fn_0020facc @ 0x20facc  in=207 out_ir=240 skipped=17 (8%) notes=17
[2026-05-08T14:44:29Z INFO  vmp] lift fn_0020fe08 @ 0x20fe08  in=43 out_ir=51 skipped=6 (13%) notes=6
[2026-05-08T14:44:29Z INFO  vmp] lift fn_0020feb4 @ 0x20feb4  in=12 out_ir=14 skipped=0 (0%) notes=0
[2026-05-08T14:44:29Z INFO  vmp] lift fn_0020fee4 @ 0x20fee4  in=13 out_ir=15 skipped=0 (0%) notes=0
[2026-05-08T14:44:29Z INFO  vmp] lift fn_0020ff18 @ 0x20ff18  in=195 out_ir=225 skipped=21 (10%) notes=21
[2026-05-08T14:44:29Z INFO  vmp] lift fn_00210224 @ 0x210224  in=16 out_ir=21 skipped=0 (0%) notes=0
[2026-05-08T14:44:29Z INFO  vmp] lift fn_00210264 @ 0x210264  in=43 out_ir=51 skipped=6 (13%) notes=6
[2026-05-08T14:44:29Z INFO  vmp] lift fn_00210310 @ 0x210310  in=12 out_ir=14 skipped=0 (0%) notes=0
[2026-05-08T14:44:29Z INFO  vmp] lift fn_00210340 @ 0x210340  in=13 out_ir=15 skipped=0 (0%) notes=0
[2026-05-08T14:44:29Z INFO  vmp] lift fn_00210374 @ 0x210374  in=185 out_ir=211 skipped=15 (8%) notes=15
[2026-05-08T14:44:29Z INFO  vmp] lift fn_00210658 @ 0x210658  in=16 out_ir=21 skipped=0 (0%) notes=0
[2026-05-08T14:44:29Z INFO  vmp] lift fn_00210698 @ 0x210698  in=106 out_ir=127 skipped=12 (11%) notes=12
[2026-05-08T14:44:29Z INFO  vmp] lift fn_00210840 @ 0x210840  in=73 out_ir=86 skipped=10 (13%) notes=10
[2026-05-08T14:44:29Z INFO  vmp] lift fn_00210964 @ 0x210964  in=317 out_ir=382 skipped=13 (4%) notes=13
[2026-05-08T14:44:29Z INFO  vmp] lift fn_00210e58 @ 0x210e58  in=124 out_ir=156 skipped=14 (11%) notes=14
[2026-05-08T14:44:29Z INFO  vmp] lift fn_00211048 @ 0x211048  in=24 out_ir=31 skipped=0 (0%) notes=0
[2026-05-08T14:44:29Z INFO  vmp] lift fn_002110a8 @ 0x2110a8  in=128 out_ir=157 skipped=25 (19%) notes=25
[2026-05-08T14:44:29Z INFO  vmp] lift fn_002112a8 @ 0x2112a8  in=372 out_ir=538 skipped=0 (0%) notes=0
[2026-05-08T14:44:29Z INFO  vmp] lift fn_00211878 @ 0x211878  in=309 out_ir=408 skipped=68 (22%) notes=68
[2026-05-08T14:44:29Z INFO  vmp] lift fn_00211d4c @ 0x211d4c  in=102 out_ir=125 skipped=23 (22%) notes=23
[2026-05-08T14:44:29Z INFO  vmp] lift fn_00211ee4 @ 0x211ee4  in=102 out_ir=129 skipped=23 (22%) notes=23
[2026-05-08T14:44:29Z INFO  vmp] lift fn_0021207c @ 0x21207c  in=71 out_ir=95 skipped=9 (12%) notes=9
[2026-05-08T14:44:29Z INFO  vmp] lift fn_00212198 @ 0x212198  in=66 out_ir=88 skipped=9 (13%) notes=9
[2026-05-08T14:44:29Z INFO  vmp] lift fn_002122a0 @ 0x2122a0  in=55 out_ir=65 skipped=5 (9%) notes=5
[2026-05-08T14:44:29Z INFO  vmp] lift fn_0021237c @ 0x21237c  in=26 out_ir=33 skipped=2 (7%) notes=2
[2026-05-08T14:44:29Z INFO  vmp] lift fn_002123e4 @ 0x2123e4  in=489 out_ir=655 skipped=56 (11%) notes=56
[2026-05-08T14:44:29Z INFO  vmp] lift fn_00212b88 @ 0x212b88  in=57 out_ir=65 skipped=7 (12%) notes=7
[2026-05-08T14:44:29Z INFO  vmp] lift fn_00212c6c @ 0x212c6c  in=59 out_ir=70 skipped=3 (5%) notes=3
[2026-05-08T14:44:29Z INFO  vmp] lift fn_00212d58 @ 0x212d58  in=61 out_ir=71 skipped=10 (16%) notes=10
[2026-05-08T14:44:29Z INFO  vmp] lift fn_00212e4c @ 0x212e4c  in=91 out_ir=103 skipped=21 (23%) notes=21
[2026-05-08T14:44:29Z INFO  vmp] lift fn_00212fb8 @ 0x212fb8  in=116 out_ir=131 skipped=29 (25%) notes=29
[2026-05-08T14:44:29Z INFO  vmp] lift fn_00213188 @ 0x213188  in=92 out_ir=104 skipped=27 (29%) notes=27
[2026-05-08T14:44:29Z INFO  vmp] lift fn_002132f8 @ 0x2132f8  in=52 out_ir=62 skipped=7 (13%) notes=7
[2026-05-08T14:44:29Z INFO  vmp] lift fn_002133c8 @ 0x2133c8  in=55 out_ir=65 skipped=10 (18%) notes=10
[2026-05-08T14:44:29Z INFO  vmp] lift fn_002134a4 @ 0x2134a4  in=149 out_ir=174 skipped=0 (0%) notes=0
[2026-05-08T14:44:29Z INFO  vmp] lift fn_002136f8 @ 0x2136f8  in=7 out_ir=10 skipped=0 (0%) notes=0
[2026-05-08T14:44:29Z INFO  vmp] lift fn_00213714 @ 0x213714  in=261 out_ir=313 skipped=22 (8%) notes=22
[2026-05-08T14:44:29Z INFO  vmp] lift fn_00213b28 @ 0x213b28  in=570 out_ir=753 skipped=42 (7%) notes=42
[2026-05-08T14:44:29Z INFO  vmp] lift fn_00214410 @ 0x214410  in=126 out_ir=148 skipped=17 (13%) notes=17
[2026-05-08T14:44:29Z INFO  vmp] lift fn_00214608 @ 0x214608  in=254 out_ir=357 skipped=19 (7%) notes=19
[2026-05-08T14:44:29Z INFO  vmp] lift fn_00214a00 @ 0x214a00  in=55 out_ir=66 skipped=3 (5%) notes=3
[2026-05-08T14:44:29Z INFO  vmp] lift fn_00214adc @ 0x214adc  in=78 out_ir=92 skipped=6 (7%) notes=6
[2026-05-08T14:44:29Z INFO  vmp] lift fn_00214c14 @ 0x214c14  in=131 out_ir=153 skipped=10 (7%) notes=10
[2026-05-08T14:44:29Z INFO  vmp] lift fn_00214e20 @ 0x214e20  in=27 out_ir=35 skipped=0 (0%) notes=0
[2026-05-08T14:44:29Z INFO  vmp] lift fn_00214e8c @ 0x214e8c  in=279 out_ir=301 skipped=2 (0%) notes=2
[2026-05-08T14:44:29Z INFO  vmp] lift fn_002152e8 @ 0x2152e8  in=57 out_ir=70 skipped=6 (10%) notes=6
[2026-05-08T14:44:29Z INFO  vmp] lift fn_002153cc @ 0x2153cc  in=77 out_ir=90 skipped=9 (11%) notes=9
[2026-05-08T14:44:29Z INFO  vmp] lift fn_00215500 @ 0x215500  in=187 out_ir=241 skipped=32 (17%) notes=32
[2026-05-08T14:44:29Z INFO  vmp] lift fn_002157ec @ 0x2157ec  in=341 out_ir=448 skipped=57 (16%) notes=57
[2026-05-08T14:44:29Z INFO  vmp] lift fn_00215d40 @ 0x215d40  in=448 out_ir=600 skipped=82 (18%) notes=82
[2026-05-08T14:44:29Z INFO  vmp] lift fn_00216440 @ 0x216440  in=14 out_ir=19 skipped=0 (0%) notes=0
[2026-05-08T14:44:29Z INFO  vmp] lift fn_00216478 @ 0x216478  in=13 out_ir=15 skipped=0 (0%) notes=0
[2026-05-08T14:44:29Z INFO  vmp] lift fn_002164ac @ 0x2164ac  in=24 out_ir=31 skipped=0 (0%) notes=0
[2026-05-08T14:44:29Z INFO  vmp] lift fn_0021650c @ 0x21650c  in=40 out_ir=49 skipped=0 (0%) notes=0
[2026-05-08T14:44:29Z INFO  vmp] lift fn_002165ac @ 0x2165ac  in=85 out_ir=107 skipped=13 (15%) notes=13
[2026-05-08T14:44:29Z INFO  vmp] lift fn_00216700 @ 0x216700  in=24 out_ir=29 skipped=0 (0%) notes=0
[2026-05-08T14:44:29Z INFO  vmp] lift fn_00216760 @ 0x216760  in=107 out_ir=133 skipped=12 (11%) notes=12
[2026-05-08T14:44:29Z INFO  vmp] lift fn_0021690c @ 0x21690c  in=193 out_ir=242 skipped=28 (14%) notes=28
[2026-05-08T14:44:29Z INFO  vmp] lift fn_00216c10 @ 0x216c10  in=282 out_ir=350 skipped=69 (24%) notes=69
[2026-05-08T14:44:29Z INFO  vmp] lift fn_00217078 @ 0x217078  in=25 out_ir=30 skipped=0 (0%) notes=0
[2026-05-08T14:44:29Z INFO  vmp] lift fn_002170dc @ 0x2170dc  in=31 out_ir=37 skipped=0 (0%) notes=0
[2026-05-08T14:44:29Z INFO  vmp] lift fn_00217158 @ 0x217158  in=46 out_ir=58 skipped=5 (10%) notes=5
[2026-05-08T14:44:29Z INFO  vmp] lift fn_00217210 @ 0x217210  in=62 out_ir=72 skipped=3 (4%) notes=3
[2026-05-08T14:44:29Z INFO  vmp] lift fn_00217308 @ 0x217308  in=553 out_ir=686 skipped=115 (20%) notes=115
[2026-05-08T14:44:29Z INFO  vmp] lift fn_00217bac @ 0x217bac  in=25 out_ir=30 skipped=0 (0%) notes=0
[2026-05-08T14:44:29Z INFO  vmp] lift fn_00217c10 @ 0x217c10  in=62 out_ir=76 skipped=4 (6%) notes=4
[2026-05-08T14:44:29Z INFO  vmp] lift fn_00217d08 @ 0x217d08  in=111 out_ir=134 skipped=6 (5%) notes=6
[2026-05-08T14:44:29Z INFO  vmp] lift fn_00217ec4 @ 0x217ec4  in=104 out_ir=133 skipped=17 (16%) notes=17
[2026-05-08T14:44:29Z INFO  vmp] lift fn_00218064 @ 0x218064  in=25 out_ir=30 skipped=0 (0%) notes=0
[2026-05-08T14:44:29Z INFO  vmp] lift fn_002180c8 @ 0x2180c8  in=124 out_ir=145 skipped=16 (12%) notes=16
[2026-05-08T14:44:29Z INFO  vmp] lift fn_002182b8 @ 0x2182b8  in=172 out_ir=201 skipped=16 (9%) notes=16
[2026-05-08T14:44:29Z INFO  vmp] lift fn_00218568 @ 0x218568  in=303 out_ir=375 skipped=72 (23%) notes=72
[2026-05-08T14:44:29Z INFO  vmp] lift fn_00218a24 @ 0x218a24  in=30 out_ir=34 skipped=0 (0%) notes=0
[2026-05-08T14:44:29Z INFO  vmp] lift fn_00218a9c @ 0x218a9c  in=82 out_ir=95 skipped=8 (9%) notes=8
[2026-05-08T14:44:29Z INFO  vmp] lift fn_00218be4 @ 0x218be4  in=120 out_ir=142 skipped=10 (8%) notes=10
[2026-05-08T14:44:29Z INFO  vmp] lift fn_00218dc4 @ 0x218dc4  in=121 out_ir=151 skipped=21 (17%) notes=21
[2026-05-08T14:44:29Z INFO  vmp] lift fn_00218fa8 @ 0x218fa8  in=30 out_ir=34 skipped=0 (0%) notes=0
[2026-05-08T14:44:29Z INFO  vmp] lift fn_00219020 @ 0x219020  in=33 out_ir=37 skipped=0 (0%) notes=0
[2026-05-08T14:44:29Z INFO  vmp] lift fn_002190a4 @ 0x2190a4  in=25 out_ir=32 skipped=2 (8%) notes=2
[2026-05-08T14:44:29Z INFO  vmp] lift fn_00219108 @ 0x219108  in=56 out_ir=66 skipped=3 (5%) notes=3
[2026-05-08T14:44:29Z INFO  vmp] lift fn_002191e8 @ 0x2191e8  in=201 out_ir=239 skipped=64 (31%) notes=64
[2026-05-08T14:44:29Z INFO  vmp] lift fn_0021950c @ 0x21950c  in=30 out_ir=34 skipped=0 (0%) notes=0
[2026-05-08T14:44:29Z INFO  vmp] lift fn_00219584 @ 0x219584  in=33 out_ir=37 skipped=0 (0%) notes=0
[2026-05-08T14:44:29Z INFO  vmp] lift fn_00219608 @ 0x219608  in=25 out_ir=32 skipped=2 (8%) notes=2
[2026-05-08T14:44:29Z INFO  vmp] lift fn_0021966c @ 0x21966c  in=56 out_ir=66 skipped=3 (5%) notes=3
[2026-05-08T14:44:29Z INFO  vmp] lift fn_0021974c @ 0x21974c  in=188 out_ir=223 skipped=61 (32%) notes=61
[2026-05-08T14:44:29Z INFO  vmp] lift fn_00219a3c @ 0x219a3c  in=30 out_ir=34 skipped=0 (0%) notes=0
[2026-05-08T14:44:29Z INFO  vmp] lift fn_00219ab4 @ 0x219ab4  in=35 out_ir=39 skipped=0 (0%) notes=0
[2026-05-08T14:44:29Z INFO  vmp] lift fn_00219b40 @ 0x219b40  in=30 out_ir=37 skipped=1 (3%) notes=1
[2026-05-08T14:44:29Z INFO  vmp] lift fn_00219bb8 @ 0x219bb8  in=10 out_ir=12 skipped=0 (0%) notes=0
[2026-05-08T14:44:29Z INFO  vmp] lift fn_00219be0 @ 0x219be0  in=10 out_ir=12 skipped=0 (0%) notes=0
[2026-05-08T14:44:29Z INFO  vmp] lift fn_00219c08 @ 0x219c08  in=89 out_ir=102 skipped=11 (12%) notes=11
[2026-05-08T14:44:29Z INFO  vmp] lift fn_00219d6c @ 0x219d6c  in=88 out_ir=103 skipped=13 (14%) notes=13
[2026-05-08T14:44:29Z INFO  vmp] lift fn_00219ecc @ 0x219ecc  in=70 out_ir=91 skipped=8 (11%) notes=8
[2026-05-08T14:44:29Z INFO  vmp] lift fn_00219fe4 @ 0x219fe4  in=125 out_ir=148 skipped=20 (16%) notes=20
[2026-05-08T14:44:29Z INFO  vmp] lift fn_0021a1d8 @ 0x21a1d8  in=437 out_ir=530 skipped=97 (22%) notes=97
[2026-05-08T14:44:29Z INFO  vmp] lift fn_0021a8ac @ 0x21a8ac  in=399 out_ir=467 skipped=103 (25%) notes=103
[2026-05-08T14:44:29Z INFO  vmp] lift fn_0021aee8 @ 0x21aee8  in=14 out_ir=17 skipped=0 (0%) notes=0
[2026-05-08T14:44:29Z INFO  vmp] lift fn_0021af20 @ 0x21af20  in=43 out_ir=49 skipped=4 (9%) notes=4
[2026-05-08T14:44:29Z INFO  vmp] lift fn_0021afcc @ 0x21afcc  in=25 out_ir=30 skipped=2 (8%) notes=2
[2026-05-08T14:44:29Z INFO  vmp] lift fn_0021b030 @ 0x21b030  in=21 out_ir=26 skipped=3 (14%) notes=3
[2026-05-08T14:44:29Z INFO  vmp] lift fn_0021b084 @ 0x21b084  in=21 out_ir=26 skipped=3 (14%) notes=3
[2026-05-08T14:44:29Z INFO  vmp] lift fn_0021b0d8 @ 0x21b0d8  in=39 out_ir=47 skipped=2 (5%) notes=2
[2026-05-08T14:44:29Z INFO  vmp] lift fn_0021b174 @ 0x21b174  in=603 out_ir=733 skipped=35 (5%) notes=35
[2026-05-08T14:44:29Z INFO  vmp] lift fn_0021bae0 @ 0x21bae0  in=1409 out_ir=1693 skipped=206 (14%) notes=206
[2026-05-08T14:44:29Z INFO  vmp] lift fn_0021d0e4 @ 0x21d0e4  in=232 out_ir=246 skipped=55 (23%) notes=55
[2026-05-08T14:44:29Z INFO  vmp] lift fn_0021d484 @ 0x21d484  in=74 out_ir=85 skipped=8 (10%) notes=8
[2026-05-08T14:44:29Z INFO  vmp] lift fn_0021d5ac @ 0x21d5ac  in=13 out_ir=21 skipped=0 (0%) notes=0
[2026-05-08T14:44:29Z INFO  vmp] lift fn_0021d5e0 @ 0x21d5e0  in=69 out_ir=87 skipped=10 (14%) notes=10
[2026-05-08T14:44:29Z INFO  vmp] lift fn_0021d6f4 @ 0x21d6f4  in=36 out_ir=48 skipped=6 (16%) notes=6
[2026-05-08T14:44:29Z INFO  vmp] lift fn_0021d784 @ 0x21d784  in=101 out_ir=120 skipped=3 (2%) notes=3
[2026-05-08T14:44:29Z INFO  vmp] lift fn_0021d918 @ 0x21d918  in=109 out_ir=133 skipped=3 (2%) notes=3
[2026-05-08T14:44:29Z INFO  vmp] lift fn_0021dacc @ 0x21dacc  in=67 out_ir=87 skipped=4 (5%) notes=4
[2026-05-08T14:44:29Z INFO  vmp] lift fn_0021dbd8 @ 0x21dbd8  in=374 out_ir=447 skipped=41 (10%) notes=41
[2026-05-08T14:44:29Z INFO  vmp] lift fn_0021e1b0 @ 0x21e1b0  in=103 out_ir=118 skipped=20 (19%) notes=20
[2026-05-08T14:44:29Z INFO  vmp] lift fn_0021e34c @ 0x21e34c  in=267 out_ir=330 skipped=58 (21%) notes=58
[2026-05-08T14:44:29Z INFO  vmp] lift fn_0021e778 @ 0x21e778  in=134 out_ir=158 skipped=12 (8%) notes=12
[2026-05-08T14:44:29Z INFO  vmp] lift fn_0021e990 @ 0x21e990  in=35 out_ir=47 skipped=3 (8%) notes=3
[2026-05-08T14:44:29Z INFO  vmp] lift fn_0021ea1c @ 0x21ea1c  in=13 out_ir=21 skipped=0 (0%) notes=0
[2026-05-08T14:44:29Z INFO  vmp] lift fn_0021ea50 @ 0x21ea50  in=138 out_ir=164 skipped=5 (3%) notes=5
[2026-05-08T14:44:29Z INFO  vmp] lift fn_0021ec78 @ 0x21ec78  in=119 out_ir=149 skipped=17 (14%) notes=17
[2026-05-08T14:44:29Z INFO  vmp] lift fn_0021ee54 @ 0x21ee54  in=45 out_ir=53 skipped=2 (4%) notes=2
[2026-05-08T14:44:29Z INFO  vmp] lift fn_0021ef08 @ 0x21ef08  in=293 out_ir=354 skipped=17 (5%) notes=17
[2026-05-08T14:44:29Z INFO  vmp] lift fn_0021f39c @ 0x21f39c  in=258 out_ir=309 skipped=23 (8%) notes=23
[2026-05-08T14:44:29Z INFO  vmp] lift fn_0021f7a4 @ 0x21f7a4  in=64 out_ir=83 skipped=12 (18%) notes=12
[2026-05-08T14:44:29Z INFO  vmp] lift fn_0021f8a4 @ 0x21f8a4  in=416 out_ir=530 skipped=82 (19%) notes=82
[2026-05-08T14:44:29Z INFO  vmp] lift fn_0021ff24 @ 0x21ff24  in=20 out_ir=26 skipped=0 (0%) notes=0
[2026-05-08T14:44:29Z INFO  vmp] lift fn_0021ff74 @ 0x21ff74  in=14 out_ir=19 skipped=1 (7%) notes=1
[2026-05-08T14:44:29Z INFO  vmp] lift fn_0021ffac @ 0x21ffac  in=342 out_ir=416 skipped=74 (21%) notes=74
[2026-05-08T14:44:29Z INFO  vmp] lift fn_00220504 @ 0x220504  in=465 out_ir=550 skipped=82 (17%) notes=82
[2026-05-08T14:44:29Z INFO  vmp] lift fn_00220c48 @ 0x220c48  in=494 out_ir=599 skipped=132 (26%) notes=132
[2026-05-08T14:44:29Z INFO  vmp] lift fn_00221400 @ 0x221400  in=30 out_ir=37 skipped=3 (10%) notes=3
[2026-05-08T14:44:29Z INFO  vmp] lift fn_00221478 @ 0x221478  in=45 out_ir=54 skipped=7 (15%) notes=7
[2026-05-08T14:44:29Z INFO  vmp] lift fn_0022152c @ 0x22152c  in=100 out_ir=116 skipped=0 (0%) notes=0
[2026-05-08T14:44:29Z INFO  vmp] lift fn_002216bc @ 0x2216bc  in=161 out_ir=185 skipped=16 (9%) notes=16
[2026-05-08T14:44:29Z INFO  vmp] lift fn_00221940 @ 0x221940  in=116 out_ir=136 skipped=7 (6%) notes=7
[2026-05-08T14:44:29Z INFO  vmp] lift fn_00221b10 @ 0x221b10  in=400 out_ir=493 skipped=54 (13%) notes=54
[2026-05-08T14:44:29Z INFO  vmp] lift fn_00222150 @ 0x222150  in=129 out_ir=151 skipped=4 (3%) notes=4
[2026-05-08T14:44:29Z INFO  vmp] lift fn_00222354 @ 0x222354  in=167 out_ir=196 skipped=20 (11%) notes=20
[2026-05-08T14:44:29Z INFO  vmp] lift fn_002225f0 @ 0x2225f0  in=124 out_ir=145 skipped=5 (4%) notes=5
[2026-05-08T14:44:29Z INFO  vmp] lift fn_002227e0 @ 0x2227e0  in=573 out_ir=759 skipped=107 (18%) notes=107
[2026-05-08T14:44:29Z INFO  vmp] lift fn_002230d4 @ 0x2230d4  in=251 out_ir=299 skipped=39 (15%) notes=39
[2026-05-08T14:44:29Z INFO  vmp] lift fn_002234c0 @ 0x2234c0  in=282 out_ir=344 skipped=25 (8%) notes=25
[2026-05-08T14:44:29Z INFO  vmp] lift fn_00223928 @ 0x223928  in=106 out_ir=137 skipped=1 (0%) notes=1
[2026-05-08T14:44:29Z INFO  vmp] lift fn_00223ad0 @ 0x223ad0  in=163 out_ir=196 skipped=20 (12%) notes=20
[2026-05-08T14:44:29Z INFO  vmp] lift fn_00223d5c @ 0x223d5c  in=30 out_ir=37 skipped=3 (10%) notes=3
[2026-05-08T14:44:29Z INFO  vmp] lift fn_00223dd4 @ 0x223dd4  in=203 out_ir=232 skipped=33 (16%) notes=33
[2026-05-08T14:44:29Z INFO  vmp] lift fn_00224100 @ 0x224100  in=47 out_ir=57 skipped=0 (0%) notes=0
[2026-05-08T14:44:29Z INFO  vmp] lift fn_002241bc @ 0x2241bc  in=250 out_ir=315 skipped=44 (17%) notes=44
[2026-05-08T14:44:29Z INFO  vmp] lift fn_002245a4 @ 0x2245a4  in=830 out_ir=997 skipped=71 (8%) notes=71
[2026-05-08T14:44:29Z INFO  vmp] lift fn_0022529c @ 0x22529c  in=36 out_ir=40 skipped=0 (0%) notes=0
[2026-05-08T14:44:29Z INFO  vmp] lift fn_0022532c @ 0x22532c  in=22 out_ir=27 skipped=0 (0%) notes=0
[2026-05-08T14:44:29Z INFO  vmp] lift fn_00225384 @ 0x225384  in=213 out_ir=250 skipped=14 (6%) notes=14
[2026-05-08T14:44:29Z INFO  vmp] lift fn_002256d8 @ 0x2256d8  in=47 out_ir=58 skipped=0 (0%) notes=0
[2026-05-08T14:44:29Z INFO  vmp] lift fn_00225794 @ 0x225794  in=32 out_ir=40 skipped=2 (6%) notes=2
[2026-05-08T14:44:29Z INFO  vmp] lift fn_00225814 @ 0x225814  in=22 out_ir=28 skipped=0 (0%) notes=0
[2026-05-08T14:44:29Z INFO  vmp] lift fn_0022586c @ 0x22586c  in=39 out_ir=48 skipped=5 (12%) notes=5
[2026-05-08T14:44:29Z INFO  vmp] lift fn_00225908 @ 0x225908  in=163 out_ir=192 skipped=42 (25%) notes=42
[2026-05-08T14:44:29Z INFO  vmp] lift fn_00225b94 @ 0x225b94  in=506 out_ir=609 skipped=65 (12%) notes=65
[2026-05-08T14:44:29Z INFO  vmp] lift fn_0022637c @ 0x22637c  in=6 out_ir=8 skipped=0 (0%) notes=0
[2026-05-08T14:44:29Z INFO  vmp] lift fn_00226394 @ 0x226394  in=359 out_ir=453 skipped=50 (13%) notes=50
[2026-05-08T14:44:29Z INFO  vmp] lift fn_00226930 @ 0x226930  in=90 out_ir=99 skipped=0 (0%) notes=0
[2026-05-08T14:44:29Z INFO  vmp] lift fn_00226a98 @ 0x226a98  in=251 out_ir=315 skipped=32 (12%) notes=32
[2026-05-08T14:44:29Z INFO  vmp] lift fn_00226e84 @ 0x226e84  in=266 out_ir=321 skipped=5 (1%) notes=5
[2026-05-08T14:44:29Z INFO  vmp] lift fn_002272ac @ 0x2272ac  in=317 out_ir=385 skipped=2 (0%) notes=2
[2026-05-08T14:44:29Z INFO  vmp] lift fn_002277a0 @ 0x2277a0  in=166 out_ir=188 skipped=34 (20%) notes=34
[2026-05-08T14:44:29Z INFO  vmp] lift fn_00227a38 @ 0x227a38  in=149 out_ir=176 skipped=11 (7%) notes=11
[2026-05-08T14:44:29Z INFO  vmp] lift fn_00227c8c @ 0x227c8c  in=100 out_ir=128 skipped=9 (9%) notes=9
[2026-05-08T14:44:29Z INFO  vmp] lift fn_00227e1c @ 0x227e1c  in=259 out_ir=315 skipped=54 (20%) notes=54
[2026-05-08T14:44:29Z INFO  vmp] lift fn_00228228 @ 0x228228  in=120 out_ir=143 skipped=18 (15%) notes=18
[2026-05-08T14:44:29Z INFO  vmp] lift fn_00228408 @ 0x228408  in=219 out_ir=278 skipped=16 (7%) notes=16
[2026-05-08T14:44:29Z INFO  vmp] lift fn_00228774 @ 0x228774  in=91 out_ir=106 skipped=6 (6%) notes=6
[2026-05-08T14:44:29Z INFO  vmp] lift fn_002288e0 @ 0x2288e0  in=88 out_ir=102 skipped=6 (6%) notes=6
[2026-05-08T14:44:29Z INFO  vmp] lift fn_00228a40 @ 0x228a40  in=105 out_ir=137 skipped=14 (13%) notes=14
[2026-05-08T14:44:29Z INFO  vmp] lift fn_00228be4 @ 0x228be4  in=2058 out_ir=2554 skipped=395 (19%) notes=395
[2026-05-08T14:44:29Z INFO  vmp] lift fn_0022ac0c @ 0x22ac0c  in=82 out_ir=94 skipped=3 (3%) notes=3
[2026-05-08T14:44:29Z INFO  vmp] lift fn_0022ad54 @ 0x22ad54  in=65 out_ir=77 skipped=2 (3%) notes=2
[2026-05-08T14:44:29Z INFO  vmp] lift fn_0022ae58 @ 0x22ae58  in=94 out_ir=116 skipped=9 (9%) notes=9
[2026-05-08T14:44:29Z INFO  vmp] lift fn_0022afd0 @ 0x22afd0  in=91 out_ir=112 skipped=7 (7%) notes=7
[2026-05-08T14:44:29Z INFO  vmp] lift fn_0022b13c @ 0x22b13c  in=201 out_ir=247 skipped=28 (13%) notes=28
[2026-05-08T14:44:29Z INFO  vmp] lift fn_0022b460 @ 0x22b460  in=59 out_ir=69 skipped=12 (20%) notes=12
[2026-05-08T14:44:29Z INFO  vmp] lift fn_0022b54c @ 0x22b54c  in=27 out_ir=31 skipped=0 (0%) notes=0
[2026-05-08T14:44:29Z INFO  vmp] lift fn_0022b5b8 @ 0x22b5b8  in=19 out_ir=24 skipped=2 (10%) notes=2
[2026-05-08T14:44:29Z INFO  vmp] lift fn_0022b604 @ 0x22b604  in=98 out_ir=123 skipped=0 (0%) notes=0
[2026-05-08T14:44:29Z INFO  vmp] lift fn_0022b78c @ 0x22b78c  in=61 out_ir=74 skipped=0 (0%) notes=0
[2026-05-08T14:44:29Z INFO  vmp] lift fn_0022b880 @ 0x22b880  in=109 out_ir=136 skipped=8 (7%) notes=8
[2026-05-08T14:44:29Z INFO  vmp] lift fn_0022ba34 @ 0x22ba34  in=649 out_ir=839 skipped=12 (1%) notes=12
[2026-05-08T14:44:29Z INFO  vmp] lift fn_0022c458 @ 0x22c458  in=142 out_ir=164 skipped=20 (14%) notes=20
[2026-05-08T14:44:29Z INFO  vmp] lift fn_0022c690 @ 0x22c690  in=28 out_ir=39 skipped=0 (0%) notes=0
[2026-05-08T14:44:29Z INFO  vmp] lift fn_0022c700 @ 0x22c700  in=136 out_ir=155 skipped=20 (14%) notes=20
[2026-05-08T14:44:29Z INFO  vmp] lift fn_0022c920 @ 0x22c920  in=29 out_ir=44 skipped=1 (3%) notes=1
[2026-05-08T14:44:29Z INFO  vmp] lift fn_0022c994 @ 0x22c994  in=227 out_ir=320 skipped=12 (5%) notes=12
[2026-05-08T14:44:29Z INFO  vmp] lift fn_0022cd20 @ 0x22cd20  in=476 out_ir=580 skipped=85 (17%) notes=85
[2026-05-08T14:44:29Z INFO  vmp] lift fn_0022d490 @ 0x22d490  in=27 out_ir=37 skipped=0 (0%) notes=0
[2026-05-08T14:44:29Z INFO  vmp] lift fn_0022d4fc @ 0x22d4fc  in=37 out_ir=45 skipped=6 (16%) notes=6
[2026-05-08T14:44:29Z INFO  vmp] lift fn_0022d590 @ 0x22d590  in=79 out_ir=93 skipped=5 (6%) notes=5
[2026-05-08T14:44:29Z INFO  vmp] lift fn_0022d6cc @ 0x22d6cc  in=60 out_ir=76 skipped=5 (8%) notes=5
[2026-05-08T14:44:29Z INFO  vmp] lift fn_0022d7bc @ 0x22d7bc  in=260 out_ir=312 skipped=32 (12%) notes=32
[2026-05-08T14:44:29Z INFO  vmp] lift fn_0022dbcc @ 0x22dbcc  in=199 out_ir=241 skipped=16 (8%) notes=16
[2026-05-08T14:44:29Z INFO  vmp] lift fn_0022dee8 @ 0x22dee8  in=28 out_ir=34 skipped=3 (10%) notes=3
[2026-05-08T14:44:29Z INFO  vmp] lift fn_0022df58 @ 0x22df58  in=72 out_ir=91 skipped=0 (0%) notes=0
[2026-05-08T14:44:29Z INFO  vmp] lift fn_0022e078 @ 0x22e078  in=299 out_ir=369 skipped=4 (1%) notes=4
[2026-05-08T14:44:29Z INFO  vmp] lift fn_0022e524 @ 0x22e524  in=675 out_ir=822 skipped=62 (9%) notes=62
[2026-05-08T14:44:29Z INFO  vmp] lift fn_0022efb0 @ 0x22efb0  in=154 out_ir=183 skipped=0 (0%) notes=0
[2026-05-08T14:44:29Z INFO  vmp] lift fn_0022f218 @ 0x22f218  in=202 out_ir=245 skipped=35 (17%) notes=35
[2026-05-08T14:44:29Z INFO  vmp] lift fn_0022f540 @ 0x22f540  in=211 out_ir=243 skipped=42 (19%) notes=42
[2026-05-08T14:44:29Z INFO  vmp] lift fn_0022f88c @ 0x22f88c  in=148 out_ir=172 skipped=8 (5%) notes=8
[2026-05-08T14:44:29Z INFO  vmp] lift fn_0022fadc @ 0x22fadc  in=191 out_ir=218 skipped=42 (21%) notes=42
[2026-05-08T14:44:29Z INFO  vmp] lift fn_0022fdd8 @ 0x22fdd8  in=122 out_ir=138 skipped=8 (6%) notes=8
[2026-05-08T14:44:29Z INFO  vmp] lift fn_0022ffc0 @ 0x22ffc0  in=81 out_ir=93 skipped=3 (3%) notes=3
[2026-05-08T14:44:29Z INFO  vmp] lift fn_00230104 @ 0x230104  in=88 out_ir=101 skipped=3 (3%) notes=3
[2026-05-08T14:44:29Z INFO  vmp] lift fn_00230264 @ 0x230264  in=86 out_ir=100 skipped=3 (3%) notes=3
[2026-05-08T14:44:29Z INFO  vmp] lift fn_002303bc @ 0x2303bc  in=62 out_ir=71 skipped=7 (11%) notes=7
[2026-05-08T14:44:29Z INFO  vmp] lift fn_002304b4 @ 0x2304b4  in=78 out_ir=100 skipped=19 (24%) notes=19
[2026-05-08T14:44:29Z INFO  vmp] lift fn_002305ec @ 0x2305ec  in=94 out_ir=116 skipped=20 (21%) notes=20
[2026-05-08T14:44:29Z INFO  vmp] lift fn_00230764 @ 0x230764  in=44 out_ir=55 skipped=4 (9%) notes=4
[2026-05-08T14:44:29Z INFO  vmp] lift fn_00230814 @ 0x230814  in=30 out_ir=37 skipped=5 (16%) notes=5
[2026-05-08T14:44:29Z INFO  vmp] lift fn_0023088c @ 0x23088c  in=43 out_ir=51 skipped=6 (13%) notes=6
[2026-05-08T14:44:29Z INFO  vmp] lift fn_00230938 @ 0x230938  in=12 out_ir=14 skipped=0 (0%) notes=0
[2026-05-08T14:44:29Z INFO  vmp] lift fn_00230968 @ 0x230968  in=13 out_ir=15 skipped=0 (0%) notes=0
[2026-05-08T14:44:29Z INFO  vmp] lift fn_0023099c @ 0x23099c  in=190 out_ir=228 skipped=12 (6%) notes=12
[2026-05-08T14:44:29Z INFO  vmp] lift fn_00230c94 @ 0x230c94  in=16 out_ir=21 skipped=0 (0%) notes=0
[2026-05-08T14:44:29Z INFO  vmp] lift fn_00230cd4 @ 0x230cd4  in=37 out_ir=43 skipped=1 (2%) notes=1
[2026-05-08T14:44:29Z INFO  vmp] lift fn_00230d68 @ 0x230d68  in=286 out_ir=363 skipped=6 (2%) notes=6
[2026-05-08T14:44:29Z INFO  vmp] lift fn_002311e0 @ 0x2311e0  in=42 out_ir=52 skipped=4 (9%) notes=4
[2026-05-08T14:44:29Z INFO  vmp] lift fn_00231288 @ 0x231288  in=33 out_ir=40 skipped=3 (9%) notes=3
[2026-05-08T14:44:29Z INFO  vmp] lift fn_0023130c @ 0x23130c  in=18 out_ir=23 skipped=2 (11%) notes=2
[2026-05-08T14:44:29Z INFO  vmp] lift fn_00231354 @ 0x231354  in=241 out_ir=291 skipped=3 (1%) notes=3
[2026-05-08T14:44:29Z INFO  vmp] lift fn_00231718 @ 0x231718  in=39 out_ir=49 skipped=0 (0%) notes=0
[2026-05-08T14:44:29Z INFO  vmp] lift fn_002317b4 @ 0x2317b4  in=283 out_ir=402 skipped=4 (1%) notes=4
[2026-05-08T14:44:29Z INFO  vmp] lift fn_00231c20 @ 0x231c20  in=385 out_ir=483 skipped=9 (2%) notes=9
[2026-05-08T14:44:29Z INFO  vmp] lift fn_00232224 @ 0x232224  in=33 out_ir=42 skipped=3 (9%) notes=3
[2026-05-08T14:44:29Z INFO  vmp] lift fn_002322a8 @ 0x2322a8  in=19 out_ir=26 skipped=2 (10%) notes=2
[2026-05-08T14:44:29Z INFO  vmp] lift fn_002322f4 @ 0x2322f4  in=16 out_ir=21 skipped=1 (6%) notes=1
[2026-05-08T14:44:29Z INFO  vmp] lift fn_00232334 @ 0x232334  in=18 out_ir=23 skipped=2 (11%) notes=2
[2026-05-08T14:44:29Z INFO  vmp] lift fn_0023237c @ 0x23237c  in=113 out_ir=136 skipped=22 (19%) notes=22
[2026-05-08T14:44:29Z INFO  vmp] lift fn_00232540 @ 0x232540  in=480 out_ir=595 skipped=125 (26%) notes=125
[2026-05-08T14:44:29Z INFO  vmp] lift fn_00232cc0 @ 0x232cc0  in=240 out_ir=293 skipped=21 (8%) notes=21
[2026-05-08T14:44:29Z INFO  vmp] lift fn_00233080 @ 0x233080  in=282 out_ir=392 skipped=11 (3%) notes=11
[2026-05-08T14:44:29Z INFO  vmp] lift fn_002334e8 @ 0x2334e8  in=108 out_ir=120 skipped=0 (0%) notes=0
[2026-05-08T14:44:29Z INFO  vmp] lift fn_00233698 @ 0x233698  in=150 out_ir=185 skipped=3 (2%) notes=3
[2026-05-08T14:44:29Z INFO  vmp] lift fn_002338f0 @ 0x2338f0  in=148 out_ir=174 skipped=3 (2%) notes=3
[2026-05-08T14:44:29Z INFO  vmp] lift fn_00233b40 @ 0x233b40  in=170 out_ir=221 skipped=3 (1%) notes=3
[2026-05-08T14:44:29Z INFO  vmp] lift fn_00233de8 @ 0x233de8  in=72 out_ir=92 skipped=4 (5%) notes=4
[2026-05-08T14:44:29Z INFO  vmp] lift fn_00233f08 @ 0x233f08  in=56 out_ir=73 skipped=0 (0%) notes=0
[2026-05-08T14:44:29Z INFO  vmp] lift fn_00233fe8 @ 0x233fe8  in=12 out_ir=14 skipped=0 (0%) notes=0
[2026-05-08T14:44:29Z INFO  vmp] lift fn_00234018 @ 0x234018  in=27 out_ir=37 skipped=0 (0%) notes=0
[2026-05-08T14:44:29Z INFO  vmp] lift fn_00234084 @ 0x234084  in=24 out_ir=30 skipped=1 (4%) notes=1
[2026-05-08T14:44:29Z INFO  vmp] lift fn_002340e4 @ 0x2340e4  in=115 out_ir=131 skipped=14 (12%) notes=14
[2026-05-08T14:44:29Z INFO  vmp] lift fn_002342b0 @ 0x2342b0  in=109 out_ir=121 skipped=15 (13%) notes=15
[2026-05-08T14:44:29Z INFO  vmp] lift fn_00234464 @ 0x234464  in=60 out_ir=70 skipped=7 (11%) notes=7
[2026-05-08T14:44:29Z INFO  vmp] lift fn_00234554 @ 0x234554  in=66 out_ir=79 skipped=6 (9%) notes=6
[2026-05-08T14:44:29Z INFO  vmp] lift fn_0023465c @ 0x23465c  in=31 out_ir=38 skipped=6 (19%) notes=6
[2026-05-08T14:44:29Z INFO  vmp] lift fn_002346d8 @ 0x2346d8  in=13 out_ir=15 skipped=0 (0%) notes=0
[2026-05-08T14:44:29Z INFO  vmp] lift fn_0023470c @ 0x23470c  in=6 out_ir=8 skipped=0 (0%) notes=0
[2026-05-08T14:44:29Z INFO  vmp] lift fn_00234724 @ 0x234724  in=58 out_ir=69 skipped=6 (10%) notes=6
[2026-05-08T14:44:29Z INFO  vmp] lift fn_0023480c @ 0x23480c  in=253 out_ir=314 skipped=29 (11%) notes=29
[2026-05-08T14:44:29Z INFO  vmp] lift fn_00234c00 @ 0x234c00  in=71 out_ir=81 skipped=20 (28%) notes=20
[2026-05-08T14:44:29Z INFO  vmp] lift fn_00234d1c @ 0x234d1c  in=18 out_ir=21 skipped=0 (0%) notes=0
[2026-05-08T14:44:29Z INFO  vmp] lift fn_00234d64 @ 0x234d64  in=13 out_ir=18 skipped=0 (0%) notes=0
[2026-05-08T14:44:29Z INFO  vmp] lift fn_00234d98 @ 0x234d98  in=11 out_ir=16 skipped=0 (0%) notes=0
[2026-05-08T14:44:29Z INFO  vmp] lift fn_00234dc4 @ 0x234dc4  in=110 out_ir=136 skipped=17 (15%) notes=17
[2026-05-08T14:44:29Z INFO  vmp] lift fn_00234f7c @ 0x234f7c  in=39 out_ir=48 skipped=3 (7%) notes=3
[2026-05-08T14:44:29Z INFO  vmp] lift fn_00235018 @ 0x235018  in=117 out_ir=153 skipped=13 (11%) notes=13
[2026-05-08T14:44:29Z INFO  vmp] lift fn_002351ec @ 0x2351ec  in=122 out_ir=140 skipped=16 (13%) notes=16
[2026-05-08T14:44:29Z INFO  vmp] lift fn_002353d4 @ 0x2353d4  in=51 out_ir=61 skipped=10 (19%) notes=10
[2026-05-08T14:44:29Z INFO  vmp] lift fn_002354a0 @ 0x2354a0  in=67 out_ir=78 skipped=5 (7%) notes=5
[2026-05-08T14:44:29Z INFO  vmp] lift fn_002355ac @ 0x2355ac  in=1024 out_ir=1142 skipped=320 (31%) notes=320
[2026-05-08T14:44:29Z INFO  vmp] lift fn_002365ac @ 0x2365ac  in=16 out_ir=21 skipped=0 (0%) notes=0
[2026-05-08T14:44:29Z INFO  vmp] lift fn_002365ec @ 0x2365ec  in=18 out_ir=27 skipped=2 (11%) notes=2
[2026-05-08T14:44:29Z INFO  vmp] lift fn_00236634 @ 0x236634  in=28 out_ir=38 skipped=4 (14%) notes=4
[2026-05-08T14:44:29Z INFO  vmp] lift fn_002366a4 @ 0x2366a4  in=35 out_ir=49 skipped=7 (20%) notes=7
[2026-05-08T14:44:29Z INFO  vmp] lift fn_00236730 @ 0x236730  in=7 out_ir=9 skipped=0 (0%) notes=0
[2026-05-08T14:44:29Z INFO  vmp] lift fn_0023674c @ 0x23674c  in=9 out_ir=15 skipped=0 (0%) notes=0
[2026-05-08T14:44:29Z INFO  vmp] lift fn_00236770 @ 0x236770  in=22 out_ir=32 skipped=3 (13%) notes=3
[2026-05-08T14:44:29Z INFO  vmp] lift fn_002367c8 @ 0x2367c8  in=27 out_ir=41 skipped=4 (14%) notes=4
[2026-05-08T14:44:29Z INFO  vmp] lift fn_00236834 @ 0x236834  in=159 out_ir=187 skipped=0 (0%) notes=0
[2026-05-08T14:44:29Z INFO  vmp] lift fn_00236ab0 @ 0x236ab0  in=77 out_ir=94 skipped=0 (0%) notes=0
[2026-05-08T14:44:29Z INFO  vmp] lift fn_00236be4 @ 0x236be4  in=46 out_ir=58 skipped=0 (0%) notes=0
[2026-05-08T14:44:29Z INFO  vmp] lift fn_00236c9c @ 0x236c9c  in=30 out_ir=40 skipped=0 (0%) notes=0
[2026-05-08T14:44:29Z INFO  vmp] lift fn_00236d14 @ 0x236d14  in=24 out_ir=32 skipped=0 (0%) notes=0
[2026-05-08T14:44:29Z INFO  vmp] lift fn_00236d74 @ 0x236d74  in=31 out_ir=39 skipped=8 (25%) notes=8
[2026-05-08T14:44:29Z INFO  vmp] lift fn_00236df0 @ 0x236df0  in=25 out_ir=31 skipped=6 (24%) notes=6
[2026-05-08T14:44:29Z INFO  vmp] lift fn_00236e54 @ 0x236e54  in=13 out_ir=15 skipped=0 (0%) notes=0
[2026-05-08T14:44:29Z INFO  vmp] lift fn_00236e88 @ 0x236e88  in=13 out_ir=15 skipped=0 (0%) notes=0
[2026-05-08T14:44:29Z INFO  vmp] lift fn_00236ebc @ 0x236ebc  in=15 out_ir=22 skipped=0 (0%) notes=0
[2026-05-08T14:44:29Z INFO  vmp] lift fn_00236ef8 @ 0x236ef8  in=313 out_ir=406 skipped=90 (28%) notes=90
[2026-05-08T14:44:29Z INFO  vmp] lift fn_002373dc @ 0x2373dc  in=9 out_ir=11 skipped=0 (0%) notes=0
[2026-05-08T14:44:29Z INFO  vmp] lift fn_00237400 @ 0x237400  in=9 out_ir=11 skipped=0 (0%) notes=0
[2026-05-08T14:44:29Z INFO  vmp] lift fn_00237424 @ 0x237424  in=9 out_ir=11 skipped=0 (0%) notes=0
[2026-05-08T14:44:29Z INFO  vmp] lift fn_00237448 @ 0x237448  in=45 out_ir=58 skipped=7 (15%) notes=7
[2026-05-08T14:44:29Z INFO  vmp] lift fn_002374fc @ 0x2374fc  in=45 out_ir=58 skipped=7 (15%) notes=7
[2026-05-08T14:44:29Z INFO  vmp] lift fn_002375b0 @ 0x2375b0  in=45 out_ir=58 skipped=7 (15%) notes=7
[2026-05-08T14:44:29Z INFO  vmp] lift fn_00237664 @ 0x237664  in=66 out_ir=83 skipped=13 (19%) notes=13
[2026-05-08T14:44:29Z INFO  vmp] lift fn_0023776c @ 0x23776c  in=29 out_ir=35 skipped=0 (0%) notes=0
[2026-05-08T14:44:29Z INFO  vmp] lift fn_002377e0 @ 0x2377e0  in=11 out_ir=13 skipped=0 (0%) notes=0
[2026-05-08T14:44:29Z INFO  vmp] lift fn_0023780c @ 0x23780c  in=10 out_ir=12 skipped=0 (0%) notes=0
[2026-05-08T14:44:29Z INFO  vmp] lift fn_00237834 @ 0x237834  in=9 out_ir=11 skipped=0 (0%) notes=0
[2026-05-08T14:44:29Z INFO  vmp] lift fn_00237858 @ 0x237858  in=39 out_ir=55 skipped=0 (0%) notes=0
[2026-05-08T14:44:29Z INFO  vmp] lift fn_002378f4 @ 0x2378f4  in=72 out_ir=91 skipped=0 (0%) notes=0
[2026-05-08T14:44:29Z INFO  vmp] lift fn_00237a14 @ 0x237a14  in=9 out_ir=11 skipped=0 (0%) notes=0
[2026-05-08T14:44:29Z INFO  vmp] lift fn_00237a38 @ 0x237a38  in=9 out_ir=11 skipped=0 (0%) notes=0
[2026-05-08T14:44:29Z INFO  vmp] lift fn_00237a5c @ 0x237a5c  in=15 out_ir=20 skipped=0 (0%) notes=0
[2026-05-08T14:44:29Z INFO  vmp] lift fn_00237a98 @ 0x237a98  in=8 out_ir=10 skipped=0 (0%) notes=0
[2026-05-08T14:44:29Z INFO  vmp] lift fn_00237ab8 @ 0x237ab8  in=1 out_ir=1 skipped=0 (0%) notes=0
[2026-05-08T14:44:29Z INFO  vmp] lift fn_00237abc @ 0x237abc  in=6 out_ir=8 skipped=0 (0%) notes=0
[2026-05-08T14:44:29Z INFO  vmp] lift fn_00237ad4 @ 0x237ad4  in=14 out_ir=16 skipped=0 (0%) notes=0
[2026-05-08T14:44:29Z INFO  vmp] lift fn_00237b0c @ 0x237b0c  in=9 out_ir=11 skipped=0 (0%) notes=0
[2026-05-08T14:44:29Z INFO  vmp] lift fn_00237b30 @ 0x237b30  in=39 out_ir=50 skipped=0 (0%) notes=0
[2026-05-08T14:44:29Z INFO  vmp] lift fn_00237bcc @ 0x237bcc  in=74 out_ir=104 skipped=3 (4%) notes=3
[2026-05-08T14:44:29Z INFO  vmp] lift fn_00237cf4 @ 0x237cf4  in=87 out_ir=114 skipped=16 (18%) notes=16
[2026-05-08T14:44:29Z INFO  vmp] lift fn_00237e50 @ 0x237e50  in=94 out_ir=111 skipped=22 (23%) notes=22
[2026-05-08T14:44:29Z INFO  vmp] lift fn_00237fc8 @ 0x237fc8  in=50 out_ir=58 skipped=0 (0%) notes=0
[2026-05-08T14:44:29Z INFO  vmp] lift fn_00238090 @ 0x238090  in=174 out_ir=207 skipped=35 (20%) notes=35
[2026-05-08T14:44:29Z INFO  vmp] lift fn_00238348 @ 0x238348  in=135 out_ir=162 skipped=24 (17%) notes=24
[2026-05-08T14:44:29Z INFO  vmp] lift fn_00238564 @ 0x238564  in=141 out_ir=171 skipped=23 (16%) notes=23
[2026-05-08T14:44:29Z INFO  vmp] lift fn_00238798 @ 0x238798  in=54 out_ir=70 skipped=0 (0%) notes=0
[2026-05-08T14:44:29Z INFO  vmp] lift fn_00238870 @ 0x238870  in=72 out_ir=88 skipped=22 (30%) notes=22
[2026-05-08T14:44:29Z INFO  vmp] lift fn_00238990 @ 0x238990  in=216 out_ir=272 skipped=4 (1%) notes=4
[2026-05-08T14:44:29Z INFO  vmp] lift fn_00238cf0 @ 0x238cf0  in=92 out_ir=118 skipped=3 (3%) notes=3
[2026-05-08T14:44:29Z INFO  vmp] lift fn_00238e60 @ 0x238e60  in=122 out_ir=153 skipped=4 (3%) notes=4
[2026-05-08T14:44:29Z INFO  vmp] lift fn_00239048 @ 0x239048  in=103 out_ir=130 skipped=4 (3%) notes=4
[2026-05-08T14:44:29Z INFO  vmp] lift fn_002391e4 @ 0x2391e4  in=162 out_ir=204 skipped=33 (20%) notes=33
[2026-05-08T14:44:29Z INFO  vmp] lift fn_0023946c @ 0x23946c  in=397 out_ir=496 skipped=105 (26%) notes=105
[2026-05-08T14:44:29Z INFO  vmp] lift fn_00239aa0 @ 0x239aa0  in=124 out_ir=154 skipped=34 (27%) notes=34
[2026-05-08T14:44:29Z INFO  vmp] lift fn_00239c90 @ 0x239c90  in=119 out_ir=157 skipped=32 (26%) notes=32
[2026-05-08T14:44:29Z INFO  vmp] lift fn_00239e6c @ 0x239e6c  in=11 out_ir=13 skipped=0 (0%) notes=0
[2026-05-08T14:44:29Z INFO  vmp] lift fn_00239e98 @ 0x239e98  in=145 out_ir=177 skipped=42 (28%) notes=42
[2026-05-08T14:44:29Z INFO  vmp] lift fn_0023a0dc @ 0x23a0dc  in=58 out_ir=77 skipped=0 (0%) notes=0
[2026-05-08T14:44:29Z INFO  vmp] lift fn_0023a1c4 @ 0x23a1c4  in=61 out_ir=81 skipped=9 (14%) notes=9
[2026-05-08T14:44:29Z INFO  vmp] lift fn_0023a2b8 @ 0x23a2b8  in=100 out_ir=118 skipped=7 (7%) notes=7
[2026-05-08T14:44:29Z INFO  vmp] lift fn_0023a448 @ 0x23a448  in=34 out_ir=42 skipped=0 (0%) notes=0
[2026-05-08T14:44:29Z INFO  vmp] lift fn_0023a4d0 @ 0x23a4d0  in=35 out_ir=42 skipped=5 (14%) notes=5
[2026-05-08T14:44:29Z INFO  vmp] lift fn_0023a55c @ 0x23a55c  in=38 out_ir=45 skipped=5 (13%) notes=5
[2026-05-08T14:44:29Z INFO  vmp] lift fn_0023a5f4 @ 0x23a5f4  in=67 out_ir=86 skipped=12 (17%) notes=12
[2026-05-08T14:44:29Z INFO  vmp] lift fn_0023a700 @ 0x23a700  in=65 out_ir=80 skipped=15 (23%) notes=15
[2026-05-08T14:44:29Z INFO  vmp] lift fn_0023a804 @ 0x23a804  in=176 out_ir=219 skipped=43 (24%) notes=43
[2026-05-08T14:44:29Z INFO  vmp] lift fn_0023aac4 @ 0x23aac4  in=14 out_ir=19 skipped=0 (0%) notes=0
[2026-05-08T14:44:29Z INFO  vmp] lift fn_0023aafc @ 0x23aafc  in=27 out_ir=34 skipped=0 (0%) notes=0
[2026-05-08T14:44:29Z INFO  vmp] lift fn_0023ab68 @ 0x23ab68  in=7 out_ir=9 skipped=0 (0%) notes=0
[2026-05-08T14:44:29Z INFO  vmp] lift fn_0023ab84 @ 0x23ab84  in=6 out_ir=8 skipped=0 (0%) notes=0
[2026-05-08T14:44:29Z INFO  vmp] lift fn_0023ab9c @ 0x23ab9c  in=7 out_ir=9 skipped=0 (0%) notes=0
[2026-05-08T14:44:29Z INFO  vmp] lift fn_0023abb8 @ 0x23abb8  in=14 out_ir=18 skipped=1 (7%) notes=1
[2026-05-08T14:44:29Z INFO  vmp] lift fn_0023abf0 @ 0x23abf0  in=14 out_ir=18 skipped=1 (7%) notes=1
[2026-05-08T14:44:29Z INFO  vmp] lift fn_0023ac28 @ 0x23ac28  in=14 out_ir=18 skipped=1 (7%) notes=1
[2026-05-08T14:44:29Z INFO  vmp] lift fn_0023ac60 @ 0x23ac60  in=14 out_ir=18 skipped=1 (7%) notes=1
[2026-05-08T14:44:29Z INFO  vmp] lift fn_0023ac98 @ 0x23ac98  in=14 out_ir=18 skipped=1 (7%) notes=1
[2026-05-08T14:44:29Z INFO  vmp] lift fn_0023acd0 @ 0x23acd0  in=14 out_ir=18 skipped=1 (7%) notes=1
[2026-05-08T14:44:29Z INFO  vmp] lift fn_0023ad08 @ 0x23ad08  in=22 out_ir=31 skipped=1 (4%) notes=1
[2026-05-08T14:44:29Z INFO  vmp] lift fn_0023ad60 @ 0x23ad60  in=21 out_ir=29 skipped=1 (4%) notes=1
[2026-05-08T14:44:29Z INFO  vmp] lift fn_0023adb4 @ 0x23adb4  in=63 out_ir=90 skipped=6 (9%) notes=6
[2026-05-08T14:44:29Z INFO  vmp] lift fn_0023aeb0 @ 0x23aeb0  in=1 out_ir=1 skipped=0 (0%) notes=0
[2026-05-08T14:44:29Z INFO  vmp] lift fn_0023aeb4 @ 0x23aeb4  in=20 out_ir=26 skipped=1 (5%) notes=1
[2026-05-08T14:44:29Z INFO  vmp] lift fn_0023af04 @ 0x23af04  in=20 out_ir=26 skipped=1 (5%) notes=1
[2026-05-08T14:44:29Z INFO  vmp] lift fn_0023af54 @ 0x23af54  in=12 out_ir=17 skipped=1 (8%) notes=1
[2026-05-08T14:44:29Z INFO  vmp] lift fn_0023af84 @ 0x23af84  in=194 out_ir=249 skipped=40 (20%) notes=40
[2026-05-08T14:44:29Z INFO  vmp] lift fn_0023b28c @ 0x23b28c  in=9 out_ir=11 skipped=0 (0%) notes=0
[2026-05-08T14:44:29Z INFO  vmp] lift fn_0023b2b0 @ 0x23b2b0  in=19 out_ir=23 skipped=0 (0%) notes=0
[2026-05-08T14:44:29Z INFO  vmp] lift fn_0023b2fc @ 0x23b2fc  in=11 out_ir=13 skipped=0 (0%) notes=0
[2026-05-08T14:44:29Z INFO  vmp] lift fn_0023b328 @ 0x23b328  in=11 out_ir=14 skipped=0 (0%) notes=0
[2026-05-08T14:44:29Z INFO  vmp] lift fn_0023b354 @ 0x23b354  in=25 out_ir=31 skipped=0 (0%) notes=0
[2026-05-08T14:44:29Z INFO  vmp] lift fn_0023b3b8 @ 0x23b3b8  in=15 out_ir=20 skipped=0 (0%) notes=0
[2026-05-08T14:44:29Z INFO  vmp] lift fn_0023b3f4 @ 0x23b3f4  in=15 out_ir=20 skipped=0 (0%) notes=0
[2026-05-08T14:44:29Z INFO  vmp] lift fn_0023b430 @ 0x23b430  in=10 out_ir=13 skipped=0 (0%) notes=0
[2026-05-08T14:44:29Z INFO  vmp] lift fn_0023b458 @ 0x23b458  in=9 out_ir=12 skipped=0 (0%) notes=0
[2026-05-08T14:44:29Z INFO  vmp] lift fn_0023b47c @ 0x23b47c  in=10 out_ir=14 skipped=0 (0%) notes=0
[2026-05-08T14:44:29Z INFO  vmp] lift fn_0023b4a4 @ 0x23b4a4  in=19 out_ir=25 skipped=0 (0%) notes=0
[2026-05-08T14:44:29Z INFO  vmp] lift fn_0023b4f0 @ 0x23b4f0  in=17 out_ir=23 skipped=0 (0%) notes=0
[2026-05-08T14:44:29Z INFO  vmp] lift fn_0023b534 @ 0x23b534  in=37 out_ir=48 skipped=5 (13%) notes=5
[2026-05-08T14:44:29Z INFO  vmp] lift fn_0023b5c8 @ 0x23b5c8  in=149 out_ir=191 skipped=25 (16%) notes=25
[2026-05-08T14:44:29Z INFO  vmp] lift fn_0023b81c @ 0x23b81c  in=20 out_ir=25 skipped=0 (0%) notes=0
[2026-05-08T14:44:29Z INFO  vmp] lift fn_0023b86c @ 0x23b86c  in=20 out_ir=25 skipped=0 (0%) notes=0
[2026-05-08T14:44:29Z INFO  vmp] lift fn_0023b8bc @ 0x23b8bc  in=16 out_ir=22 skipped=0 (0%) notes=0
[2026-05-08T14:44:29Z INFO  vmp] lift fn_0023b8fc @ 0x23b8fc  in=16 out_ir=22 skipped=0 (0%) notes=0
[2026-05-08T14:44:29Z INFO  vmp] lift fn_0023b93c @ 0x23b93c  in=11 out_ir=13 skipped=0 (0%) notes=0
[2026-05-08T14:44:29Z INFO  vmp] lift fn_0023b968 @ 0x23b968  in=11 out_ir=13 skipped=0 (0%) notes=0
[2026-05-08T14:44:29Z INFO  vmp] lift fn_0023b994 @ 0x23b994  in=11 out_ir=13 skipped=0 (0%) notes=0
[2026-05-08T14:44:29Z INFO  vmp] lift fn_0023b9c0 @ 0x23b9c0  in=1 out_ir=1 skipped=0 (0%) notes=0
[2026-05-08T14:44:29Z INFO  vmp] lift fn_0023b9c4 @ 0x23b9c4  in=1 out_ir=1 skipped=0 (0%) notes=0
[2026-05-08T14:44:29Z INFO  vmp] lift fn_0023b9c8 @ 0x23b9c8  in=93 out_ir=115 skipped=0 (0%) notes=0
[2026-05-08T14:44:29Z INFO  vmp] lift fn_0023bb3c @ 0x23bb3c  in=72 out_ir=85 skipped=0 (0%) notes=0
[2026-05-08T14:44:29Z INFO  vmp] lift fn_0023bc5c @ 0x23bc5c  in=72 out_ir=85 skipped=0 (0%) notes=0
[2026-05-08T14:44:29Z INFO  vmp] lift fn_0023bd7c @ 0x23bd7c  in=96 out_ir=119 skipped=0 (0%) notes=0
[2026-05-08T14:44:29Z INFO  vmp] lift fn_0023befc @ 0x23befc  in=139 out_ir=171 skipped=26 (18%) notes=26
[2026-05-08T14:44:29Z INFO  vmp] lift fn_0023c128 @ 0x23c128  in=134 out_ir=175 skipped=0 (0%) notes=0
[2026-05-08T14:44:29Z INFO  vmp] lift fn_0023c340 @ 0x23c340  in=149 out_ir=180 skipped=23 (15%) notes=23
[2026-05-08T14:44:29Z INFO  vmp] lift fn_0023c594 @ 0x23c594  in=22 out_ir=24 skipped=0 (0%) notes=0
[2026-05-08T14:44:29Z INFO  vmp] lift fn_0023c5ec @ 0x23c5ec  in=16 out_ir=19 skipped=0 (0%) notes=0
[2026-05-08T14:44:29Z INFO  vmp] lift fn_0023c62c @ 0x23c62c  in=16 out_ir=19 skipped=0 (0%) notes=0
[2026-05-08T14:44:29Z INFO  vmp] lift fn_0023c66c @ 0x23c66c  in=15 out_ir=20 skipped=0 (0%) notes=0
[2026-05-08T14:44:29Z INFO  vmp] lift fn_0023c6a8 @ 0x23c6a8  in=109 out_ir=140 skipped=3 (2%) notes=3
[2026-05-08T14:44:29Z INFO  vmp] lift fn_0023c85c @ 0x23c85c  in=70 out_ir=93 skipped=0 (0%) notes=0
[2026-05-08T14:44:29Z INFO  vmp] lift fn_0023c974 @ 0x23c974  in=7 out_ir=9 skipped=0 (0%) notes=0
[2026-05-08T14:44:29Z INFO  vmp] lift fn_0023c990 @ 0x23c990  in=326 out_ir=413 skipped=90 (27%) notes=90
[2026-05-08T14:44:29Z INFO  vmp] lift fn_0023cea8 @ 0x23cea8  in=286 out_ir=351 skipped=75 (26%) notes=75
[2026-05-08T14:44:29Z INFO  vmp] lift fn_0023d320 @ 0x23d320  in=53 out_ir=73 skipped=7 (13%) notes=7
[2026-05-08T14:44:29Z INFO  vmp] lift fn_0023d3f4 @ 0x23d3f4  in=48 out_ir=66 skipped=0 (0%) notes=0
[2026-05-08T14:44:29Z INFO  vmp] lift fn_0023d4b4 @ 0x23d4b4  in=65 out_ir=78 skipped=0 (0%) notes=0
[2026-05-08T14:44:29Z INFO  vmp] lift fn_0023d5b8 @ 0x23d5b8  in=14 out_ir=19 skipped=2 (14%) notes=2
[2026-05-08T14:44:29Z INFO  vmp] lift fn_0023d5f0 @ 0x23d5f0  in=120 out_ir=153 skipped=6 (5%) notes=6
[2026-05-08T14:44:29Z INFO  vmp] lift fn_0023d7d0 @ 0x23d7d0  in=817 out_ir=967 skipped=35 (4%) notes=35
[2026-05-08T14:44:29Z INFO  vmp] lift fn_0023e494 @ 0x23e494  in=281 out_ir=326 skipped=46 (16%) notes=46
[2026-05-08T14:44:29Z INFO  vmp] lift fn_0023e8f8 @ 0x23e8f8  in=120 out_ir=153 skipped=6 (5%) notes=6
[2026-05-08T14:44:29Z INFO  vmp] lift fn_0023ead8 @ 0x23ead8  in=126 out_ir=144 skipped=27 (21%) notes=27
[2026-05-08T14:44:29Z INFO  vmp] lift fn_0023ecd0 @ 0x23ecd0  in=29 out_ir=36 skipped=2 (6%) notes=2
[2026-05-08T14:44:29Z INFO  vmp] lift fn_0023ed44 @ 0x23ed44  in=20 out_ir=25 skipped=2 (10%) notes=2
[2026-05-08T14:44:29Z INFO  vmp] lift fn_0023ed94 @ 0x23ed94  in=254 out_ir=316 skipped=30 (11%) notes=30
[2026-05-08T14:44:29Z INFO  vmp] lift fn_0023f18c @ 0x23f18c  in=530 out_ir=663 skipped=77 (14%) notes=77
[2026-05-08T14:44:29Z INFO  vmp] lift fn_0023f9d4 @ 0x23f9d4  in=395 out_ir=489 skipped=8 (2%) notes=8
[2026-05-08T14:44:29Z INFO  vmp] lift fn_00240000 @ 0x240000  in=105 out_ir=132 skipped=1 (0%) notes=1
[2026-05-08T14:44:29Z INFO  vmp] lift fn_002401a4 @ 0x2401a4  in=27 out_ir=32 skipped=1 (3%) notes=1
[2026-05-08T14:44:29Z INFO  vmp] lift fn_00240210 @ 0x240210  in=71 out_ir=81 skipped=0 (0%) notes=0
[2026-05-08T14:44:29Z INFO  vmp] lift fn_0024032c @ 0x24032c  in=216 out_ir=238 skipped=10 (4%) notes=10
[2026-05-08T14:44:29Z INFO  vmp] lift fn_0024068c @ 0x24068c  in=412 out_ir=497 skipped=40 (9%) notes=40
[2026-05-08T14:44:29Z INFO  vmp] lift fn_00240cfc @ 0x240cfc  in=409 out_ir=527 skipped=52 (12%) notes=52
[2026-05-08T14:44:29Z INFO  vmp] lift fn_00241360 @ 0x241360  in=242 out_ir=349 skipped=23 (9%) notes=23
[2026-05-08T14:44:29Z INFO  vmp] lift fn_00241728 @ 0x241728  in=114 out_ir=136 skipped=18 (15%) notes=18
[2026-05-08T14:44:29Z INFO  vmp] lift fn_002418f0 @ 0x2418f0  in=629 out_ir=774 skipped=116 (18%) notes=116
[2026-05-08T14:44:29Z INFO  vmp] lift fn_002422c4 @ 0x2422c4  in=215 out_ir=262 skipped=17 (7%) notes=17
[2026-05-08T14:44:29Z INFO  vmp] lift fn_00242620 @ 0x242620  in=153 out_ir=237 skipped=11 (7%) notes=11
[2026-05-08T14:44:29Z INFO  vmp] lift fn_00242884 @ 0x242884  in=202 out_ir=253 skipped=17 (8%) notes=17
[2026-05-08T14:44:29Z INFO  vmp] lift fn_00242bac @ 0x242bac  in=14 out_ir=16 skipped=0 (0%) notes=0
[2026-05-08T14:44:29Z INFO  vmp] lift fn_00242be4 @ 0x242be4  in=290 out_ir=351 skipped=45 (15%) notes=45
[2026-05-08T14:44:29Z INFO  vmp] lift fn_0024306c @ 0x24306c  in=413 out_ir=532 skipped=73 (17%) notes=73
[2026-05-08T14:44:29Z INFO  vmp] lift fn_002436e0 @ 0x2436e0  in=289 out_ir=344 skipped=47 (16%) notes=47
[2026-05-08T14:44:29Z INFO  vmp] lift fn_00243b64 @ 0x243b64  in=518 out_ir=759 skipped=0 (0%) notes=0
[2026-05-08T14:44:29Z INFO  vmp] lift fn_0024437c @ 0x24437c  in=14 out_ir=19 skipped=2 (14%) notes=2
[2026-05-08T14:44:29Z INFO  vmp] lift fn_002443b4 @ 0x2443b4  in=14 out_ir=19 skipped=2 (14%) notes=2
[2026-05-08T14:44:29Z INFO  vmp] lift fn_002443ec @ 0x2443ec  in=174 out_ir=209 skipped=41 (23%) notes=41
[2026-05-08T14:44:29Z INFO  vmp] lift fn_002446a4 @ 0x2446a4  in=73 out_ir=92 skipped=2 (2%) notes=2
[2026-05-08T14:44:29Z INFO  vmp] lift fn_002447c8 @ 0x2447c8  in=129 out_ir=154 skipped=20 (15%) notes=20
[2026-05-08T14:44:29Z INFO  vmp] lift fn_002449cc @ 0x2449cc  in=202 out_ir=240 skipped=33 (16%) notes=33
[2026-05-08T14:44:29Z INFO  vmp] lift fn_00244cf4 @ 0x244cf4  in=18 out_ir=23 skipped=1 (5%) notes=1
[2026-05-08T14:44:29Z INFO  vmp] lift fn_00244d3c @ 0x244d3c  in=197 out_ir=231 skipped=12 (6%) notes=12
[2026-05-08T14:44:29Z INFO  vmp] lift fn_00245050 @ 0x245050  in=70 out_ir=84 skipped=6 (8%) notes=6
[2026-05-08T14:44:29Z INFO  vmp] lift fn_00245168 @ 0x245168  in=35 out_ir=42 skipped=3 (8%) notes=3
[2026-05-08T14:44:29Z INFO  vmp] lift fn_002451f4 @ 0x2451f4  in=560 out_ir=674 skipped=7 (1%) notes=7
[2026-05-08T14:44:29Z INFO  vmp] lift fn_00245ab4 @ 0x245ab4  in=109 out_ir=131 skipped=16 (14%) notes=16
[2026-05-08T14:44:29Z INFO  vmp] lift fn_00245c68 @ 0x245c68  in=23 out_ir=28 skipped=3 (13%) notes=3
[2026-05-08T14:44:29Z INFO  vmp] lift fn_00245cc4 @ 0x245cc4  in=102 out_ir=123 skipped=19 (18%) notes=19
[2026-05-08T14:44:29Z INFO  vmp] lift fn_00245e5c @ 0x245e5c  in=375 out_ir=459 skipped=63 (16%) notes=63
[2026-05-08T14:44:29Z INFO  vmp] lift fn_00246438 @ 0x246438  in=1021 out_ir=1178 skipped=60 (5%) notes=60
[2026-05-08T14:44:29Z INFO  vmp] lift fn_0024742c @ 0x24742c  in=15 out_ir=21 skipped=0 (0%) notes=0
[2026-05-08T14:44:29Z INFO  vmp] lift fn_00247468 @ 0x247468  in=248 out_ir=310 skipped=12 (4%) notes=12
[2026-05-08T14:44:29Z INFO  vmp] lift fn_00247848 @ 0x247848  in=100 out_ir=130 skipped=16 (16%) notes=16
[2026-05-08T14:44:29Z INFO  vmp] lift fn_002479d8 @ 0x2479d8  in=275 out_ir=302 skipped=88 (32%) notes=88
[2026-05-08T14:44:29Z INFO  vmp] lift fn_00247e24 @ 0x247e24  in=142 out_ir=164 skipped=12 (8%) notes=12
[2026-05-08T14:44:29Z INFO  vmp] lift fn_0024805c @ 0x24805c  in=258 out_ir=283 skipped=63 (24%) notes=63
[2026-05-08T14:44:29Z INFO  vmp] lift fn_00248464 @ 0x248464  in=76 out_ir=81 skipped=0 (0%) notes=0
[2026-05-08T14:44:29Z INFO  vmp] lift fn_00248594 @ 0x248594  in=64 out_ir=70 skipped=0 (0%) notes=0
[2026-05-08T14:44:29Z INFO  vmp] lift fn_00248694 @ 0x248694  in=119 out_ir=135 skipped=12 (10%) notes=12
[2026-05-08T14:44:29Z INFO  vmp] lift fn_00248870 @ 0x248870  in=111 out_ir=122 skipped=7 (6%) notes=7
[2026-05-08T14:44:29Z INFO  vmp] lift fn_00248a2c @ 0x248a2c  in=81 out_ir=88 skipped=2 (2%) notes=2
[2026-05-08T14:44:29Z INFO  vmp] lift fn_00248b70 @ 0x248b70  in=25 out_ir=40 skipped=0 (0%) notes=0
[2026-05-08T14:44:29Z INFO  vmp] lift fn_00248bd4 @ 0x248bd4  in=22 out_ir=37 skipped=0 (0%) notes=0
[2026-05-08T14:44:29Z INFO  vmp] lift fn_00248c2c @ 0x248c2c  in=32 out_ir=39 skipped=0 (0%) notes=0
[2026-05-08T14:44:29Z INFO  vmp] lift fn_00248cac @ 0x248cac  in=40 out_ir=47 skipped=2 (5%) notes=2
[2026-05-08T14:44:29Z INFO  vmp] lift fn_00248d4c @ 0x248d4c  in=88 out_ir=101 skipped=21 (23%) notes=21
[2026-05-08T14:44:29Z INFO  vmp] lift fn_00248eac @ 0x248eac  in=91 out_ir=102 skipped=3 (3%) notes=3
[2026-05-08T14:44:29Z INFO  vmp] lift fn_00249018 @ 0x249018  in=79 out_ir=92 skipped=2 (2%) notes=2
[2026-05-08T14:44:29Z INFO  vmp] lift fn_00249154 @ 0x249154  in=1046 out_ir=1419 skipped=255 (24%) notes=255
[2026-05-08T14:44:29Z INFO  vmp] lift fn_0024a1ac @ 0x24a1ac  in=337 out_ir=403 skipped=90 (26%) notes=90
[2026-05-08T14:44:29Z INFO  vmp] lift fn_0024a6f0 @ 0x24a6f0  in=34 out_ir=41 skipped=0 (0%) notes=0
[2026-05-08T14:44:29Z INFO  vmp] lift fn_0024a778 @ 0x24a778  in=216 out_ir=259 skipped=34 (15%) notes=34
[2026-05-08T14:44:29Z INFO  vmp] lift fn_0024aad8 @ 0x24aad8  in=218 out_ir=257 skipped=35 (16%) notes=35
[2026-05-08T14:44:29Z INFO  vmp] lift fn_0024ae40 @ 0x24ae40  in=133 out_ir=165 skipped=12 (9%) notes=12
[2026-05-08T14:44:29Z INFO  vmp] lift fn_0024b054 @ 0x24b054  in=168 out_ir=218 skipped=43 (25%) notes=43
[2026-05-08T14:44:29Z INFO  vmp] lift fn_0024b2f4 @ 0x24b2f4  in=90 out_ir=119 skipped=0 (0%) notes=0
[2026-05-08T14:44:29Z INFO  vmp] lift fn_0024b45c @ 0x24b45c  in=58 out_ir=75 skipped=0 (0%) notes=0
[2026-05-08T14:44:29Z INFO  vmp] lift fn_0024b544 @ 0x24b544  in=253 out_ir=338 skipped=17 (6%) notes=17
[2026-05-08T14:44:29Z INFO  vmp] lift fn_0024b938 @ 0x24b938  in=69 out_ir=84 skipped=0 (0%) notes=0
[2026-05-08T14:44:29Z INFO  vmp] lift fn_0024ba4c @ 0x24ba4c  in=123 out_ir=141 skipped=17 (13%) notes=17
[2026-05-08T14:44:29Z INFO  vmp] lift fn_0024bc38 @ 0x24bc38  in=59 out_ir=79 skipped=0 (0%) notes=0
[2026-05-08T14:44:29Z INFO  vmp] lift fn_0024bd24 @ 0x24bd24  in=57 out_ir=69 skipped=13 (22%) notes=13
[2026-05-08T14:44:29Z INFO  vmp] lift fn_0024be08 @ 0x24be08  in=76 out_ir=97 skipped=0 (0%) notes=0
[2026-05-08T14:44:29Z INFO  vmp] lift fn_0024bf38 @ 0x24bf38  in=71 out_ir=83 skipped=6 (8%) notes=6
[2026-05-08T14:44:29Z INFO  vmp] lift fn_0024c054 @ 0x24c054  in=11 out_ir=13 skipped=0 (0%) notes=0
[2026-05-08T14:44:29Z INFO  vmp] lift fn_0024c080 @ 0x24c080  in=11 out_ir=13 skipped=0 (0%) notes=0
[2026-05-08T14:44:29Z INFO  vmp] lift fn_0024c0ac @ 0x24c0ac  in=20 out_ir=27 skipped=2 (10%) notes=2
[2026-05-08T14:44:29Z INFO  vmp] lift fn_0024c0fc @ 0x24c0fc  in=20 out_ir=27 skipped=2 (10%) notes=2
[2026-05-08T14:44:29Z INFO  vmp] lift fn_0024c14c @ 0x24c14c  in=133 out_ir=168 skipped=28 (21%) notes=28
[2026-05-08T14:44:29Z INFO  vmp] lift fn_0024c360 @ 0x24c360  in=60 out_ir=77 skipped=12 (20%) notes=12
[2026-05-08T14:44:29Z INFO  vmp] lift fn_0024c450 @ 0x24c450  in=59 out_ir=79 skipped=0 (0%) notes=0
[2026-05-08T14:44:29Z INFO  vmp] lift fn_0024c53c @ 0x24c53c  in=21 out_ir=29 skipped=0 (0%) notes=0
[2026-05-08T14:44:29Z INFO  vmp] lift fn_0024c590 @ 0x24c590  in=48 out_ir=60 skipped=0 (0%) notes=0
[2026-05-08T14:44:29Z INFO  vmp] lift fn_0024c650 @ 0x24c650  in=21 out_ir=27 skipped=0 (0%) notes=0
[2026-05-08T14:44:29Z INFO  vmp] lift fn_0024c6a4 @ 0x24c6a4  in=93 out_ir=119 skipped=5 (5%) notes=5
[2026-05-08T14:44:29Z INFO  vmp] lift fn_0024c818 @ 0x24c818  in=36 out_ir=50 skipped=0 (0%) notes=0
[2026-05-08T14:44:29Z INFO  vmp] lift fn_0024c8a8 @ 0x24c8a8  in=42 out_ir=61 skipped=0 (0%) notes=0
[2026-05-08T14:44:29Z INFO  vmp] lift fn_0024c950 @ 0x24c950  in=42 out_ir=61 skipped=0 (0%) notes=0
[2026-05-08T14:44:29Z INFO  vmp] lift fn_0024c9f8 @ 0x24c9f8  in=40 out_ir=57 skipped=0 (0%) notes=0
[2026-05-08T14:44:29Z INFO  vmp] lift fn_0024ca98 @ 0x24ca98  in=44 out_ir=63 skipped=0 (0%) notes=0
[2026-05-08T14:44:29Z INFO  vmp] lift fn_0024cb48 @ 0x24cb48  in=42 out_ir=61 skipped=0 (0%) notes=0
[2026-05-08T14:44:29Z INFO  vmp] lift fn_0024cbf0 @ 0x24cbf0  in=75 out_ir=96 skipped=0 (0%) notes=0
[2026-05-08T14:44:29Z INFO  vmp] lift fn_0024cd1c @ 0x24cd1c  in=76 out_ir=96 skipped=0 (0%) notes=0
[2026-05-08T14:44:29Z INFO  vmp] lift fn_0024ce4c @ 0x24ce4c  in=87 out_ir=106 skipped=13 (14%) notes=13
[2026-05-08T14:44:29Z INFO  vmp] lift fn_0024cfa8 @ 0x24cfa8  in=58 out_ir=75 skipped=6 (10%) notes=6
[2026-05-08T14:44:29Z INFO  vmp] lift fn_0024d090 @ 0x24d090  in=81 out_ir=97 skipped=0 (0%) notes=0
[2026-05-08T14:44:29Z INFO  vmp] lift fn_0024d1d4 @ 0x24d1d4  in=230 out_ir=288 skipped=58 (25%) notes=58
[2026-05-08T14:44:29Z INFO  vmp] lift fn_0024d56c @ 0x24d56c  in=74 out_ir=101 skipped=0 (0%) notes=0
[2026-05-08T14:44:29Z INFO  vmp] lift fn_0024d694 @ 0x24d694  in=118 out_ir=131 skipped=27 (22%) notes=27
[2026-05-08T14:44:29Z INFO  vmp] lift fn_0024d86c @ 0x24d86c  in=96 out_ir=122 skipped=0 (0%) notes=0
[2026-05-08T14:44:29Z INFO  vmp] lift fn_0024d9ec @ 0x24d9ec  in=21 out_ir=34 skipped=0 (0%) notes=0
[2026-05-08T14:44:29Z INFO  vmp] lift fn_0024da40 @ 0x24da40  in=124 out_ir=161 skipped=1 (0%) notes=1
[2026-05-08T14:44:29Z INFO  vmp] lift fn_0024dc30 @ 0x24dc30  in=40 out_ir=51 skipped=1 (2%) notes=1
[2026-05-08T14:44:29Z INFO  vmp] lift fn_0024dcd0 @ 0x24dcd0  in=185 out_ir=221 skipped=26 (14%) notes=26
[2026-05-08T14:44:29Z INFO  vmp] lift fn_0024dfb4 @ 0x24dfb4  in=226 out_ir=270 skipped=42 (18%) notes=42
[2026-05-08T14:44:29Z INFO  vmp] lift fn_0024e33c @ 0x24e33c  in=61 out_ir=74 skipped=5 (8%) notes=5
[2026-05-08T14:44:29Z INFO  vmp] lift fn_0024e430 @ 0x24e430  in=61 out_ir=74 skipped=5 (8%) notes=5
[2026-05-08T14:44:29Z INFO  vmp] lift fn_0024e524 @ 0x24e524  in=94 out_ir=117 skipped=9 (9%) notes=9
[2026-05-08T14:44:29Z INFO  vmp] lift fn_0024e69c @ 0x24e69c  in=24 out_ir=26 skipped=0 (0%) notes=0
[2026-05-08T14:44:29Z INFO  vmp] lift fn_0024e6fc @ 0x24e6fc  in=37 out_ir=48 skipped=1 (2%) notes=1
[2026-05-08T14:44:29Z INFO  vmp] lift fn_0024e790 @ 0x24e790  in=244 out_ir=367 skipped=3 (1%) notes=3
[2026-05-08T14:44:29Z INFO  vmp] lift fn_0024eb60 @ 0x24eb60  in=60 out_ir=89 skipped=0 (0%) notes=0
[2026-05-08T14:44:29Z INFO  vmp] lift fn_0024ec50 @ 0x24ec50  in=42 out_ir=54 skipped=1 (2%) notes=1
[2026-05-08T14:44:29Z INFO  vmp] lift fn_0024ecf8 @ 0x24ecf8  in=78 out_ir=97 skipped=8 (10%) notes=8
[2026-05-08T14:44:29Z INFO  vmp] lift fn_0024ee30 @ 0x24ee30  in=12 out_ir=15 skipped=0 (0%) notes=0
[2026-05-08T14:44:29Z INFO  vmp] lift fn_0024ee60 @ 0x24ee60  in=42 out_ir=49 skipped=5 (11%) notes=5
[2026-05-08T14:44:29Z INFO  vmp] lift fn_0024ef08 @ 0x24ef08  in=94 out_ir=116 skipped=10 (10%) notes=10
[2026-05-08T14:44:29Z INFO  vmp] lift fn_0024f080 @ 0x24f080  in=544 out_ir=645 skipped=41 (7%) notes=41
[2026-05-08T14:44:29Z INFO  vmp] lift fn_0024f900 @ 0x24f900  in=372 out_ir=470 skipped=89 (23%) notes=89
[2026-05-08T14:44:29Z INFO  vmp] lift fn_0024fed0 @ 0x24fed0  in=12 out_ir=17 skipped=0 (0%) notes=0
[2026-05-08T14:44:29Z INFO  vmp] lift fn_0024ff00 @ 0x24ff00  in=16 out_ir=22 skipped=0 (0%) notes=0
[2026-05-08T14:44:29Z INFO  vmp] lift fn_0024ff40 @ 0x24ff40  in=25 out_ir=31 skipped=4 (16%) notes=4
[2026-05-08T14:44:29Z INFO  vmp] lift fn_0024ffa4 @ 0x24ffa4  in=83 out_ir=98 skipped=3 (3%) notes=3
[2026-05-08T14:44:29Z INFO  vmp] lift fn_002500f0 @ 0x2500f0  in=6 out_ir=8 skipped=0 (0%) notes=0
[2026-05-08T14:44:29Z INFO  vmp] lift fn_00250108 @ 0x250108  in=14 out_ir=19 skipped=0 (0%) notes=0
[2026-05-08T14:44:29Z INFO  vmp] lift fn_00250140 @ 0x250140  in=497 out_ir=602 skipped=29 (5%) notes=29
[2026-05-08T14:44:29Z INFO  vmp] lift fn_00250904 @ 0x250904  in=196 out_ir=205 skipped=14 (7%) notes=14
[2026-05-08T14:44:29Z INFO  vmp] lift fn_00250c14 @ 0x250c14  in=52 out_ir=62 skipped=6 (11%) notes=6
[2026-05-08T14:44:29Z INFO  vmp] lift fn_00250ce4 @ 0x250ce4  in=31 out_ir=38 skipped=4 (12%) notes=4
[2026-05-08T14:44:29Z INFO  vmp] lift fn_00250d60 @ 0x250d60  in=37 out_ir=45 skipped=4 (10%) notes=4
[2026-05-08T14:44:29Z INFO  vmp] lift fn_00250df4 @ 0x250df4  in=12 out_ir=15 skipped=0 (0%) notes=0
[2026-05-08T14:44:29Z INFO  vmp] lift fn_00250e24 @ 0x250e24  in=487 out_ir=580 skipped=18 (3%) notes=18
[2026-05-08T14:44:29Z INFO  vmp] lift fn_002515c0 @ 0x2515c0  in=28 out_ir=34 skipped=2 (7%) notes=2
[2026-05-08T14:44:29Z INFO  vmp] lift fn_00251630 @ 0x251630  in=230 out_ir=265 skipped=26 (11%) notes=26
[2026-05-08T14:44:29Z INFO  vmp] lift fn_002519c8 @ 0x2519c8  in=149 out_ir=184 skipped=3 (2%) notes=3
[2026-05-08T14:44:29Z INFO  vmp] lift fn_00251c1c @ 0x251c1c  in=40 out_ir=47 skipped=5 (12%) notes=5
[2026-05-08T14:44:29Z INFO  vmp] lift fn_00251cbc @ 0x251cbc  in=8 out_ir=10 skipped=0 (0%) notes=0
[2026-05-08T14:44:29Z INFO  vmp] lift fn_00251cdc @ 0x251cdc  in=21 out_ir=30 skipped=2 (9%) notes=2
[2026-05-08T14:44:29Z INFO  vmp] lift fn_00251d30 @ 0x251d30  in=39 out_ir=51 skipped=2 (5%) notes=2
[2026-05-08T14:44:29Z INFO  vmp] lift fn_00251dcc @ 0x251dcc  in=14 out_ir=20 skipped=0 (0%) notes=0
[2026-05-08T14:44:29Z INFO  vmp] lift fn_00251e04 @ 0x251e04  in=10 out_ir=12 skipped=0 (0%) notes=0
[2026-05-08T14:44:29Z INFO  vmp] lift fn_00251e2c @ 0x251e2c  in=7 out_ir=9 skipped=0 (0%) notes=0
[2026-05-08T14:44:29Z INFO  vmp] lift fn_00251e48 @ 0x251e48  in=14 out_ir=20 skipped=0 (0%) notes=0
[2026-05-08T14:44:29Z INFO  vmp] lift fn_00251e80 @ 0x251e80  in=1223 out_ir=1450 skipped=32 (2%) notes=32
[2026-05-08T14:44:29Z INFO  vmp] lift fn_0025319c @ 0x25319c  in=93 out_ir=108 skipped=6 (6%) notes=6
[2026-05-08T14:44:29Z INFO  vmp] lift fn_00253310 @ 0x253310  in=71 out_ir=91 skipped=0 (0%) notes=0
[2026-05-08T14:44:29Z INFO  vmp] lift fn_0025342c @ 0x25342c  in=194 out_ir=260 skipped=5 (2%) notes=5
[2026-05-08T14:44:29Z INFO  vmp] lift fn_00253734 @ 0x253734  in=13 out_ir=18 skipped=2 (15%) notes=2
[2026-05-08T14:44:29Z INFO  vmp] lift fn_00253768 @ 0x253768  in=90 out_ir=113 skipped=4 (4%) notes=4
[2026-05-08T14:44:29Z INFO  vmp] lift fn_002538d0 @ 0x2538d0  in=365 out_ir=523 skipped=10 (2%) notes=10
[2026-05-08T14:44:29Z INFO  vmp] lift fn_00253e84 @ 0x253e84  in=54 out_ir=75 skipped=3 (5%) notes=3
[2026-05-08T14:44:29Z INFO  vmp] lift fn_00253f5c @ 0x253f5c  in=99 out_ir=130 skipped=4 (4%) notes=4
[2026-05-08T14:44:29Z INFO  vmp] lift fn_002540e8 @ 0x2540e8  in=14 out_ir=19 skipped=0 (0%) notes=0
[2026-05-08T14:44:29Z INFO  vmp] lift fn_00254120 @ 0x254120  in=107 out_ir=140 skipped=0 (0%) notes=0
[2026-05-08T14:44:29Z INFO  vmp] lift fn_002542cc @ 0x2542cc  in=75 out_ir=95 skipped=0 (0%) notes=0
[2026-05-08T14:44:29Z INFO  vmp] lift fn_002543f8 @ 0x2543f8  in=183 out_ir=229 skipped=14 (7%) notes=14
[2026-05-08T14:44:29Z INFO  vmp] lift fn_002546d4 @ 0x2546d4  in=120 out_ir=154 skipped=6 (5%) notes=6
[2026-05-08T14:44:29Z INFO  vmp] lift fn_002548b4 @ 0x2548b4  in=183 out_ir=191 skipped=0 (0%) notes=0
[2026-05-08T14:44:29Z INFO  vmp] lift fn_00254b90 @ 0x254b90  in=92 out_ir=149 skipped=13 (14%) notes=13
[2026-05-08T14:44:29Z INFO  vmp] lift fn_00254d00 @ 0x254d00  in=77 out_ir=92 skipped=0 (0%) notes=0
[2026-05-08T14:44:29Z INFO  vmp] lift fn_00254e34 @ 0x254e34  in=34 out_ir=39 skipped=0 (0%) notes=0
[2026-05-08T14:44:29Z INFO  vmp] lift fn_00254ebc @ 0x254ebc  in=68 out_ir=85 skipped=5 (7%) notes=5
[2026-05-08T14:44:29Z INFO  vmp] lift fn_00254fcc @ 0x254fcc  in=237 out_ir=278 skipped=29 (12%) notes=29
[2026-05-08T14:44:29Z INFO  vmp] lift fn_00255380 @ 0x255380  in=42 out_ir=46 skipped=0 (0%) notes=0
[2026-05-08T14:44:29Z INFO  vmp] lift fn_00255428 @ 0x255428  in=50 out_ir=61 skipped=3 (6%) notes=3
[2026-05-08T14:44:29Z INFO  vmp] lift fn_002554f0 @ 0x2554f0  in=194 out_ir=234 skipped=9 (4%) notes=9
[2026-05-08T14:44:29Z INFO  vmp] lift fn_002557f8 @ 0x2557f8  in=41 out_ir=50 skipped=3 (7%) notes=3
[2026-05-08T14:44:29Z INFO  vmp] lift fn_0025589c @ 0x25589c  in=466 out_ir=563 skipped=3 (0%) notes=3
[2026-05-08T14:44:29Z INFO  vmp] lift fn_00255fe4 @ 0x255fe4  in=124 out_ir=144 skipped=3 (2%) notes=3
[2026-05-08T14:44:29Z INFO  vmp] lift fn_002561d4 @ 0x2561d4  in=22 out_ir=27 skipped=3 (13%) notes=3
[2026-05-08T14:44:29Z INFO  vmp] lift fn_0025622c @ 0x25622c  in=191 out_ir=216 skipped=38 (19%) notes=38
[2026-05-08T14:44:29Z INFO  vmp] lift fn_00256528 @ 0x256528  in=638 out_ir=818 skipped=18 (2%) notes=18
[2026-05-08T14:44:29Z INFO  vmp] lift fn_00256f20 @ 0x256f20  in=511 out_ir=625 skipped=74 (14%) notes=74
[2026-05-08T14:44:29Z INFO  vmp] lift fn_0025771c @ 0x25771c  in=86 out_ir=101 skipped=19 (22%) notes=19
[2026-05-08T14:44:29Z INFO  vmp] lift fn_00257874 @ 0x257874  in=72 out_ir=86 skipped=4 (5%) notes=4
[2026-05-08T14:44:29Z INFO  vmp] lift fn_00257994 @ 0x257994  in=62 out_ir=74 skipped=8 (12%) notes=8
[2026-05-08T14:44:29Z INFO  vmp] lift fn_00257a8c @ 0x257a8c  in=84 out_ir=103 skipped=15 (17%) notes=15
[2026-05-08T14:44:29Z INFO  vmp] lift fn_00257bdc @ 0x257bdc  in=219 out_ir=267 skipped=17 (7%) notes=17
[2026-05-08T14:44:29Z INFO  vmp] lift fn_00257f48 @ 0x257f48  in=138 out_ir=161 skipped=21 (15%) notes=21
[2026-05-08T14:44:29Z INFO  vmp] lift fn_00258170 @ 0x258170  in=550 out_ir=665 skipped=90 (16%) notes=90
[2026-05-08T14:44:29Z INFO  vmp] lift fn_00258a08 @ 0x258a08  in=335 out_ir=389 skipped=26 (7%) notes=26
[2026-05-08T14:44:29Z INFO  vmp] lift fn_00258f44 @ 0x258f44  in=667 out_ir=820 skipped=62 (9%) notes=62
[2026-05-08T14:44:29Z INFO  vmp] lift fn_002599b0 @ 0x2599b0  in=15 out_ir=18 skipped=0 (0%) notes=0
[2026-05-08T14:44:29Z INFO  vmp] lift fn_002599ec @ 0x2599ec  in=279 out_ir=358 skipped=3 (1%) notes=3
[2026-05-08T14:44:29Z INFO  vmp] lift fn_00259e48 @ 0x259e48  in=229 out_ir=294 skipped=3 (1%) notes=3
[2026-05-08T14:44:29Z INFO  vmp] lift fn_0025a1dc @ 0x25a1dc  in=172 out_ir=212 skipped=8 (4%) notes=8
[2026-05-08T14:44:29Z INFO  vmp] lift fn_0025a48c @ 0x25a48c  in=181 out_ir=227 skipped=3 (1%) notes=3
[2026-05-08T14:44:29Z INFO  vmp] lift fn_0025a760 @ 0x25a760  in=21 out_ir=26 skipped=1 (4%) notes=1
[2026-05-08T14:44:29Z INFO  vmp] lift fn_0025a7b4 @ 0x25a7b4  in=194 out_ir=256 skipped=21 (10%) notes=21
[2026-05-08T14:44:29Z INFO  vmp] lift fn_0025aabc @ 0x25aabc  in=35 out_ir=41 skipped=0 (0%) notes=0
[2026-05-08T14:44:29Z INFO  vmp] lift fn_0025ab48 @ 0x25ab48  in=30 out_ir=37 skipped=1 (3%) notes=1
[2026-05-08T14:44:29Z INFO  vmp] lift fn_0025abc0 @ 0x25abc0  in=6 out_ir=8 skipped=0 (0%) notes=0
[2026-05-08T14:44:29Z INFO  vmp] lift fn_0025abd8 @ 0x25abd8  in=14 out_ir=19 skipped=0 (0%) notes=0
[2026-05-08T14:44:29Z INFO  vmp] lift fn_0025ac10 @ 0x25ac10  in=449 out_ir=532 skipped=13 (2%) notes=13
[2026-05-08T14:44:29Z INFO  vmp] lift fn_0025b314 @ 0x25b314  in=156 out_ir=164 skipped=13 (8%) notes=13
[2026-05-08T14:44:29Z INFO  vmp] lift fn_0025b584 @ 0x25b584  in=41 out_ir=49 skipped=7 (17%) notes=7
[2026-05-08T14:44:29Z INFO  vmp] lift fn_0025b628 @ 0x25b628  in=30 out_ir=37 skipped=5 (16%) notes=5
[2026-05-08T14:44:29Z INFO  vmp] lift fn_0025b6a0 @ 0x25b6a0  in=76 out_ir=85 skipped=7 (9%) notes=7
[2026-05-08T14:44:29Z INFO  vmp] lift fn_0025b7d0 @ 0x25b7d0  in=15 out_ir=20 skipped=0 (0%) notes=0
[2026-05-08T14:44:29Z INFO  vmp] lift fn_0025b80c @ 0x25b80c  in=120 out_ir=137 skipped=21 (17%) notes=21
[2026-05-08T14:44:29Z INFO  vmp] lift fn_0025b9ec @ 0x25b9ec  in=34 out_ir=42 skipped=4 (11%) notes=4
[2026-05-08T14:44:29Z INFO  vmp] lift fn_0025ba74 @ 0x25ba74  in=35 out_ir=43 skipped=4 (11%) notes=4
[2026-05-08T14:44:29Z INFO  vmp] lift fn_0025bb00 @ 0x25bb00  in=21 out_ir=30 skipped=2 (9%) notes=2
[2026-05-08T14:44:29Z INFO  vmp] lift fn_0025bb54 @ 0x25bb54  in=53 out_ir=70 skipped=2 (3%) notes=2
[2026-05-08T14:44:29Z INFO  vmp] lift fn_0025bc28 @ 0x25bc28  in=8 out_ir=10 skipped=0 (0%) notes=0
[2026-05-08T14:44:29Z INFO  vmp] lift fn_0025bc48 @ 0x25bc48  in=14 out_ir=20 skipped=0 (0%) notes=0
[2026-05-08T14:44:29Z INFO  vmp] lift fn_0025bc80 @ 0x25bc80  in=10 out_ir=12 skipped=0 (0%) notes=0
[2026-05-08T14:44:29Z INFO  vmp] lift fn_0025bca8 @ 0x25bca8  in=7 out_ir=9 skipped=0 (0%) notes=0
[2026-05-08T14:44:29Z INFO  vmp] lift fn_0025bcc4 @ 0x25bcc4  in=231 out_ir=289 skipped=3 (1%) notes=3
[2026-05-08T14:44:29Z INFO  vmp] lift fn_0025c060 @ 0x25c060  in=32 out_ir=37 skipped=3 (9%) notes=3
[2026-05-08T14:44:29Z INFO  vmp] lift fn_0025c0e0 @ 0x25c0e0  in=163 out_ir=182 skipped=35 (21%) notes=35
[2026-05-08T14:44:29Z INFO  vmp] lift fn_0025c36c @ 0x25c36c  in=258 out_ir=301 skipped=10 (3%) notes=10
[2026-05-08T14:44:29Z INFO  vmp] lift fn_0025c774 @ 0x25c774  in=59 out_ir=72 skipped=0 (0%) notes=0
[2026-05-08T14:44:29Z INFO  vmp] lift fn_0025c860 @ 0x25c860  in=100 out_ir=123 skipped=12 (12%) notes=12
[2026-05-08T14:44:29Z INFO  vmp] lift fn_0025c9f0 @ 0x25c9f0  in=129 out_ir=152 skipped=20 (15%) notes=20
[2026-05-08T14:44:29Z INFO  vmp] lift fn_0025cbf4 @ 0x25cbf4  in=461 out_ir=545 skipped=49 (10%) notes=49
[2026-05-08T14:44:29Z INFO  vmp] lift fn_0025d328 @ 0x25d328  in=609 out_ir=730 skipped=91 (14%) notes=91
[2026-05-08T14:44:29Z INFO  vmp] lift fn_0025dcac @ 0x25dcac  in=533 out_ir=634 skipped=79 (14%) notes=79
[2026-05-08T14:44:29Z INFO  vmp] lift fn_0025e500 @ 0x25e500  in=41 out_ir=56 skipped=1 (2%) notes=1
[2026-05-08T14:44:29Z INFO  vmp] lift fn_0025e5a4 @ 0x25e5a4  in=32 out_ir=39 skipped=0 (0%) notes=0
[2026-05-08T14:44:29Z INFO  vmp] lift fn_0025e624 @ 0x25e624  in=70 out_ir=78 skipped=7 (10%) notes=7
[2026-05-08T14:44:29Z INFO  vmp] lift fn_0025e73c @ 0x25e73c  in=14 out_ir=19 skipped=0 (0%) notes=0
[2026-05-08T14:44:29Z INFO  vmp] lift fn_0025e774 @ 0x25e774  in=438 out_ir=515 skipped=28 (6%) notes=28
[2026-05-08T14:44:29Z INFO  vmp] lift fn_0025ee4c @ 0x25ee4c  in=29 out_ir=35 skipped=4 (13%) notes=4
[2026-05-08T14:44:29Z INFO  vmp] lift fn_0025eec0 @ 0x25eec0  in=304 out_ir=361 skipped=54 (17%) notes=54
[2026-05-08T14:44:29Z INFO  vmp] lift fn_0025f380 @ 0x25f380  in=88 out_ir=108 skipped=10 (11%) notes=10
[2026-05-08T14:44:29Z INFO  vmp] lift fn_0025f4e0 @ 0x25f4e0  in=47 out_ir=64 skipped=5 (10%) notes=5
[2026-05-08T14:44:29Z INFO  vmp] lift fn_0025f59c @ 0x25f59c  in=17 out_ir=23 skipped=1 (5%) notes=1
[2026-05-08T14:44:29Z INFO  vmp] lift fn_0025f5e0 @ 0x25f5e0  in=717 out_ir=846 skipped=23 (3%) notes=23
[2026-05-08T14:44:29Z INFO  vmp] lift fn_00260114 @ 0x260114  in=114 out_ir=141 skipped=13 (11%) notes=13
[2026-05-08T14:44:29Z INFO  vmp] lift fn_002602dc @ 0x2602dc  in=46 out_ir=54 skipped=4 (8%) notes=4
[2026-05-08T14:44:29Z INFO  vmp] lift fn_00260394 @ 0x260394  in=28 out_ir=32 skipped=0 (0%) notes=0
[2026-05-08T14:44:29Z INFO  vmp] lift fn_00260404 @ 0x260404  in=24 out_ir=29 skipped=0 (0%) notes=0
[2026-05-08T14:44:29Z INFO  vmp] lift fn_00260464 @ 0x260464  in=50 out_ir=57 skipped=0 (0%) notes=0
[2026-05-08T14:44:29Z INFO  vmp] lift fn_0026052c @ 0x26052c  in=224 out_ir=254 skipped=3 (1%) notes=3
[2026-05-08T14:44:29Z INFO  vmp] lift fn_002608ac @ 0x2608ac  in=18 out_ir=23 skipped=0 (0%) notes=0
[2026-05-08T14:44:29Z INFO  vmp] lift fn_002608f4 @ 0x2608f4  in=12 out_ir=17 skipped=0 (0%) notes=0
[2026-05-08T14:44:29Z INFO  vmp] lift fn_00260924 @ 0x260924  in=18 out_ir=23 skipped=0 (0%) notes=0
[2026-05-08T14:44:29Z INFO  vmp] lift fn_0026096c @ 0x26096c  in=12 out_ir=17 skipped=0 (0%) notes=0
[2026-05-08T14:44:29Z INFO  vmp] lift fn_0026099c @ 0x26099c  in=1 out_ir=1 skipped=0 (0%) notes=0
[2026-05-08T14:44:29Z INFO  vmp] lift fn_002609a0 @ 0x2609a0  in=1 out_ir=1 skipped=0 (0%) notes=0
[2026-05-08T14:44:29Z INFO  vmp] lift fn_002609a4 @ 0x2609a4  in=22 out_ir=35 skipped=0 (0%) notes=0
[2026-05-08T14:44:29Z INFO  vmp] lift fn_002609fc @ 0x2609fc  in=456 out_ir=653 skipped=2 (0%) notes=2
[2026-05-08T14:44:29Z INFO  vmp] lift fn_0026111c @ 0x26111c  in=21 out_ir=26 skipped=0 (0%) notes=0
[2026-05-08T14:44:29Z INFO  vmp] lift fn_00261170 @ 0x261170  in=14 out_ir=22 skipped=0 (0%) notes=0
[2026-05-08T14:44:29Z INFO  vmp] lift fn_002611a8 @ 0x2611a8  in=34 out_ir=50 skipped=0 (0%) notes=0
[2026-05-08T14:44:29Z INFO  vmp] lift fn_00261230 @ 0x261230  in=37 out_ir=56 skipped=0 (0%) notes=0
[2026-05-08T14:44:29Z INFO  vmp] lift fn_002612c4 @ 0x2612c4  in=34 out_ir=50 skipped=0 (0%) notes=0
[2026-05-08T14:44:29Z INFO  vmp] lift fn_0026134c @ 0x26134c  in=6 out_ir=11 skipped=0 (0%) notes=0
[2026-05-08T14:44:29Z INFO  vmp] lift fn_00261364 @ 0x261364  in=82 out_ir=123 skipped=0 (0%) notes=0
[2026-05-08T14:44:29Z INFO  vmp] lift fn_002614ac @ 0x2614ac  in=9 out_ir=12 skipped=1 (11%) notes=1
[2026-05-08T14:44:29Z INFO  vmp] lift fn_002614d0 @ 0x2614d0  in=70 out_ir=98 skipped=0 (0%) notes=0
[2026-05-08T14:44:29Z INFO  vmp] lift fn_002615e8 @ 0x2615e8  in=19 out_ir=28 skipped=0 (0%) notes=0
[2026-05-08T14:44:29Z INFO  vmp] lift fn_00261634 @ 0x261634  in=94 out_ir=144 skipped=1 (1%) notes=1
[2026-05-08T14:44:29Z INFO  vmp] lift fn_002617ac @ 0x2617ac  in=57 out_ir=82 skipped=1 (1%) notes=1
[2026-05-08T14:44:29Z INFO  vmp] lift fn_00261890 @ 0x261890  in=19 out_ir=31 skipped=1 (5%) notes=1
[2026-05-08T14:44:29Z INFO  vmp] lift fn_002618dc @ 0x2618dc  in=87 out_ir=123 skipped=2 (2%) notes=2
[2026-05-08T14:44:29Z INFO  vmp] lift fn_00261a38 @ 0x261a38  in=90 out_ir=124 skipped=2 (2%) notes=2
[2026-05-08T14:44:29Z INFO  vmp] lift fn_00261ba0 @ 0x261ba0  in=45 out_ir=75 skipped=0 (0%) notes=0
[2026-05-08T14:44:29Z INFO  vmp] lift fn_00261c54 @ 0x261c54  in=20 out_ir=30 skipped=0 (0%) notes=0
[2026-05-08T14:44:29Z INFO  vmp] lift fn_00261ca4 @ 0x261ca4  in=21 out_ir=26 skipped=0 (0%) notes=0
[2026-05-08T14:44:29Z INFO  vmp] lift fn_00261cf8 @ 0x261cf8  in=63 out_ir=105 skipped=0 (0%) notes=0
[2026-05-08T14:44:29Z INFO  vmp] lift fn_00261df4 @ 0x261df4  in=14 out_ir=22 skipped=0 (0%) notes=0
[2026-05-08T14:44:29Z INFO  vmp] lift fn_00261e2c @ 0x261e2c  in=238 out_ir=487 skipped=7 (2%) notes=7
[2026-05-08T14:44:29Z INFO  vmp] lift fn_002621e4 @ 0x2621e4  in=70 out_ir=116 skipped=0 (0%) notes=0
[2026-05-08T14:44:29Z INFO  vmp] lift fn_002622fc @ 0x2622fc  in=4 out_ir=5 skipped=1 (25%) notes=1
[2026-05-08T14:44:29Z INFO  vmp] lift fn_0026230c @ 0x26230c  in=26 out_ir=38 skipped=3 (11%) notes=3
[2026-05-08T14:44:29Z INFO  vmp] lift fn_00262374 @ 0x262374  in=57 out_ir=78 skipped=2 (3%) notes=2
[2026-05-08T14:44:29Z INFO  vmp] lift fn_00262458 @ 0x262458  in=94 out_ir=143 skipped=2 (2%) notes=2
[2026-05-08T14:44:29Z INFO  vmp] lift fn_002625d0 @ 0x2625d0  in=2 out_ir=2 skipped=1 (50%) notes=1
[2026-05-08T14:44:29Z INFO  vmp] lift fn_002625d8 @ 0x2625d8  in=12 out_ir=19 skipped=0 (0%) notes=0
[2026-05-08T14:44:29Z INFO  vmp] lift fn_00262608 @ 0x262608  in=8 out_ir=12 skipped=0 (0%) notes=0
[2026-05-08T14:44:29Z INFO  vmp] lift fn_00262628 @ 0x262628  in=26 out_ir=32 skipped=0 (0%) notes=0
[2026-05-08T14:44:29Z INFO  vmp] lift fn_00262690 @ 0x262690  in=12 out_ir=19 skipped=0 (0%) notes=0
[2026-05-08T14:44:29Z INFO  vmp] lift fn_002626c0 @ 0x2626c0  in=56 out_ir=86 skipped=1 (1%) notes=1
[2026-05-08T14:44:29Z INFO  vmp] lift fn_002627a0 @ 0x2627a0  in=2 out_ir=2 skipped=1 (50%) notes=1
[2026-05-08T14:44:29Z INFO  vmp] lift fn_002627a8 @ 0x2627a8  in=5 out_ir=5 skipped=1 (20%) notes=1
[2026-05-08T14:44:29Z INFO  vmp] lift fn_002627bc @ 0x2627bc  in=17 out_ir=24 skipped=1 (5%) notes=1
[2026-05-08T14:44:29Z INFO  vmp] lift fn_00262800 @ 0x262800  in=7 out_ir=7 skipped=2 (28%) notes=2
[2026-05-08T14:44:29Z INFO  vmp] lift fn_0026281c @ 0x26281c  in=81 out_ir=113 skipped=1 (1%) notes=1
[2026-05-08T14:44:29Z INFO  vmp] lift fn_00262960 @ 0x262960  in=42 out_ir=62 skipped=0 (0%) notes=0
[2026-05-08T14:44:29Z INFO  vmp] lift fn_00262a08 @ 0x262a08  in=39 out_ir=58 skipped=0 (0%) notes=0
[2026-05-08T14:44:29Z INFO  vmp] lift fn_00262aa4 @ 0x262aa4  in=18 out_ir=27 skipped=0 (0%) notes=0
[2026-05-08T14:44:29Z INFO  vmp] lift fn_00262aec @ 0x262aec  in=5 out_ir=5 skipped=1 (20%) notes=1
[2026-05-08T14:44:29Z INFO  vmp] lift fn_00262b00 @ 0x262b00  in=16 out_ir=24 skipped=0 (0%) notes=0
[2026-05-08T14:44:29Z INFO  vmp] lift fn_00262b40 @ 0x262b40  in=5 out_ir=5 skipped=1 (20%) notes=1
[2026-05-08T14:44:29Z INFO  vmp] lift fn_00262b54 @ 0x262b54  in=12 out_ir=18 skipped=0 (0%) notes=0
[2026-05-08T14:44:29Z INFO  vmp] lift fn_00262b84 @ 0x262b84  in=5 out_ir=5 skipped=1 (20%) notes=1
[2026-05-08T14:44:29Z INFO  vmp] lift fn_00262b98 @ 0x262b98  in=68 out_ir=97 skipped=0 (0%) notes=0
[2026-05-08T14:44:29Z INFO  vmp] lift fn_00262ca8 @ 0x262ca8  in=8 out_ir=13 skipped=0 (0%) notes=0
[2026-05-08T14:44:29Z INFO  vmp] lift fn_00262cc8 @ 0x262cc8  in=9 out_ir=16 skipped=0 (0%) notes=0
[2026-05-08T14:44:29Z INFO  vmp] lift fn_00262cec @ 0x262cec  in=9 out_ir=16 skipped=0 (0%) notes=0
[2026-05-08T14:44:29Z INFO  vmp] lift fn_00262d10 @ 0x262d10  in=6 out_ir=11 skipped=0 (0%) notes=0
[2026-05-08T14:44:29Z INFO  vmp] lift fn_00262d28 @ 0x262d28  in=2 out_ir=2 skipped=1 (50%) notes=1
[2026-05-08T14:44:29Z INFO  vmp] lift fn_00262d30 @ 0x262d30  in=6 out_ir=7 skipped=1 (16%) notes=1
[2026-05-08T14:44:29Z INFO  vmp] lift fn_00262d48 @ 0x262d48  in=12 out_ir=19 skipped=0 (0%) notes=0
[2026-05-08T14:44:29Z INFO  vmp] lift fn_00262d78 @ 0x262d78  in=4 out_ir=5 skipped=1 (25%) notes=1
[2026-05-08T14:44:29Z INFO  vmp] lift fn_00262d88 @ 0x262d88  in=6 out_ir=7 skipped=1 (16%) notes=1
[2026-05-08T14:44:29Z INFO  vmp] lift fn_00262da0 @ 0x262da0  in=12 out_ir=19 skipped=0 (0%) notes=0
[2026-05-08T14:44:29Z INFO  vmp] lift fn_00262dd0 @ 0x262dd0  in=4 out_ir=5 skipped=1 (25%) notes=1
[2026-05-08T14:44:29Z INFO  vmp] lift fn_00262de0 @ 0x262de0  in=22 out_ir=36 skipped=0 (0%) notes=0
[2026-05-08T14:44:29Z INFO  vmp] lift fn_00262e38 @ 0x262e38  in=12 out_ir=19 skipped=0 (0%) notes=0
[2026-05-08T14:44:29Z INFO  vmp] lift fn_00262e68 @ 0x262e68  in=3 out_ir=3 skipped=1 (33%) notes=1
[2026-05-08T14:44:29Z INFO  vmp] lift fn_00262e74 @ 0x262e74  in=22 out_ir=36 skipped=0 (0%) notes=0
[2026-05-08T14:44:29Z INFO  vmp] lift fn_00262ecc @ 0x262ecc  in=12 out_ir=19 skipped=0 (0%) notes=0
[2026-05-08T14:44:29Z INFO  vmp] lift fn_00262efc @ 0x262efc  in=3 out_ir=3 skipped=1 (33%) notes=1
[2026-05-08T14:44:29Z INFO  vmp] lift fn_00262f08 @ 0x262f08  in=12 out_ir=19 skipped=0 (0%) notes=0
[2026-05-08T14:44:29Z INFO  vmp] lift fn_00262f38 @ 0x262f38  in=12 out_ir=19 skipped=0 (0%) notes=0
[2026-05-08T14:44:29Z INFO  vmp] lift fn_00262f68 @ 0x262f68  in=12 out_ir=19 skipped=0 (0%) notes=0
[2026-05-08T14:44:29Z INFO  vmp] lift fn_00262f98 @ 0x262f98  in=12 out_ir=19 skipped=0 (0%) notes=0
[2026-05-08T14:44:29Z INFO  vmp] lift fn_00262fc8 @ 0x262fc8  in=65 out_ir=103 skipped=0 (0%) notes=0
[2026-05-08T14:44:29Z INFO  vmp] lift fn_002630cc @ 0x2630cc  in=2 out_ir=2 skipped=1 (50%) notes=1
[2026-05-08T14:44:29Z INFO  vmp] lift fn_002630d4 @ 0x2630d4  in=2 out_ir=2 skipped=1 (50%) notes=1
[2026-05-08T14:44:29Z INFO  vmp] lift fn_002630dc @ 0x2630dc  in=2 out_ir=2 skipped=1 (50%) notes=1
[2026-05-08T14:44:29Z INFO  vmp] lift fn_002630e4 @ 0x2630e4  in=12 out_ir=19 skipped=0 (0%) notes=0
[2026-05-08T14:44:29Z INFO  vmp] lift fn_00263114 @ 0x263114  in=12 out_ir=19 skipped=0 (0%) notes=0
[2026-05-08T14:44:29Z INFO  vmp] lift fn_00263144 @ 0x263144  in=59 out_ir=76 skipped=4 (6%) notes=4
[2026-05-08T14:44:29Z INFO  vmp] lift fn_00263230 @ 0x263230  in=131 out_ir=177 skipped=9 (6%) notes=9
[2026-05-08T14:44:29Z INFO  vmp] lift fn_0026343c @ 0x26343c  in=34 out_ir=39 skipped=1 (2%) notes=1
[2026-05-08T14:44:29Z INFO  vmp] lift fn_002634c4 @ 0x2634c4  in=37 out_ir=42 skipped=1 (2%) notes=1
[2026-05-08T14:44:29Z INFO  vmp] lift fn_00263558 @ 0x263558  in=109 out_ir=150 skipped=0 (0%) notes=0
[2026-05-08T14:44:29Z INFO  vmp] lift fn_0026370c @ 0x26370c  in=74 out_ir=99 skipped=0 (0%) notes=0
[2026-05-08T14:44:29Z INFO  vmp] lift fn_00263834 @ 0x263834  in=81 out_ir=114 skipped=0 (0%) notes=0
[2026-05-08T14:44:29Z INFO  vmp] lift fn_00263978 @ 0x263978  in=65 out_ir=89 skipped=1 (1%) notes=1
[2026-05-08T14:44:29Z INFO  vmp] lift fn_00263a7c @ 0x263a7c  in=2 out_ir=2 skipped=1 (50%) notes=1
[2026-05-08T14:44:29Z INFO  vmp] lift fn_00263a84 @ 0x263a84  in=370 out_ir=530 skipped=20 (5%) notes=20
[2026-05-08T14:44:29Z INFO  vmp] lift fn_0026404c @ 0x26404c  in=52 out_ir=75 skipped=0 (0%) notes=0
[2026-05-08T14:44:29Z INFO  vmp] lift fn_0026411c @ 0x26411c  in=24 out_ir=35 skipped=0 (0%) notes=0
[2026-05-08T14:44:29Z INFO  vmp] lift fn_0026417c @ 0x26417c  in=673 out_ir=977 skipped=6 (0%) notes=6
[2026-05-08T14:44:29Z INFO  vmp] lift fn_00264c00 @ 0x264c00  in=35 out_ir=49 skipped=1 (2%) notes=1
[2026-05-08T14:44:29Z INFO  vmp] lift fn_00264c8c @ 0x264c8c  in=45 out_ir=68 skipped=1 (2%) notes=1
[2026-05-08T14:44:29Z INFO  vmp] lift fn_00264d40 @ 0x264d40  in=1517 out_ir=2199 skipped=82 (5%) notes=82
[2026-05-08T14:44:29Z INFO  vmp] lift fn_002664f4 @ 0x2664f4  in=113 out_ir=140 skipped=10 (8%) notes=10
[2026-05-08T14:44:29Z INFO  vmp] lift fn_002666b8 @ 0x2666b8  in=456 out_ir=649 skipped=5 (1%) notes=5
[2026-05-08T14:44:29Z INFO  vmp] lift fn_00266dd8 @ 0x266dd8  in=206 out_ir=305 skipped=1 (0%) notes=1
[2026-05-08T14:44:29Z INFO  vmp] lift fn_00267110 @ 0x267110  in=53 out_ir=73 skipped=1 (1%) notes=1
[2026-05-08T14:44:29Z INFO  vmp] lift fn_002671e4 @ 0x2671e4  in=40 out_ir=60 skipped=3 (7%) notes=3
[2026-05-08T14:44:29Z INFO  vmp] lift fn_00267284 @ 0x267284  in=87 out_ir=130 skipped=0 (0%) notes=0
[2026-05-08T14:44:29Z INFO  vmp] lift fn_002673e0 @ 0x2673e0  in=122 out_ir=155 skipped=4 (3%) notes=4
[2026-05-08T14:44:29Z INFO  vmp] lift fn_002675c8 @ 0x2675c8  in=44 out_ir=66 skipped=1 (2%) notes=1
[2026-05-08T14:44:29Z INFO  vmp] lift fn_00267678 @ 0x267678  in=44 out_ir=66 skipped=1 (2%) notes=1
[2026-05-08T14:44:29Z INFO  vmp] lift fn_00267728 @ 0x267728  in=44 out_ir=66 skipped=1 (2%) notes=1
[2026-05-08T14:44:29Z INFO  vmp] lift fn_002677d8 @ 0x2677d8  in=44 out_ir=66 skipped=1 (2%) notes=1
[2026-05-08T14:44:29Z INFO  vmp] lift fn_00267888 @ 0x267888  in=44 out_ir=66 skipped=1 (2%) notes=1
[2026-05-08T14:44:29Z INFO  vmp] lift fn_00267938 @ 0x267938  in=122 out_ir=171 skipped=1 (0%) notes=1
[2026-05-08T14:44:29Z INFO  vmp] lift fn_00267b20 @ 0x267b20  in=44 out_ir=66 skipped=1 (2%) notes=1
[2026-05-08T14:44:29Z INFO  vmp] lift fn_00267bd0 @ 0x267bd0  in=42 out_ir=65 skipped=1 (2%) notes=1
[2026-05-08T14:44:29Z INFO  vmp] lift fn_00267c78 @ 0x267c78  in=44 out_ir=66 skipped=1 (2%) notes=1
[2026-05-08T14:44:29Z INFO  vmp] lift fn_00267d28 @ 0x267d28  in=44 out_ir=66 skipped=1 (2%) notes=1
[2026-05-08T14:44:29Z INFO  vmp] lift fn_00267dd8 @ 0x267dd8  in=43 out_ir=65 skipped=1 (2%) notes=1
[2026-05-08T14:44:29Z INFO  vmp] lift fn_00267e84 @ 0x267e84  in=44 out_ir=66 skipped=1 (2%) notes=1
[2026-05-08T14:44:29Z INFO  vmp] lift fn_00267f34 @ 0x267f34  in=112 out_ir=160 skipped=1 (0%) notes=1
[2026-05-08T14:44:29Z INFO  vmp] lift fn_002680f4 @ 0x2680f4  in=3 out_ir=3 skipped=1 (33%) notes=1
[2026-05-08T14:44:29Z INFO  vmp] lift fn_00268100 @ 0x268100  in=3 out_ir=3 skipped=1 (33%) notes=1
[2026-05-08T14:44:29Z INFO  vmp] lift fn_0026810c @ 0x26810c  in=3 out_ir=3 skipped=1 (33%) notes=1
[2026-05-08T14:44:29Z INFO  vmp] lift fn_00268118 @ 0x268118  in=2 out_ir=2 skipped=1 (50%) notes=1
[2026-05-08T14:44:29Z INFO  vmp] lift fn_00268120 @ 0x268120  in=56 out_ir=80 skipped=1 (1%) notes=1
[2026-05-08T14:44:29Z INFO  vmp] lift fn_00268200 @ 0x268200  in=2 out_ir=2 skipped=1 (50%) notes=1
[2026-05-08T14:44:29Z INFO  vmp] lift fn_00268208 @ 0x268208  in=3 out_ir=3 skipped=1 (33%) notes=1
[2026-05-08T14:44:29Z INFO  vmp] lift fn_00268214 @ 0x268214  in=4 out_ir=4 skipped=1 (25%) notes=1
[2026-05-08T14:44:29Z INFO  vmp] lift fn_00268224 @ 0x268224  in=3 out_ir=3 skipped=1 (33%) notes=1
[2026-05-08T14:44:29Z INFO  vmp] lift fn_00268230 @ 0x268230  in=94 out_ir=131 skipped=4 (4%) notes=4
[2026-05-08T14:44:29Z INFO  vmp] lift fn_002683a8 @ 0x2683a8  in=3 out_ir=3 skipped=1 (33%) notes=1
[2026-05-08T14:44:29Z INFO  vmp] lift fn_002683b4 @ 0x2683b4  in=107 out_ir=164 skipped=3 (2%) notes=3
[2026-05-08T14:44:29Z INFO  vmp] lift fn_00268560 @ 0x268560  in=32 out_ir=48 skipped=3 (9%) notes=3
[2026-05-08T14:44:29Z INFO  vmp] lift fn_002685e0 @ 0x2685e0  in=43 out_ir=64 skipped=1 (2%) notes=1
[2026-05-08T14:44:29Z INFO  vmp] lift fn_0026868c @ 0x26868c  in=40 out_ir=60 skipped=3 (7%) notes=3
[2026-05-08T14:44:29Z INFO  vmp] lift fn_0026872c @ 0x26872c  in=37 out_ir=51 skipped=0 (0%) notes=0
[2026-05-08T14:44:29Z INFO  vmp] lift fn_002687c0 @ 0x2687c0  in=4 out_ir=5 skipped=1 (25%) notes=1
[2026-05-08T14:44:29Z INFO  vmp] lift fn_002687d0 @ 0x2687d0  in=3 out_ir=3 skipped=1 (33%) notes=1
[2026-05-08T14:44:29Z INFO  vmp] lift fn_002687dc @ 0x2687dc  in=77 out_ir=109 skipped=3 (3%) notes=3
[2026-05-08T14:44:29Z INFO  vmp] lift fn_00268910 @ 0x268910  in=3 out_ir=3 skipped=1 (33%) notes=1
[2026-05-08T14:44:29Z INFO  vmp] lift fn_0026891c @ 0x26891c  in=92 out_ir=131 skipped=1 (1%) notes=1
[2026-05-08T14:44:29Z INFO  vmp] lift fn_00268a8c @ 0x268a8c  in=307 out_ir=435 skipped=5 (1%) notes=5
[2026-05-08T14:44:29Z INFO  vmp] lift fn_00268f58 @ 0x268f58  in=42 out_ir=65 skipped=1 (2%) notes=1
[2026-05-08T14:44:29Z INFO  vmp] lift fn_00269000 @ 0x269000  in=242 out_ir=350 skipped=7 (2%) notes=7
[2026-05-08T14:44:29Z INFO  vmp] lift fn_002693c8 @ 0x2693c8  in=76 out_ir=113 skipped=1 (1%) notes=1
[2026-05-08T14:44:29Z INFO  vmp] lift fn_002694f8 @ 0x2694f8  in=181 out_ir=265 skipped=1 (0%) notes=1
[2026-05-08T14:44:29Z INFO  vmp] lift fn_002697cc @ 0x2697cc  in=345 out_ir=487 skipped=4 (1%) notes=4
[2026-05-08T14:44:29Z INFO  vmp] lift fn_00269d30 @ 0x269d30  in=40 out_ir=60 skipped=3 (7%) notes=3
[2026-05-08T14:44:29Z INFO  vmp] lift fn_00269dd0 @ 0x269dd0  in=53 out_ir=73 skipped=1 (1%) notes=1
[2026-05-08T14:44:29Z INFO  vmp] lift fn_00269ea4 @ 0x269ea4  in=43 out_ir=64 skipped=1 (2%) notes=1
[2026-05-08T14:44:29Z INFO  vmp] lift fn_00269f50 @ 0x269f50  in=33 out_ir=51 skipped=2 (6%) notes=2
[2026-05-08T14:44:29Z INFO  vmp] lift fn_00269fd4 @ 0x269fd4  in=33 out_ir=50 skipped=1 (3%) notes=1
[2026-05-08T14:44:29Z INFO  vmp] lift fn_0026a058 @ 0x26a058  in=33 out_ir=49 skipped=3 (9%) notes=3
[2026-05-08T14:44:29Z INFO  vmp] lift fn_0026a0dc @ 0x26a0dc  in=21 out_ir=32 skipped=0 (0%) notes=0
[2026-05-08T14:44:29Z INFO  vmp] lift fn_0026a130 @ 0x26a130  in=20 out_ir=31 skipped=0 (0%) notes=0
[2026-05-08T14:44:29Z INFO  vmp] lift fn_0026a180 @ 0x26a180  in=20 out_ir=31 skipped=0 (0%) notes=0
[2026-05-08T14:44:29Z INFO  vmp] lift fn_0026a1d0 @ 0x26a1d0  in=3 out_ir=3 skipped=1 (33%) notes=1
[2026-05-08T14:44:29Z INFO  vmp] lift fn_0026a1dc @ 0x26a1dc  in=1258 out_ir=1792 skipped=21 (1%) notes=21
[2026-05-08T14:44:29Z INFO  vmp] lift fn_0026b584 @ 0x26b584  in=48 out_ir=70 skipped=4 (8%) notes=4
[2026-05-08T14:44:29Z INFO  vmp] lift fn_0026b644 @ 0x26b644  in=47 out_ir=70 skipped=2 (4%) notes=2
[2026-05-08T14:44:29Z INFO  vmp] lift fn_0026b700 @ 0x26b700  in=51 out_ir=75 skipped=4 (7%) notes=4
[2026-05-08T14:44:29Z INFO  vmp] lift fn_0026b7cc @ 0x26b7cc  in=59 out_ir=85 skipped=6 (10%) notes=6
[2026-05-08T14:44:29Z INFO  vmp] lift fn_0026b8b8 @ 0x26b8b8  in=51 out_ir=75 skipped=4 (7%) notes=4
[2026-05-08T14:44:29Z INFO  vmp] lift fn_0026b984 @ 0x26b984  in=48 out_ir=70 skipped=4 (8%) notes=4
[2026-05-08T14:44:29Z INFO  vmp] lift fn_0026ba44 @ 0x26ba44  in=50 out_ir=75 skipped=2 (4%) notes=2
[2026-05-08T14:44:29Z INFO  vmp] lift fn_0026bb0c @ 0x26bb0c  in=50 out_ir=75 skipped=4 (8%) notes=4
[2026-05-08T14:44:29Z INFO  vmp] lift fn_0026bbd4 @ 0x26bbd4  in=609 out_ir=937 skipped=27 (4%) notes=27
[2026-05-08T14:44:29Z INFO  vmp] lift fn_0026c558 @ 0x26c558  in=241 out_ir=341 skipped=2 (0%) notes=2
[2026-05-08T14:44:29Z INFO  vmp] lift fn_0026c91c @ 0x26c91c  in=151 out_ir=225 skipped=3 (1%) notes=3
[2026-05-08T14:44:29Z INFO  vmp] lift fn_0026cb78 @ 0x26cb78  in=41 out_ir=61 skipped=3 (7%) notes=3
[2026-05-08T14:44:29Z INFO  vmp] lift fn_0026cc1c @ 0x26cc1c  in=92 out_ir=136 skipped=1 (1%) notes=1
[2026-05-08T14:44:29Z INFO  vmp] lift fn_0026cd8c @ 0x26cd8c  in=48 out_ir=73 skipped=2 (4%) notes=2
[2026-05-08T14:44:29Z INFO  vmp] lift fn_0026ce4c @ 0x26ce4c  in=308 out_ir=427 skipped=4 (1%) notes=4
[2026-05-08T14:44:29Z INFO  vmp] lift fn_0026d31c @ 0x26d31c  in=214 out_ir=303 skipped=4 (1%) notes=4
[2026-05-08T14:44:29Z INFO  vmp] lift fn_0026d674 @ 0x26d674  in=40 out_ir=60 skipped=1 (2%) notes=1
[2026-05-08T14:44:29Z INFO  vmp] lift fn_0026d714 @ 0x26d714  in=40 out_ir=60 skipped=1 (2%) notes=1
[2026-05-08T14:44:29Z INFO  vmp] lift fn_0026d7b4 @ 0x26d7b4  in=45 out_ir=68 skipped=1 (2%) notes=1
[2026-05-08T14:44:29Z INFO  vmp] lift fn_0026d868 @ 0x26d868  in=39 out_ir=59 skipped=3 (7%) notes=3
[2026-05-08T14:44:29Z INFO  vmp] lift fn_0026d904 @ 0x26d904  in=43 out_ir=65 skipped=3 (6%) notes=3
[2026-05-08T14:44:29Z INFO  vmp] lift fn_0026d9b0 @ 0x26d9b0  in=43 out_ir=64 skipped=1 (2%) notes=1
[2026-05-08T14:44:29Z INFO  vmp] lift fn_0026da5c @ 0x26da5c  in=40 out_ir=60 skipped=1 (2%) notes=1
[2026-05-08T14:44:29Z INFO  vmp] lift fn_0026dafc @ 0x26dafc  in=394 out_ir=563 skipped=9 (2%) notes=9
[2026-05-08T14:44:29Z INFO  vmp] lift fn_0026e124 @ 0x26e124  in=51 out_ir=75 skipped=4 (7%) notes=4
[2026-05-08T14:44:29Z INFO  vmp] lift fn_0026e1f0 @ 0x26e1f0  in=323 out_ir=448 skipped=11 (3%) notes=11
[2026-05-08T14:44:29Z INFO  vmp] lift fn_0026e6fc @ 0x26e6fc  in=3 out_ir=3 skipped=1 (33%) notes=1
[2026-05-08T14:44:29Z INFO  vmp] lift fn_0026e708 @ 0x26e708  in=48 out_ir=70 skipped=4 (8%) notes=4
[2026-05-08T14:44:29Z INFO  vmp] lift fn_0026e7c8 @ 0x26e7c8  in=120 out_ir=167 skipped=4 (3%) notes=4
[2026-05-08T14:44:29Z INFO  vmp] lift fn_0026e9a8 @ 0x26e9a8  in=3 out_ir=3 skipped=1 (33%) notes=1
[2026-05-08T14:44:29Z INFO  vmp] lift fn_0026e9b4 @ 0x26e9b4  in=120 out_ir=165 skipped=4 (3%) notes=4
[2026-05-08T14:44:29Z INFO  vmp] lift fn_0026eb94 @ 0x26eb94  in=3 out_ir=3 skipped=1 (33%) notes=1
[2026-05-08T14:44:29Z INFO  vmp] lift fn_0026eba0 @ 0x26eba0  in=214 out_ir=294 skipped=7 (3%) notes=7
[2026-05-08T14:44:29Z INFO  vmp] lift fn_0026eef8 @ 0x26eef8  in=3 out_ir=3 skipped=1 (33%) notes=1
[2026-05-08T14:44:29Z INFO  vmp] lift fn_0026ef04 @ 0x26ef04  in=203 out_ir=281 skipped=8 (3%) notes=8
[2026-05-08T14:44:29Z INFO  vmp] lift fn_0026f230 @ 0x26f230  in=3 out_ir=3 skipped=1 (33%) notes=1
[2026-05-08T14:44:29Z INFO  vmp] lift fn_0026f23c @ 0x26f23c  in=216 out_ir=297 skipped=1 (0%) notes=1
[2026-05-08T14:44:29Z INFO  vmp] lift fn_0026f59c @ 0x26f59c  in=3 out_ir=3 skipped=1 (33%) notes=1
[2026-05-08T14:44:29Z INFO  vmp] lift fn_0026f5a8 @ 0x26f5a8  in=140 out_ir=197 skipped=4 (2%) notes=4
[2026-05-08T14:44:29Z INFO  vmp] lift fn_0026f7d8 @ 0x26f7d8  in=118 out_ir=167 skipped=1 (0%) notes=1
[2026-05-08T14:44:29Z INFO  vmp] lift fn_0026f9b0 @ 0x26f9b0  in=3 out_ir=3 skipped=1 (33%) notes=1
[2026-05-08T14:44:29Z INFO  vmp] lift fn_0026f9bc @ 0x26f9bc  in=124 out_ir=177 skipped=1 (0%) notes=1
[2026-05-08T14:44:29Z INFO  vmp] lift fn_0026fbac @ 0x26fbac  in=3 out_ir=3 skipped=1 (33%) notes=1
[2026-05-08T14:44:29Z INFO  vmp] lift fn_0026fbb8 @ 0x26fbb8  in=118 out_ir=167 skipped=1 (0%) notes=1
[2026-05-08T14:44:29Z INFO  vmp] lift fn_0026fd90 @ 0x26fd90  in=3 out_ir=3 skipped=1 (33%) notes=1
[2026-05-08T14:44:29Z INFO  vmp] lift fn_0026fd9c @ 0x26fd9c  in=297 out_ir=399 skipped=11 (3%) notes=11
[2026-05-08T14:44:29Z INFO  vmp] lift fn_00270240 @ 0x270240  in=3 out_ir=3 skipped=1 (33%) notes=1
[2026-05-08T14:44:29Z INFO  vmp] lift fn_0027024c @ 0x27024c  in=207 out_ir=282 skipped=3 (1%) notes=3
[2026-05-08T14:44:29Z INFO  vmp] lift fn_00270588 @ 0x270588  in=3 out_ir=3 skipped=1 (33%) notes=1
[2026-05-08T14:44:29Z INFO  vmp] lift fn_00270594 @ 0x270594  in=122 out_ir=162 skipped=1 (0%) notes=1
[2026-05-08T14:44:29Z INFO  vmp] lift fn_0027077c @ 0x27077c  in=3 out_ir=3 skipped=1 (33%) notes=1
[2026-05-08T14:44:29Z INFO  vmp] lift fn_00270788 @ 0x270788  in=61 out_ir=92 skipped=1 (1%) notes=1
[2026-05-08T14:44:29Z INFO  vmp] lift fn_0027087c @ 0x27087c  in=42 out_ir=62 skipped=2 (4%) notes=2
[2026-05-08T14:44:29Z INFO  vmp] lift fn_00270924 @ 0x270924  in=40 out_ir=60 skipped=1 (2%) notes=1
[2026-05-08T14:44:29Z INFO  vmp] lift fn_002709c4 @ 0x2709c4  in=43 out_ir=64 skipped=1 (2%) notes=1
[2026-05-08T14:44:29Z INFO  vmp] lift fn_00270a70 @ 0x270a70  in=480 out_ir=664 skipped=6 (1%) notes=6
[2026-05-08T14:44:29Z INFO  vmp] lift fn_002711f0 @ 0x2711f0  in=40 out_ir=60 skipped=1 (2%) notes=1
[2026-05-08T14:44:29Z INFO  vmp] lift fn_00271290 @ 0x271290  in=43 out_ir=65 skipped=3 (6%) notes=3
[2026-05-08T14:44:29Z INFO  vmp] lift fn_0027133c @ 0x27133c  in=185 out_ir=248 skipped=0 (0%) notes=0
[2026-05-08T14:44:29Z INFO  vmp] lift fn_00271620 @ 0x271620  in=3 out_ir=3 skipped=1 (33%) notes=1
[2026-05-08T14:44:29Z INFO  vmp] lift fn_0027162c @ 0x27162c  in=42 out_ir=63 skipped=0 (0%) notes=0
[2026-05-08T14:44:29Z INFO  vmp] lift fn_002716d4 @ 0x2716d4  in=3 out_ir=3 skipped=1 (33%) notes=1
[2026-05-08T14:44:29Z INFO  vmp] lift fn_002716e0 @ 0x2716e0  in=115 out_ir=156 skipped=32 (27%) notes=32
[2026-05-08T14:44:29Z INFO  vmp] lift fn_002718ac @ 0x2718ac  in=3 out_ir=3 skipped=1 (33%) notes=1
[2026-05-08T14:44:29Z INFO  vmp] lift fn_002718b8 @ 0x2718b8  in=194 out_ir=244 skipped=90 (46%) notes=90
[2026-05-08T14:44:29Z INFO  vmp] lift fn_00271bc0 @ 0x271bc0  in=3 out_ir=3 skipped=1 (33%) notes=1
[2026-05-08T14:44:29Z INFO  vmp] lift fn_00271bcc @ 0x271bcc  in=135 out_ir=170 skipped=41 (30%) notes=41
[2026-05-08T14:44:29Z INFO  vmp] lift fn_00271de8 @ 0x271de8  in=3 out_ir=3 skipped=1 (33%) notes=1
[2026-05-08T14:44:29Z INFO  vmp] lift fn_00271df4 @ 0x271df4  in=67 out_ir=95 skipped=1 (1%) notes=1
[2026-05-08T14:44:29Z INFO  vmp] lift fn_00271f00 @ 0x271f00  in=3 out_ir=3 skipped=1 (33%) notes=1
[2026-05-08T14:44:29Z INFO  vmp] lift fn_00271f0c @ 0x271f0c  in=595 out_ir=813 skipped=12 (2%) notes=12
[2026-05-08T14:44:29Z INFO  vmp] lift fn_00272858 @ 0x272858  in=56 out_ir=80 skipped=7 (12%) notes=7
[2026-05-08T14:44:29Z INFO  vmp] lift fn_00272938 @ 0x272938  in=31 out_ir=50 skipped=0 (0%) notes=0
[2026-05-08T14:44:29Z INFO  vmp] lift fn_002729b4 @ 0x2729b4  in=43 out_ir=64 skipped=1 (2%) notes=1
[2026-05-08T14:44:29Z INFO  vmp] lift fn_00272a60 @ 0x272a60  in=82 out_ir=119 skipped=0 (0%) notes=0
[2026-05-08T14:44:29Z INFO  vmp] lift fn_00272ba8 @ 0x272ba8  in=3 out_ir=3 skipped=1 (33%) notes=1
[2026-05-08T14:44:29Z INFO  vmp] lift fn_00272bb4 @ 0x272bb4  in=40 out_ir=60 skipped=1 (2%) notes=1
[2026-05-08T14:44:29Z INFO  vmp] lift fn_00272c54 @ 0x272c54  in=131 out_ir=181 skipped=0 (0%) notes=0
[2026-05-08T14:44:29Z INFO  vmp] lift fn_00272e60 @ 0x272e60  in=3 out_ir=3 skipped=1 (33%) notes=1
[2026-05-08T14:44:29Z INFO  vmp] lift fn_00272e6c @ 0x272e6c  in=34 out_ir=48 skipped=0 (0%) notes=0
[2026-05-08T14:44:29Z INFO  vmp] lift fn_00272ef4 @ 0x272ef4  in=26 out_ir=42 skipped=1 (3%) notes=1
[2026-05-08T14:44:29Z INFO  vmp] lift fn_00272f5c @ 0x272f5c  in=3 out_ir=3 skipped=1 (33%) notes=1
[2026-05-08T14:44:29Z INFO  vmp] lift fn_00272f68 @ 0x272f68  in=43 out_ir=63 skipped=1 (2%) notes=1
[2026-05-08T14:44:29Z INFO  vmp] lift fn_00273014 @ 0x273014  in=26 out_ir=42 skipped=1 (3%) notes=1
[2026-05-08T14:44:29Z INFO  vmp] lift fn_0027307c @ 0x27307c  in=3 out_ir=3 skipped=1 (33%) notes=1
[2026-05-08T14:44:29Z INFO  vmp] lift fn_00273088 @ 0x273088  in=48 out_ir=75 skipped=1 (2%) notes=1
[2026-05-08T14:44:29Z INFO  vmp] lift fn_00273148 @ 0x273148  in=30 out_ir=42 skipped=1 (3%) notes=1
[2026-05-08T14:44:29Z INFO  vmp] lift fn_002731c0 @ 0x2731c0  in=3 out_ir=3 skipped=1 (33%) notes=1
[2026-05-08T14:44:29Z INFO  vmp] lift fn_002731cc @ 0x2731cc  in=71 out_ir=98 skipped=0 (0%) notes=0
[2026-05-08T14:44:29Z INFO  vmp] lift fn_002732e8 @ 0x2732e8  in=72 out_ir=99 skipped=2 (2%) notes=2
[2026-05-08T14:44:29Z INFO  vmp] lift fn_00273408 @ 0x273408  in=3 out_ir=3 skipped=1 (33%) notes=1
[2026-05-08T14:44:29Z INFO  vmp] lift fn_00273414 @ 0x273414  in=36 out_ir=49 skipped=0 (0%) notes=0
[2026-05-08T14:44:29Z INFO  vmp] lift fn_002734a4 @ 0x2734a4  in=5 out_ir=5 skipped=1 (20%) notes=1
[2026-05-08T14:44:29Z INFO  vmp] lift fn_002734b8 @ 0x2734b8  in=3 out_ir=3 skipped=1 (33%) notes=1
[2026-05-08T14:44:29Z INFO  vmp] lift fn_002734c4 @ 0x2734c4  in=86 out_ir=120 skipped=0 (0%) notes=0
[2026-05-08T14:44:29Z INFO  vmp] lift fn_0027361c @ 0x27361c  in=3 out_ir=3 skipped=1 (33%) notes=1
[2026-05-08T14:44:29Z INFO  vmp] lift fn_00273628 @ 0x273628  in=216 out_ir=296 skipped=2 (0%) notes=2
[2026-05-08T14:44:29Z INFO  vmp] lift fn_00273988 @ 0x273988  in=63 out_ir=90 skipped=0 (0%) notes=0
[2026-05-08T14:44:29Z INFO  vmp] lift fn_00273a84 @ 0x273a84  in=3 out_ir=3 skipped=1 (33%) notes=1
[2026-05-08T14:44:29Z INFO  vmp] lift fn_00273a90 @ 0x273a90  in=140 out_ir=194 skipped=1 (0%) notes=1
[2026-05-08T14:44:29Z INFO  vmp] lift fn_00273cc0 @ 0x273cc0  in=3 out_ir=3 skipped=1 (33%) notes=1
[2026-05-08T14:44:29Z INFO  vmp] lift fn_00273ccc @ 0x273ccc  in=40 out_ir=60 skipped=3 (7%) notes=3
[2026-05-08T14:44:29Z INFO  vmp] lift fn_00273d6c @ 0x273d6c  in=59 out_ir=80 skipped=0 (0%) notes=0
[2026-05-08T14:44:29Z INFO  vmp] lift fn_00273e58 @ 0x273e58  in=3 out_ir=3 skipped=1 (33%) notes=1
[2026-05-08T14:44:29Z INFO  vmp] lift fn_00273e64 @ 0x273e64  in=481 out_ir=641 skipped=6 (1%) notes=6
[2026-05-08T14:44:29Z INFO  vmp] lift fn_002745e8 @ 0x2745e8  in=3 out_ir=3 skipped=1 (33%) notes=1
[2026-05-08T14:44:29Z INFO  vmp] lift fn_002745f4 @ 0x2745f4  in=110 out_ir=156 skipped=3 (2%) notes=3
[2026-05-08T14:44:29Z INFO  vmp] lift fn_002747ac @ 0x2747ac  in=3 out_ir=3 skipped=1 (33%) notes=1
[2026-05-08T14:44:29Z INFO  vmp] lift fn_002747b8 @ 0x2747b8  in=147 out_ir=202 skipped=3 (2%) notes=3
[2026-05-08T14:44:29Z INFO  vmp] lift fn_00274a04 @ 0x274a04  in=3 out_ir=3 skipped=1 (33%) notes=1
[2026-05-08T14:44:29Z INFO  vmp] lift fn_00274a10 @ 0x274a10  in=153 out_ir=209 skipped=3 (1%) notes=3
[2026-05-08T14:44:29Z INFO  vmp] lift fn_00274c74 @ 0x274c74  in=3 out_ir=3 skipped=1 (33%) notes=1
[2026-05-08T14:44:29Z INFO  vmp] lift fn_00274c80 @ 0x274c80  in=76 out_ir=109 skipped=1 (1%) notes=1
[2026-05-08T14:44:29Z INFO  vmp] lift fn_00274db0 @ 0x274db0  in=3 out_ir=3 skipped=1 (33%) notes=1
[2026-05-08T14:44:29Z INFO  vmp] lift fn_00274dbc @ 0x274dbc  in=130 out_ir=181 skipped=2 (1%) notes=2
[2026-05-08T14:44:29Z INFO  vmp] lift fn_00274fc4 @ 0x274fc4  in=3 out_ir=3 skipped=1 (33%) notes=1
[2026-05-08T14:44:29Z INFO  vmp] lift fn_00274fd0 @ 0x274fd0  in=189 out_ir=266 skipped=2 (1%) notes=2
[2026-05-08T14:44:29Z INFO  vmp] lift fn_002752c4 @ 0x2752c4  in=3 out_ir=3 skipped=1 (33%) notes=1
[2026-05-08T14:44:29Z INFO  vmp] lift fn_002752d0 @ 0x2752d0  in=71 out_ir=98 skipped=1 (1%) notes=1
[2026-05-08T14:44:29Z INFO  vmp] lift fn_002753ec @ 0x2753ec  in=3 out_ir=3 skipped=1 (33%) notes=1
[2026-05-08T14:44:29Z INFO  vmp] lift fn_002753f8 @ 0x2753f8  in=71 out_ir=98 skipped=1 (1%) notes=1
[2026-05-08T14:44:29Z INFO  vmp] lift fn_00275514 @ 0x275514  in=3 out_ir=3 skipped=1 (33%) notes=1
[2026-05-08T14:44:29Z INFO  vmp] lift fn_00275520 @ 0x275520  in=212 out_ir=308 skipped=1 (0%) notes=1
[2026-05-08T14:44:29Z INFO  vmp] lift fn_00275870 @ 0x275870  in=3 out_ir=3 skipped=1 (33%) notes=1
[2026-05-08T14:44:29Z INFO  vmp] lift fn_0027587c @ 0x27587c  in=194 out_ir=261 skipped=2 (1%) notes=2
[2026-05-08T14:44:29Z INFO  vmp] lift fn_00275b84 @ 0x275b84  in=3 out_ir=3 skipped=1 (33%) notes=1
[2026-05-08T14:44:29Z INFO  vmp] lift fn_00275b90 @ 0x275b90  in=94 out_ir=128 skipped=0 (0%) notes=0
[2026-05-08T14:44:29Z INFO  vmp] lift fn_00275d08 @ 0x275d08  in=3 out_ir=3 skipped=1 (33%) notes=1
[2026-05-08T14:44:29Z INFO  vmp] lift fn_00275d14 @ 0x275d14  in=3 out_ir=4 skipped=1 (33%) notes=1
[2026-05-08T14:44:29Z INFO  vmp] lift fn_00275d20 @ 0x275d20  in=3 out_ir=3 skipped=1 (33%) notes=1
[2026-05-08T14:44:29Z INFO  vmp] lift fn_00275d2c @ 0x275d2c  in=54 out_ir=79 skipped=1 (1%) notes=1
[2026-05-08T14:44:29Z INFO  vmp] lift fn_00275e04 @ 0x275e04  in=3 out_ir=3 skipped=1 (33%) notes=1
[2026-05-08T14:44:29Z INFO  vmp] lift fn_00275e10 @ 0x275e10  in=93 out_ir=134 skipped=0 (0%) notes=0
[2026-05-08T14:44:29Z INFO  vmp] lift fn_00275f84 @ 0x275f84  in=164 out_ir=236 skipped=3 (1%) notes=3
[2026-05-08T14:44:29Z INFO  vmp] lift fn_00276214 @ 0x276214  in=65 out_ir=92 skipped=2 (3%) notes=2
[2026-05-08T14:44:29Z INFO  vmp] lift fn_00276318 @ 0x276318  in=5 out_ir=5 skipped=1 (20%) notes=1
[2026-05-08T14:44:29Z INFO  vmp] lift fn_0027632c @ 0x27632c  in=3 out_ir=3 skipped=1 (33%) notes=1
[2026-05-08T14:44:29Z INFO  vmp] lift fn_00276338 @ 0x276338  in=221 out_ir=309 skipped=4 (1%) notes=4
[2026-05-08T14:44:29Z INFO  vmp] lift fn_002766ac @ 0x2766ac  in=37 out_ir=54 skipped=0 (0%) notes=0
[2026-05-08T14:44:29Z INFO  vmp] lift fn_00276740 @ 0x276740  in=3 out_ir=3 skipped=1 (33%) notes=1
[2026-05-08T14:44:29Z INFO  vmp] lift fn_0027674c @ 0x27674c  in=55 out_ir=78 skipped=1 (1%) notes=1
[2026-05-08T14:44:29Z INFO  vmp] lift fn_00276828 @ 0x276828  in=3 out_ir=3 skipped=1 (33%) notes=1
[2026-05-08T14:44:29Z INFO  vmp] lift fn_00276834 @ 0x276834  in=56 out_ir=82 skipped=1 (1%) notes=1
[2026-05-08T14:44:29Z INFO  vmp] lift fn_00276914 @ 0x276914  in=3 out_ir=3 skipped=1 (33%) notes=1
[2026-05-08T14:44:29Z INFO  vmp] lift fn_00276920 @ 0x276920  in=50 out_ir=74 skipped=1 (2%) notes=1
[2026-05-08T14:44:29Z INFO  vmp] lift fn_002769e8 @ 0x2769e8  in=5 out_ir=5 skipped=1 (20%) notes=1
[2026-05-08T14:44:29Z INFO  vmp] lift fn_002769fc @ 0x2769fc  in=3 out_ir=3 skipped=1 (33%) notes=1
[2026-05-08T14:44:29Z INFO  vmp] lift fn_00276a08 @ 0x276a08  in=68 out_ir=99 skipped=2 (2%) notes=2
[2026-05-08T14:44:29Z INFO  vmp] lift fn_00276b18 @ 0x276b18  in=109 out_ir=153 skipped=0 (0%) notes=0
[2026-05-08T14:44:29Z INFO  vmp] lift fn_00276ccc @ 0x276ccc  in=54 out_ir=81 skipped=1 (1%) notes=1
[2026-05-08T14:44:29Z INFO  vmp] lift fn_00276da4 @ 0x276da4  in=3 out_ir=3 skipped=1 (33%) notes=1
[2026-05-08T14:44:29Z INFO  vmp] lift fn_00276db0 @ 0x276db0  in=143 out_ir=192 skipped=7 (4%) notes=7
[2026-05-08T14:44:29Z INFO  vmp] lift fn_00276fec @ 0x276fec  in=10 out_ir=20 skipped=1 (10%) notes=1
[2026-05-08T14:44:29Z INFO  vmp] lift fn_00277014 @ 0x277014  in=3 out_ir=3 skipped=1 (33%) notes=1
[2026-05-08T14:44:29Z INFO  vmp] lift fn_00277020 @ 0x277020  in=22 out_ir=33 skipped=0 (0%) notes=0
[2026-05-08T14:44:29Z INFO  vmp] lift fn_00277078 @ 0x277078  in=85 out_ir=114 skipped=0 (0%) notes=0
[2026-05-08T14:44:29Z INFO  vmp] lift fn_002771cc @ 0x2771cc  in=5 out_ir=5 skipped=1 (20%) notes=1
[2026-05-08T14:44:29Z INFO  vmp] lift fn_002771e0 @ 0x2771e0  in=3 out_ir=3 skipped=1 (33%) notes=1
[2026-05-08T14:44:29Z INFO  vmp] lift fn_002771ec @ 0x2771ec  in=57 out_ir=85 skipped=0 (0%) notes=0
[2026-05-08T14:44:29Z INFO  vmp] lift fn_002772d0 @ 0x2772d0  in=3 out_ir=3 skipped=1 (33%) notes=1
[2026-05-08T14:44:29Z INFO  vmp] lift fn_002772dc @ 0x2772dc  in=41 out_ir=59 skipped=1 (2%) notes=1
[2026-05-08T14:44:29Z INFO  vmp] lift fn_00277380 @ 0x277380  in=48 out_ir=70 skipped=1 (2%) notes=1
[2026-05-08T14:44:29Z INFO  vmp] lift fn_00277440 @ 0x277440  in=66 out_ir=90 skipped=0 (0%) notes=0
[2026-05-08T14:44:29Z INFO  vmp] lift fn_00277548 @ 0x277548  in=3 out_ir=3 skipped=1 (33%) notes=1
[2026-05-08T14:44:29Z INFO  vmp] lift fn_00277554 @ 0x277554  in=64 out_ir=91 skipped=2 (3%) notes=2
[2026-05-08T14:44:29Z INFO  vmp] lift fn_00277654 @ 0x277654  in=5 out_ir=5 skipped=1 (20%) notes=1
[2026-05-08T14:44:29Z INFO  vmp] lift fn_00277668 @ 0x277668  in=3 out_ir=3 skipped=1 (33%) notes=1
[2026-05-08T14:44:29Z INFO  vmp] lift fn_00277674 @ 0x277674  in=70 out_ir=96 skipped=2 (2%) notes=2
[2026-05-08T14:44:29Z INFO  vmp] lift fn_0027778c @ 0x27778c  in=5 out_ir=5 skipped=1 (20%) notes=1
[2026-05-08T14:44:29Z INFO  vmp] lift fn_002777a0 @ 0x2777a0  in=3 out_ir=3 skipped=1 (33%) notes=1
[2026-05-08T14:44:29Z INFO  vmp] lift fn_002777ac @ 0x2777ac  in=65 out_ir=92 skipped=2 (3%) notes=2
[2026-05-08T14:44:29Z INFO  vmp] lift fn_002778b0 @ 0x2778b0  in=5 out_ir=5 skipped=1 (20%) notes=1
[2026-05-08T14:44:29Z INFO  vmp] lift fn_002778c4 @ 0x2778c4  in=3 out_ir=3 skipped=1 (33%) notes=1
[2026-05-08T14:44:29Z INFO  vmp] lift fn_002778d0 @ 0x2778d0  in=44 out_ir=73 skipped=2 (4%) notes=2
[2026-05-08T14:44:29Z INFO  vmp] lift fn_00277980 @ 0x277980  in=43 out_ir=64 skipped=1 (2%) notes=1
[2026-05-08T14:44:29Z INFO  vmp] lift fn_00277a2c @ 0x277a2c  in=42 out_ir=65 skipped=1 (2%) notes=1
[2026-05-08T14:44:29Z INFO  vmp] lift fn_00277ad4 @ 0x277ad4  in=65 out_ir=92 skipped=2 (3%) notes=2
[2026-05-08T14:44:29Z INFO  vmp] lift fn_00277bd8 @ 0x277bd8  in=3 out_ir=3 skipped=1 (33%) notes=1
[2026-05-08T14:44:29Z INFO  vmp] lift fn_00277be4 @ 0x277be4  in=27 out_ir=41 skipped=3 (11%) notes=3
[2026-05-08T14:44:29Z INFO  vmp] lift fn_00277c50 @ 0x277c50  in=27 out_ir=40 skipped=2 (7%) notes=2
[2026-05-08T14:44:29Z INFO  vmp] lift fn_00277cbc @ 0x277cbc  in=27 out_ir=39 skipped=4 (14%) notes=4
[2026-05-08T14:44:29Z INFO  vmp] lift fn_00277d28 @ 0x277d28  in=19 out_ir=27 skipped=1 (5%) notes=1
[2026-05-08T14:44:29Z INFO  vmp] lift fn_00277d74 @ 0x277d74  in=19 out_ir=27 skipped=1 (5%) notes=1
[2026-05-08T14:44:29Z INFO  vmp] lift fn_00277dc0 @ 0x277dc0  in=19 out_ir=27 skipped=1 (5%) notes=1
[2026-05-08T14:44:29Z INFO  vmp] lift fn_00277e0c @ 0x277e0c  in=3 out_ir=3 skipped=1 (33%) notes=1
[2026-05-08T14:44:29Z INFO  vmp] lift fn_00277e18 @ 0x277e18  in=60 out_ir=86 skipped=0 (0%) notes=0
[2026-05-08T14:44:29Z INFO  vmp] lift fn_00277f08 @ 0x277f08  in=3 out_ir=3 skipped=1 (33%) notes=1
[2026-05-08T14:44:29Z INFO  vmp] lift fn_00277f14 @ 0x277f14  in=45 out_ir=64 skipped=2 (4%) notes=2
[2026-05-08T14:44:29Z INFO  vmp] lift fn_00277fc8 @ 0x277fc8  in=5 out_ir=5 skipped=1 (20%) notes=1
[2026-05-08T14:44:29Z INFO  vmp] lift fn_00277fdc @ 0x277fdc  in=3 out_ir=3 skipped=1 (33%) notes=1
[2026-05-08T14:44:29Z INFO  vmp] lift fn_00277fe8 @ 0x277fe8  in=3 out_ir=4 skipped=1 (33%) notes=1
[2026-05-08T14:44:29Z INFO  vmp] lift fn_00277ff4 @ 0x277ff4  in=3 out_ir=3 skipped=1 (33%) notes=1
[2026-05-08T14:44:29Z INFO  vmp] lift fn_00278000 @ 0x278000  in=26 out_ir=42 skipped=1 (3%) notes=1
[2026-05-08T14:44:29Z INFO  vmp] lift fn_00278068 @ 0x278068  in=3 out_ir=3 skipped=1 (33%) notes=1
[2026-05-08T14:44:29Z INFO  vmp] lift fn_00278074 @ 0x278074  in=60 out_ir=88 skipped=0 (0%) notes=0
[2026-05-08T14:44:29Z INFO  vmp] lift fn_00278164 @ 0x278164  in=3 out_ir=3 skipped=1 (33%) notes=1
[2026-05-08T14:44:29Z INFO  vmp] lift fn_00278170 @ 0x278170  in=54 out_ir=79 skipped=1 (1%) notes=1
[2026-05-08T14:44:29Z INFO  vmp] lift fn_00278248 @ 0x278248  in=3 out_ir=3 skipped=1 (33%) notes=1
[2026-05-08T14:44:29Z INFO  vmp] lift fn_00278254 @ 0x278254  in=3 out_ir=3 skipped=1 (33%) notes=1
[2026-05-08T14:44:29Z INFO  vmp] lift fn_00278260 @ 0x278260  in=3 out_ir=3 skipped=1 (33%) notes=1
[2026-05-08T14:44:29Z INFO  vmp] lift fn_0027826c @ 0x27826c  in=68 out_ir=103 skipped=2 (2%) notes=2
[2026-05-08T14:44:29Z INFO  vmp] lift fn_0027837c @ 0x27837c  in=255 out_ir=348 skipped=2 (0%) notes=2
[2026-05-08T14:44:29Z INFO  vmp] lift fn_00278778 @ 0x278778  in=3 out_ir=3 skipped=1 (33%) notes=1
[2026-05-08T14:44:29Z INFO  vmp] lift fn_00278784 @ 0x278784  in=91 out_ir=122 skipped=1 (1%) notes=1
[2026-05-08T14:44:29Z INFO  vmp] lift fn_002788f0 @ 0x2788f0  in=3 out_ir=3 skipped=1 (33%) notes=1
[2026-05-08T14:44:29Z INFO  vmp] lift fn_002788fc @ 0x2788fc  in=360 out_ir=495 skipped=4 (1%) notes=4
[2026-05-08T14:44:29Z INFO  vmp] lift fn_00278e9c @ 0x278e9c  in=246 out_ir=366 skipped=7 (2%) notes=7
[2026-05-08T14:44:29Z INFO  vmp] lift fn_00279274 @ 0x279274  in=43 out_ir=64 skipped=1 (2%) notes=1
[2026-05-08T14:44:29Z INFO  vmp] lift fn_00279320 @ 0x279320  in=43 out_ir=64 skipped=1 (2%) notes=1
[2026-05-08T14:44:29Z INFO  vmp] lift fn_002793cc @ 0x2793cc  in=43 out_ir=64 skipped=1 (2%) notes=1
[2026-05-08T14:44:29Z INFO  vmp] lift fn_00279478 @ 0x279478  in=43 out_ir=64 skipped=1 (2%) notes=1
[2026-05-08T14:44:29Z INFO  vmp] lift fn_00279524 @ 0x279524  in=43 out_ir=64 skipped=1 (2%) notes=1
[2026-05-08T14:44:29Z INFO  vmp] lift fn_002795d0 @ 0x2795d0  in=43 out_ir=64 skipped=1 (2%) notes=1
[2026-05-08T14:44:29Z INFO  vmp] lift fn_0027967c @ 0x27967c  in=43 out_ir=64 skipped=1 (2%) notes=1
[2026-05-08T14:44:29Z INFO  vmp] lift fn_00279728 @ 0x279728  in=43 out_ir=65 skipped=3 (6%) notes=3
[2026-05-08T14:44:29Z INFO  vmp] lift fn_002797d4 @ 0x2797d4  in=40 out_ir=60 skipped=1 (2%) notes=1
[2026-05-08T14:44:29Z INFO  vmp] lift fn_00279874 @ 0x279874  in=43 out_ir=64 skipped=1 (2%) notes=1
[2026-05-08T14:44:29Z INFO  vmp] lift fn_00279920 @ 0x279920  in=43 out_ir=64 skipped=1 (2%) notes=1
[2026-05-08T14:44:29Z INFO  vmp] lift fn_002799cc @ 0x2799cc  in=43 out_ir=64 skipped=1 (2%) notes=1
[2026-05-08T14:44:29Z INFO  vmp] lift fn_00279a78 @ 0x279a78  in=43 out_ir=64 skipped=1 (2%) notes=1
[2026-05-08T14:44:29Z INFO  vmp] lift fn_00279b24 @ 0x279b24  in=43 out_ir=65 skipped=1 (2%) notes=1
[2026-05-08T14:44:29Z INFO  vmp] lift fn_00279bd0 @ 0x279bd0  in=43 out_ir=65 skipped=3 (6%) notes=3
[2026-05-08T14:44:29Z INFO  vmp] lift fn_00279c7c @ 0x279c7c  in=173 out_ir=252 skipped=3 (1%) notes=3
[2026-05-08T14:44:29Z INFO  vmp] lift fn_00279f30 @ 0x279f30  in=83 out_ir=119 skipped=1 (1%) notes=1
[2026-05-08T14:44:29Z INFO  vmp] lift fn_0027a07c @ 0x27a07c  in=43 out_ir=64 skipped=2 (4%) notes=2
[2026-05-08T14:44:29Z INFO  vmp] lift fn_0027a128 @ 0x27a128  in=47 out_ir=70 skipped=2 (4%) notes=2
[2026-05-08T14:44:29Z INFO  vmp] lift fn_0027a1e4 @ 0x27a1e4  in=44 out_ir=66 skipped=1 (2%) notes=1
[2026-05-08T14:44:29Z INFO  vmp] lift fn_0027a294 @ 0x27a294  in=44 out_ir=66 skipped=1 (2%) notes=1
[2026-05-08T14:44:29Z INFO  vmp] lift fn_0027a344 @ 0x27a344  in=156 out_ir=227 skipped=3 (1%) notes=3
[2026-05-08T14:44:29Z INFO  vmp] lift fn_0027a5b4 @ 0x27a5b4  in=3 out_ir=3 skipped=1 (33%) notes=1
[2026-05-08T14:44:29Z INFO  vmp] lift fn_0027a5c0 @ 0x27a5c0  in=82 out_ir=119 skipped=0 (0%) notes=0
[2026-05-08T14:44:29Z INFO  vmp] lift fn_0027a708 @ 0x27a708  in=3 out_ir=3 skipped=1 (33%) notes=1
[2026-05-08T14:44:29Z INFO  vmp] lift fn_0027a714 @ 0x27a714  in=3 out_ir=3 skipped=1 (33%) notes=1
[2026-05-08T14:44:29Z INFO  vmp] lift fn_0027a720 @ 0x27a720  in=3 out_ir=3 skipped=1 (33%) notes=1
[2026-05-08T14:44:29Z INFO  vmp] lift fn_0027a72c @ 0x27a72c  in=33 out_ir=48 skipped=0 (0%) notes=0
[2026-05-08T14:44:29Z INFO  vmp] lift fn_0027a7b0 @ 0x27a7b0  in=229 out_ir=318 skipped=1 (0%) notes=1
[2026-05-08T14:44:29Z INFO  vmp] lift fn_0027ab44 @ 0x27ab44  in=3 out_ir=3 skipped=1 (33%) notes=1
[2026-05-08T14:44:29Z INFO  vmp] lift fn_0027ab50 @ 0x27ab50  in=91 out_ir=122 skipped=1 (1%) notes=1
[2026-05-08T14:44:29Z INFO  vmp] lift fn_0027acbc @ 0x27acbc  in=3 out_ir=3 skipped=1 (33%) notes=1
[2026-05-08T14:44:29Z INFO  vmp] lift fn_0027acc8 @ 0x27acc8  in=91 out_ir=126 skipped=2 (2%) notes=2
[2026-05-08T14:44:29Z INFO  vmp] lift fn_0027ae34 @ 0x27ae34  in=3 out_ir=3 skipped=1 (33%) notes=1
[2026-05-08T14:44:29Z INFO  vmp] lift fn_0027ae40 @ 0x27ae40  in=12 out_ir=18 skipped=3 (25%) notes=3
[2026-05-08T14:44:29Z INFO  vmp] lift fn_0027ae70 @ 0x27ae70  in=12 out_ir=17 skipped=2 (16%) notes=2
[2026-05-08T14:44:29Z INFO  vmp] lift fn_0027aea0 @ 0x27aea0  in=12 out_ir=16 skipped=4 (33%) notes=4
[2026-05-08T14:44:29Z INFO  vmp] lift fn_0027aed0 @ 0x27aed0  in=94 out_ir=132 skipped=0 (0%) notes=0
[2026-05-08T14:44:29Z INFO  vmp] lift fn_0027b048 @ 0x27b048  in=5 out_ir=5 skipped=1 (20%) notes=1
[2026-05-08T14:44:29Z INFO  vmp] lift fn_0027b05c @ 0x27b05c  in=3 out_ir=3 skipped=1 (33%) notes=1
[2026-05-08T14:44:29Z INFO  vmp] lift fn_0027b068 @ 0x27b068  in=91 out_ir=124 skipped=1 (1%) notes=1
[2026-05-08T14:44:29Z INFO  vmp] lift fn_0027b1d4 @ 0x27b1d4  in=3 out_ir=3 skipped=1 (33%) notes=1
[2026-05-08T14:44:29Z INFO  vmp] lift fn_0027b1e0 @ 0x27b1e0  in=54 out_ir=79 skipped=1 (1%) notes=1
[2026-05-08T14:44:29Z INFO  vmp] lift fn_0027b2b8 @ 0x27b2b8  in=3 out_ir=3 skipped=1 (33%) notes=1
[2026-05-08T14:44:29Z INFO  vmp] lift fn_0027b2c4 @ 0x27b2c4  in=184 out_ir=257 skipped=3 (1%) notes=3
[2026-05-08T14:44:29Z INFO  vmp] lift fn_0027b5a4 @ 0x27b5a4  in=3 out_ir=3 skipped=1 (33%) notes=1
[2026-05-08T14:44:29Z INFO  vmp] lift fn_0027b5b0 @ 0x27b5b0  in=41 out_ir=55 skipped=0 (0%) notes=0
[2026-05-08T14:44:29Z INFO  vmp] lift fn_0027b654 @ 0x27b654  in=3 out_ir=3 skipped=1 (33%) notes=1
[2026-05-08T14:44:29Z INFO  vmp] lift fn_0027b660 @ 0x27b660  in=40 out_ir=60 skipped=1 (2%) notes=1
[2026-05-08T14:44:29Z INFO  vmp] lift fn_0027b700 @ 0x27b700  in=42 out_ir=65 skipped=1 (2%) notes=1
[2026-05-08T14:44:29Z INFO  vmp] lift fn_0027b7a8 @ 0x27b7a8  in=72 out_ir=99 skipped=2 (2%) notes=2
[2026-05-08T14:44:29Z INFO  vmp] lift fn_0027b8c8 @ 0x27b8c8  in=3 out_ir=3 skipped=1 (33%) notes=1
[2026-05-08T14:44:29Z INFO  vmp] lift fn_0027b8d4 @ 0x27b8d4  in=85 out_ir=126 skipped=2 (2%) notes=2
[2026-05-08T14:44:29Z INFO  vmp] lift fn_0027ba28 @ 0x27ba28  in=3 out_ir=3 skipped=1 (33%) notes=1
[2026-05-08T14:44:29Z INFO  vmp] lift fn_0027ba34 @ 0x27ba34  in=41 out_ir=65 skipped=1 (2%) notes=1
[2026-05-08T14:44:29Z INFO  vmp] lift fn_0027bad8 @ 0x27bad8  in=3 out_ir=3 skipped=1 (33%) notes=1
[2026-05-08T14:44:29Z INFO  vmp] lift fn_0027bae4 @ 0x27bae4  in=3 out_ir=3 skipped=1 (33%) notes=1
[2026-05-08T14:44:29Z INFO  vmp] lift fn_0027baf0 @ 0x27baf0  in=5 out_ir=5 skipped=1 (20%) notes=1
[2026-05-08T14:44:29Z INFO  vmp] lift fn_0027bb04 @ 0x27bb04  in=105 out_ir=147 skipped=2 (1%) notes=2
[2026-05-08T14:44:29Z INFO  vmp] lift fn_0027bca8 @ 0x27bca8  in=494 out_ir=720 skipped=0 (0%) notes=0
[2026-05-08T14:44:29Z INFO  vmp] lift fn_0027c460 @ 0x27c460  in=3 out_ir=3 skipped=1 (33%) notes=1
[2026-05-08T14:44:29Z INFO  vmp] lift fn_0027c46c @ 0x27c46c  in=45 out_ir=69 skipped=2 (4%) notes=2
[2026-05-08T14:44:29Z INFO  vmp] lift fn_0027c520 @ 0x27c520  in=12 out_ir=18 skipped=3 (25%) notes=3
[2026-05-08T14:44:29Z INFO  vmp] lift fn_0027c550 @ 0x27c550  in=112 out_ir=155 skipped=4 (3%) notes=4
[2026-05-08T14:44:29Z INFO  vmp] lift fn_0027c710 @ 0x27c710  in=57 out_ir=86 skipped=3 (5%) notes=3
[2026-05-08T14:44:29Z INFO  vmp] lift fn_0027c7f4 @ 0x27c7f4  in=3 out_ir=3 skipped=1 (33%) notes=1
[2026-05-08T14:44:29Z INFO  vmp] lift fn_0027c800 @ 0x27c800  in=76 out_ir=106 skipped=1 (1%) notes=1
[2026-05-08T14:44:29Z INFO  vmp] lift fn_0027c930 @ 0x27c930  in=3 out_ir=3 skipped=1 (33%) notes=1
[2026-05-08T14:44:29Z INFO  vmp] lift fn_0027c93c @ 0x27c93c  in=12 out_ir=18 skipped=3 (25%) notes=3
[2026-05-08T14:44:29Z INFO  vmp] lift fn_0027c96c @ 0x27c96c  in=204 out_ir=293 skipped=4 (1%) notes=4
[2026-05-08T14:44:29Z INFO  vmp] lift fn_0027cc9c @ 0x27cc9c  in=85 out_ir=142 skipped=4 (4%) notes=4
[2026-05-08T14:44:29Z INFO  vmp] lift fn_0027cdf0 @ 0x27cdf0  in=3 out_ir=3 skipped=1 (33%) notes=1
[2026-05-08T14:44:29Z INFO  vmp] lift fn_0027cdfc @ 0x27cdfc  in=12 out_ir=18 skipped=3 (25%) notes=3
[2026-05-08T14:44:29Z INFO  vmp] lift fn_0027ce2c @ 0x27ce2c  in=134 out_ir=191 skipped=3 (2%) notes=3
[2026-05-08T14:44:29Z INFO  vmp] lift fn_0027d044 @ 0x27d044  in=70 out_ir=104 skipped=3 (4%) notes=3
[2026-05-08T14:44:29Z INFO  vmp] lift fn_0027d15c @ 0x27d15c  in=2 out_ir=2 skipped=1 (50%) notes=1
[2026-05-08T14:44:29Z INFO  vmp] lift fn_0027d164 @ 0x27d164  in=3 out_ir=3 skipped=1 (33%) notes=1
[2026-05-08T14:44:29Z INFO  vmp] lift fn_0027d170 @ 0x27d170  in=106 out_ir=146 skipped=1 (0%) notes=1
[2026-05-08T14:44:29Z INFO  vmp] lift fn_0027d318 @ 0x27d318  in=2 out_ir=2 skipped=1 (50%) notes=1
[2026-05-08T14:44:29Z INFO  vmp] lift fn_0027d320 @ 0x27d320  in=2 out_ir=2 skipped=1 (50%) notes=1
[2026-05-08T14:44:29Z INFO  vmp] lift fn_0027d328 @ 0x27d328  in=3 out_ir=3 skipped=1 (33%) notes=1
[2026-05-08T14:44:29Z INFO  vmp] lift fn_0027d334 @ 0x27d334  in=9 out_ir=20 skipped=2 (22%) notes=2
[2026-05-08T14:44:29Z INFO  vmp] lift fn_0027d358 @ 0x27d358  in=20 out_ir=34 skipped=0 (0%) notes=0
[2026-05-08T14:44:29Z INFO  vmp] lift fn_0027d3a8 @ 0x27d3a8  in=39 out_ir=61 skipped=4 (10%) notes=4
[2026-05-08T14:44:29Z INFO  vmp] lift fn_0027d444 @ 0x27d444  in=9 out_ir=17 skipped=0 (0%) notes=0
[2026-05-08T14:44:29Z INFO  vmp] lift fn_0027d468 @ 0x27d468  in=28 out_ir=51 skipped=0 (0%) notes=0
[2026-05-08T14:44:29Z INFO  vmp] lift fn_0027d4d8 @ 0x27d4d8  in=26 out_ir=41 skipped=2 (7%) notes=2
[2026-05-08T14:44:29Z INFO  vmp] lift fn_0027d540 @ 0x27d540  in=23 out_ir=30 skipped=0 (0%) notes=0
[2026-05-08T14:44:29Z INFO  vmp] lift fn_0027d59c @ 0x27d59c  in=9 out_ir=14 skipped=0 (0%) notes=0
[2026-05-08T14:44:29Z INFO  vmp] lift fn_0027d5c0 @ 0x27d5c0  in=19 out_ir=32 skipped=0 (0%) notes=0
[2026-05-08T14:44:29Z INFO  vmp] lift fn_0027d60c @ 0x27d60c  in=98 out_ir=134 skipped=0 (0%) notes=0
[2026-05-08T14:44:29Z INFO  vmp] lift fn_0027d794 @ 0x27d794  in=11 out_ir=12 skipped=1 (9%) notes=1
[2026-05-08T14:44:29Z INFO  vmp] lift fn_0027d7c0 @ 0x27d7c0  in=65 out_ir=88 skipped=2 (3%) notes=2
[2026-05-08T14:44:29Z INFO  vmp] lift fn_0027d8c4 @ 0x27d8c4  in=359 out_ir=513 skipped=28 (7%) notes=28
[2026-05-08T14:44:29Z INFO  vmp] lift fn_0027de60 @ 0x27de60  in=12 out_ir=19 skipped=1 (8%) notes=1
[2026-05-08T14:44:29Z INFO  vmp] lift fn_0027de90 @ 0x27de90  in=106 out_ir=165 skipped=13 (12%) notes=13
[2026-05-08T14:44:29Z INFO  vmp] lift fn_0027e038 @ 0x27e038  in=69 out_ir=107 skipped=3 (4%) notes=3
[2026-05-08T14:44:29Z INFO  vmp] lift fn_0027e14c @ 0x27e14c  in=123 out_ir=179 skipped=2 (1%) notes=2
[2026-05-08T14:44:29Z INFO  vmp] lift fn_0027e338 @ 0x27e338  in=15 out_ir=19 skipped=1 (6%) notes=1
[2026-05-08T14:44:29Z INFO  vmp] lift fn_0027e374 @ 0x27e374  in=35 out_ir=57 skipped=2 (5%) notes=2
[2026-05-08T14:44:29Z INFO  vmp] lift fn_0027e400 @ 0x27e400  in=11 out_ir=14 skipped=1 (9%) notes=1
[2026-05-08T14:44:29Z INFO  vmp] lift fn_0027e42c @ 0x27e42c  in=38 out_ir=52 skipped=1 (2%) notes=1
[2026-05-08T14:44:29Z INFO  vmp] lift fn_0027e4c4 @ 0x27e4c4  in=123 out_ir=191 skipped=27 (21%) notes=27
[2026-05-08T14:44:29Z INFO  vmp] lift fn_0027e6b0 @ 0x27e6b0  in=36 out_ir=51 skipped=2 (5%) notes=2
[2026-05-08T14:44:29Z INFO  vmp] lift fn_0027e740 @ 0x27e740  in=12 out_ir=15 skipped=1 (8%) notes=1
[2026-05-08T14:44:29Z INFO  vmp] lift fn_0027e770 @ 0x27e770  in=12 out_ir=15 skipped=1 (8%) notes=1
[2026-05-08T14:44:29Z INFO  vmp] lift fn_0027e7a0 @ 0x27e7a0  in=62 out_ir=106 skipped=2 (3%) notes=2
[2026-05-08T14:44:29Z INFO  vmp] lift fn_0027e898 @ 0x27e898  in=150 out_ir=206 skipped=5 (3%) notes=5
[2026-05-08T14:44:29Z INFO  vmp] lift fn_0027eaf0 @ 0x27eaf0  in=33 out_ir=50 skipped=0 (0%) notes=0
[2026-05-08T14:44:29Z INFO  vmp] lift fn_0027eb74 @ 0x27eb74  in=85 out_ir=116 skipped=2 (2%) notes=2
[2026-05-08T14:44:29Z INFO  vmp] lift fn_0027ecc8 @ 0x27ecc8  in=13 out_ir=21 skipped=0 (0%) notes=0
[2026-05-08T14:44:29Z INFO  vmp] lift fn_0027ecfc @ 0x27ecfc  in=13 out_ir=21 skipped=0 (0%) notes=0
[2026-05-08T14:44:29Z INFO  vmp] lift fn_0027ed30 @ 0x27ed30  in=2 out_ir=2 skipped=1 (50%) notes=1
[2026-05-08T14:44:29Z INFO  vmp] lift fn_0027ed38 @ 0x27ed38  in=12 out_ir=18 skipped=0 (0%) notes=0
[2026-05-08T14:44:29Z INFO  vmp] lift fn_0027ed68 @ 0x27ed68  in=4 out_ir=4 skipped=1 (25%) notes=1
[2026-05-08T14:44:29Z INFO  vmp] lift fn_0027ed78 @ 0x27ed78  in=4 out_ir=4 skipped=1 (25%) notes=1
[2026-05-08T14:44:29Z INFO  vmp] lift fn_0027ed88 @ 0x27ed88  in=4 out_ir=4 skipped=1 (25%) notes=1
[2026-05-08T14:44:29Z INFO  vmp] lift fn_0027ed98 @ 0x27ed98  in=42 out_ir=74 skipped=2 (4%) notes=2
[2026-05-08T14:44:29Z INFO  vmp] lift fn_0027ee40 @ 0x27ee40  in=31 out_ir=46 skipped=0 (0%) notes=0
[2026-05-08T14:44:29Z INFO  vmp] lift fn_0027eebc @ 0x27eebc  in=59 out_ir=76 skipped=0 (0%) notes=0
[2026-05-08T14:44:29Z INFO  vmp] lift fn_0027efa8 @ 0x27efa8  in=5 out_ir=5 skipped=1 (20%) notes=1
[2026-05-08T14:44:29Z INFO  vmp] lift fn_0027efbc @ 0x27efbc  in=5 out_ir=5 skipped=1 (20%) notes=1
[2026-05-08T14:44:29Z INFO  vmp] lift fn_0027efd0 @ 0x27efd0  in=16 out_ir=25 skipped=1 (6%) notes=1
[2026-05-08T14:44:29Z INFO  vmp] lift fn_0027f010 @ 0x27f010  in=102 out_ir=145 skipped=2 (1%) notes=2
[2026-05-08T14:44:29Z INFO  vmp] lift fn_0027f1a8 @ 0x27f1a8  in=178 out_ir=257 skipped=9 (5%) notes=9
[2026-05-08T14:44:29Z INFO  vmp] lift fn_0027f470 @ 0x27f470  in=2 out_ir=2 skipped=1 (50%) notes=1
[2026-05-08T14:44:29Z INFO  vmp] lift fn_0027f478 @ 0x27f478  in=2 out_ir=2 skipped=1 (50%) notes=1
[2026-05-08T14:44:29Z INFO  vmp] lift fn_0027f480 @ 0x27f480  in=17 out_ir=28 skipped=2 (11%) notes=2
[2026-05-08T14:44:29Z INFO  vmp] lift fn_0027f4c4 @ 0x27f4c4  in=58 out_ir=97 skipped=1 (1%) notes=1
[2026-05-08T14:44:29Z INFO  vmp] lift fn_0027f5ac @ 0x27f5ac  in=52 out_ir=88 skipped=1 (1%) notes=1
[2026-05-08T14:44:29Z INFO  vmp] lift fn_0027f67c @ 0x27f67c  in=5 out_ir=8 skipped=2 (40%) notes=2
[2026-05-08T14:44:29Z INFO  vmp] lift fn_0027f690 @ 0x27f690  in=4 out_ir=6 skipped=1 (25%) notes=1
[2026-05-08T14:44:29Z INFO  vmp] lift fn_0027f6a0 @ 0x27f6a0  in=4 out_ir=6 skipped=1 (25%) notes=1
[2026-05-08T14:44:29Z INFO  vmp] lift fn_0027f6b0 @ 0x27f6b0  in=71 out_ir=109 skipped=1 (1%) notes=1
[2026-05-08T14:44:29Z INFO  vmp] lift fn_0027f7cc @ 0x27f7cc  in=18 out_ir=24 skipped=5 (27%) notes=5
[2026-05-08T14:44:29Z INFO  vmp] lift fn_0027f814 @ 0x27f814  in=3 out_ir=4 skipped=1 (33%) notes=1
[2026-05-08T14:44:29Z INFO  vmp] lift fn_0027f820 @ 0x27f820  in=3 out_ir=3 skipped=1 (33%) notes=1
[2026-05-08T14:44:29Z INFO  vmp] lift fn_0027f82c @ 0x27f82c  in=11 out_ir=18 skipped=0 (0%) notes=0
[2026-05-08T14:44:29Z INFO  vmp] lift fn_0027f858 @ 0x27f858  in=145 out_ir=191 skipped=3 (2%) notes=3
[2026-05-08T14:44:29Z INFO  vmp] lift fn_0027fa9c @ 0x27fa9c  in=3 out_ir=3 skipped=1 (33%) notes=1
[2026-05-08T14:44:29Z INFO  vmp] lift fn_0027faa8 @ 0x27faa8  in=3 out_ir=4 skipped=1 (33%) notes=1
[2026-05-08T14:44:29Z INFO  vmp] lift fn_0027fab4 @ 0x27fab4  in=300 out_ir=446 skipped=19 (6%) notes=19
[2026-05-08T14:44:29Z INFO  vmp] lift fn_0027ff64 @ 0x27ff64  in=694 out_ir=964 skipped=73 (10%) notes=73
[2026-05-08T14:44:29Z INFO  vmp] lift fn_00280a3c @ 0x280a3c  in=77 out_ir=118 skipped=1 (1%) notes=1
[2026-05-08T14:44:29Z INFO  vmp] lift fn_00280b70 @ 0x280b70  in=132 out_ir=222 skipped=0 (0%) notes=0
[2026-05-08T14:44:29Z INFO  vmp] lift fn_00280d80 @ 0x280d80  in=227 out_ir=342 skipped=13 (5%) notes=13
[2026-05-08T14:44:29Z INFO  vmp] lift fn_0028110c @ 0x28110c  in=114 out_ir=173 skipped=1 (0%) notes=1
[2026-05-08T14:44:29Z INFO  vmp] lift fn_002812d4 @ 0x2812d4  in=625 out_ir=861 skipped=92 (14%) notes=92
[2026-05-08T14:44:29Z INFO  vmp] lift fn_00281c98 @ 0x281c98  in=181 out_ir=249 skipped=5 (2%) notes=5
[2026-05-08T14:44:29Z INFO  vmp] lift fn_00281f6c @ 0x281f6c  in=79 out_ir=115 skipped=1 (1%) notes=1
[2026-05-08T14:44:29Z INFO  vmp] lift fn_002820a8 @ 0x2820a8  in=72 out_ir=103 skipped=0 (0%) notes=0
[2026-05-08T14:44:29Z INFO  vmp] lift fn_002821c8 @ 0x2821c8  in=114 out_ir=156 skipped=3 (2%) notes=3
[2026-05-08T14:44:29Z INFO  vmp] lift fn_00282390 @ 0x282390  in=90 out_ir=122 skipped=0 (0%) notes=0
[2026-05-08T14:44:29Z INFO  vmp] lift fn_002824f8 @ 0x2824f8  in=63 out_ir=102 skipped=0 (0%) notes=0
[2026-05-08T14:44:29Z INFO  vmp] lift fn_002825f4 @ 0x2825f4  in=97 out_ir=168 skipped=6 (6%) notes=6
[2026-05-08T14:44:29Z INFO  vmp] lift fn_00282778 @ 0x282778  in=27 out_ir=40 skipped=0 (0%) notes=0
[2026-05-08T14:44:29Z INFO  vmp] lift fn_002827e4 @ 0x2827e4  in=2 out_ir=2 skipped=1 (50%) notes=1
[2026-05-08T14:44:29Z INFO  vmp] lift fn_002827ec @ 0x2827ec  in=36 out_ir=52 skipped=0 (0%) notes=0
[2026-05-08T14:44:29Z INFO  vmp] branch resolve: intra=66979 cross_region=16848 unresolved=4234
[2026-05-08T14:44:29Z INFO  vmp] expand_arith: arith_rewritten=17268 consts_split=34596
[2026-05-08T14:44:29Z INFO  vmp] entry region = 0 (fn_000fae14)
[2026-05-08T14:44:29Z INFO  vmp] data segments: 2 段，共 126264 字节
[2026-05-08T14:44:29Z INFO  vmp] 保护完成：3314 regions / 字节码池 4951764 字节 / blob 5145297 字节 → /tmp/qvmp-harden.u4XcBQ/imgui-target.qvmp
